Nama Fail,Baris,Nama Produk,Item ID,Member ID Match,Status API,Mesej API,Status Akhir,Pautan Ditemui,Pautan Sebenar (Resolved)
data_promo_list_01.xlsx,2,Rotatable Backrest Makeup Stool,14931804670,TIDAK,API_ERROR,Kod API: InvalidApiPath - The specified API Path is invalid,⚠️ PERLU SEMAKAN (Ralat API),https://s.lazada.com.my/s.ZdbZ5j?c=d&t=p-iGIWKVC-s2G5SZLm,https://s.lazada.com.my/s.ZdbZ5j?c=d&t=p-iGIWKVC-s2G5SZLm
data_promo_list_01.xlsx,3,"Estee Lauder Revitalizing Supreme+ Night Power Bounce Creme Moisturizer  • Refillable | Facial Moisturizer, Anti-aging Overnight Collagen Repair Lifting Firming Reduce Lines Wrinkles | Skincare all skin types, Sensitive | 50ml 75ml",2962745299,TIDAK,API_ERROR,Kod API: InvalidApiPath - The specified API Path is invalid,⚠️ PERLU SEMAKAN (Ralat API),https://s.lazada.com.my/s.ZdbZ5Q?c=c&t=p-i3EVNOV-sOMCbaK,https://s.lazada.com.my/s.ZdbZ5Q?c=c&t=p-i3EVNOV-sOMCbaK
data_promo_list_01.xlsx,4,Catuobey | Cute Princess Design Kids Makeup Set for Girls,14936692494,TIDAK,API_ERROR,Kod API: InvalidApiPath - The specified API Path is invalid,⚠️ PERLU SEMAKAN (Ralat API),https://s.lazada.com.my/s.ZdbZ59?c=c&t=p-iGIqq34-s2G7llO4,https://s.lazada.com.my/s.ZdbZ59?c=c&t=p-iGIqq34-s2G7llO4
data_promo_list_01.xlsx,5,PALONG | Washable Princess Makeup Set,14958768297,TIDAK,API_ERROR,Kod API: InvalidApiPath - The specified API Path is invalid,⚠️ PERLU SEMAKAN (Ralat API),https://s.lazada.com.my/s.ZdbZ5k?c=c&t=p-iGKLSyP-s2GEG2b7,https://s.lazada.com.my/s.ZdbZ5k?c=c&t=p-iGKLSyP-s2GEG2b7
data_promo_list_01.xlsx,6,XIANYAN | Portable Travel Makeup Brush Set Eye Shadow Foundation Brushes Mirror Included,14950073422,TIDAK,API_ERROR,Kod API: InvalidApiPath - The specified API Path is invalid,⚠️ PERLU SEMAKAN (Ralat API),https://s.lazada.com.my/s.ZdbZ5P?c=d&t=p-iGJkz2U-s2GBBAkF,https://s.lazada.com.my/s.ZdbZ5P?c=d&t=p-iGJkz2U-s2GBBAkF
data_promo_list_01.xlsx,7,"D-UP Foundation for Nails byTONEDROP Sakura Pure  . Other (check locks, tongue cleaners, etc.) Nail Makeup Abies5Star",3680103349,TIDAK,API_ERROR,Kod API: InvalidApiPath - The specified API Path is invalid,⚠️ PERLU SEMAKAN (Ralat API),https://s.lazada.com.my/s.ZdbZ5O?c=d&t=p-i413Kzd-sMmFSyy,https://s.lazada.com.my/s.ZdbZ5O?c=d&t=p-i413Kzd-sMmFSyy
data_promo_list_01.xlsx,8,Eucerin Dermopure Clinical Purifying Cleanser 400ml x 2 Twin Pack / Acne Cleanser / Acne Treatment / Acne Skincare,2978538853,TIDAK,API_ERROR,Kod API: InvalidApiPath - The specified API Path is invalid,⚠️ PERLU SEMAKAN (Ralat API),https://s.lazada.com.my/s.ZdbZ5n?c=c&t=p-i3FZe1F-sTkNd5D,https://s.lazada.com.my/s.ZdbZ5n?c=c&t=p-i3FZe1F-sTkNd5D
data_promo_list_01.xlsx,9,<6pcs Skincare Set >SKINTIFIC Science for different type skin-Moisturizer+Toner+Serum+Face Mask +Cleanser+Lip serum repair skin barrier/anti dark spot|acne|brightening|sensitive|moisturize,3815035263,TIDAK,API_ERROR,Kod API: InvalidApiPath - The specified API Path is invalid,⚠️ PERLU SEMAKAN (Ralat API),https://s.lazada.com.my/s.ZdbZ5o?c=c&t=p-i4ABUwp-sO8Ja8W,https://s.lazada.com.my/s.ZdbZ5o?c=c&t=p-i4ABUwp-sO8Ja8W
data_promo_list_01.xlsx,10,XIANYAN | Face Makeup Brushes Set Dual End,14954892242,TIDAK,API_ERROR,Kod API: InvalidApiPath - The specified API Path is invalid,⚠️ PERLU SEMAKAN (Ralat API),https://s.lazada.com.my/s.ZdbZ5L?c=d&t=p-iGK5CdO-s2GD34J3,https://s.lazada.com.my/s.ZdbZ5L?c=d&t=p-iGK5CdO-s2GD34J3
data_promo_list_01.xlsx,11,Eucerin Hyaluron Filler Elasticity Night Regime Set (Hyaluron Radiance-Lift Filler 3D Serum 30ml + Hyaluron-Filler Elasticity Night Cream 50ml)  Serum  Moisturizer  Anti Aging  Wrinkle  Face Skincare  Anti Penuuan,2820426700,TIDAK,API_ERROR,Kod API: InvalidApiPath - The specified API Path is invalid,⚠️ PERLU SEMAKAN (Ralat API),https://s.lazada.com.my/s.ZdbZ5K?c=c&t=p-i34sDpE-s2GCPkDM,https://s.lazada.com.my/s.ZdbZ5K?c=c&t=p-i34sDpE-s2GCPkDM
data_promo_list_01.xlsx,12,"Estee Lauder Advanced Night Repair Serum Synchronized Multi-Recovery Complex | Best Seller Facial Serum & Essence, Anti-aging Radiant Plumping Firming ANR | Skincare all skin types | 7ml 15ml 20ml 30ml 50ml 75ml 115ml",1294130735,TIDAK,API_ERROR,Kod API: InvalidApiPath - The specified API Path is invalid,⚠️ PERLU SEMAKAN (Ralat API),https://s.lazada.com.my/s.ZdbZ5q?c=d&t=p-i1Pa2WN-sSQJSDH,https://s.lazada.com.my/s.ZdbZ5q?c=d&t=p-i1Pa2WN-sSQJSDH
data_promo_list_01.xlsx,13,Limited-time special offer[BUNDLE] PRAMY Moisturizing Finish Makeup Setting Spray 100ml (Matte/Dewy),14883805124,TIDAK,API_ERROR,Kod API: InvalidApiPath - The specified API Path is invalid,⚠️ PERLU SEMAKAN (Ralat API),https://s.lazada.com.my/s.ZdbZ5r?c=c&t=p-iGFGvcy-s2FqldXc,https://s.lazada.com.my/s.ZdbZ5r?c=c&t=p-iGFGvcy-s2FqldXc
data_promo_list_01.xlsx,14,Sauna Household Complete Set Portable Steam Home Sauna Tent Foldable Slimming Body Detox Health Beauty Set Beauty Toold Portable Saunas Set Malaysia 3pin Plug New Model,2558924629,TIDAK,API_ERROR,Kod API: InvalidApiPath - The specified API Path is invalid,⚠️ PERLU SEMAKAN (Ralat API),https://s.lazada.com.my/s.ZdbZ5I?c=d&t=p-i2nAzBt-sCPFGIO,https://s.lazada.com.my/s.ZdbZ5I?c=d&t=p-i2nAzBt-sCPFGIO
data_promo_list_01.xlsx,15,IOPE | Stem III Anti-aging Skincare Set (150ml Softener 150ml Emulsion),3765404129,TIDAK,API_ERROR,Kod API: InvalidApiPath - The specified API Path is invalid,⚠️ PERLU SEMAKAN (Ralat API),https://s.lazada.com.my/s.ZdbZ5H?c=c&t=p-i46pFcf-sNLNAuV,https://s.lazada.com.my/s.ZdbZ5H?c=c&t=p-i46pFcf-sNLNAuV
data_promo_list_01.xlsx,16,UV Sterilizer Cabinet LCD Screen 6W Power 360° sterilization Beauty Salon Towel Tools Household Disinfection Machine,4280299185,TIDAK,API_ERROR,Kod API: InvalidApiPath - The specified API Path is invalid,⚠️ PERLU SEMAKAN (Ralat API),https://s.lazada.com.my/s.ZdbZ5G?c=d&t=p-i4ffhLd-sQOrsPT,https://s.lazada.com.my/s.ZdbZ5G?c=d&t=p-i4ffhLd-sQOrsPT
data_promo_list_01.xlsx,17,Vanity Makeup Stool for Home Female Bedroom Use Retro Style,14922862935,TIDAK,API_ERROR,Kod API: InvalidApiPath - The specified API Path is invalid,⚠️ PERLU SEMAKAN (Ralat API),https://s.lazada.com.my/s.ZdbZ5F?c=d&t=p-iGHuoLf-s2G2suP2,https://s.lazada.com.my/s.ZdbZ5F?c=d&t=p-iGHuoLf-s2G2suP2
data_promo_list_01.xlsx,18,WETHERM | Gift Skincare Set,14900519933,TIDAK,API_ERROR,Kod API: InvalidApiPath - The specified API Path is invalid,⚠️ PERLU SEMAKAN (Ralat API),https://s.lazada.com.my/s.ZdbZ5E?c=c&t=p-iGGP3uf-s2FxUPXb,https://s.lazada.com.my/s.ZdbZ5E?c=c&t=p-iGGP3uf-s2FxUPXb
data_promo_list_01.xlsx,19,CHARLOTTE TILBURY Beauty Light Wand 12ml #Pinkgasm,3610057366,TIDAK,API_ERROR,Kod API: InvalidApiPath - The specified API Path is invalid,⚠️ PERLU SEMAKAN (Ralat API),https://s.lazada.com.my/s.ZdbZ5D?c=c&t=p-i3wJQpi-sMFhd4d,https://s.lazada.com.my/s.ZdbZ5D?c=c&t=p-i3wJQpi-sMFhd4d
data_promo_list_01.xlsx,20,GUYU | Deep Cleansing Easy Emulsification Fresh Makeup Remover Oil,4821143670,TIDAK,API_ERROR,Kod API: InvalidApiPath - The specified API Path is invalid,⚠️ PERLU SEMAKAN (Ralat API),https://s.lazada.com.my/s.ZdbZ5y?c=c&t=p-i5GH1hm-s2G3j7y0,https://s.lazada.com.my/s.ZdbZ5y?c=c&t=p-i5GH1hm-s2G3j7y0
data_promo_list_01.xlsx,21,Eucerin Hyaluron Filler + Elastic Filler Day Cream 50ml  Moisturizer  Anti Aging  Wrinkle  Derma Skincare,2820420858,TIDAK,API_ERROR,Kod API: InvalidApiPath - The specified API Path is invalid,⚠️ PERLU SEMAKAN (Ralat API),https://s.lazada.com.my/s.ZdbZ5z?c=c&t=p-i34sCJ0-sJuQK7B,https://s.lazada.com.my/s.ZdbZ5z?c=c&t=p-i34sCJ0-sJuQK7B
data_promo_list_01.xlsx,22,OHBT | Whitening Freckle Removing Moisturizing Brightening Yellow-Removal Anti-Wrinkle Skincare Set,14843470323,TIDAK,API_ERROR,Kod API: InvalidApiPath - The specified API Path is invalid,⚠️ PERLU SEMAKAN (Ralat API),https://s.lazada.com.my/s.ZdbZ5A?c=d&t=p-iGCXghf-s2FCxbZL,https://s.lazada.com.my/s.ZdbZ5A?c=d&t=p-iGCXghf-s2FCxbZL
data_promo_list_01.xlsx,23,YILINSENG | Retro Wooden Makeup Stool,14895914601,TIDAK,API_ERROR,Kod API: InvalidApiPath - The specified API Path is invalid,⚠️ PERLU SEMAKAN (Ralat API),https://s.lazada.com.my/s.ZdbZg0?c=d&t=p-iGG5jr7-s2Fvtvqp,https://s.lazada.com.my/s.ZdbZg0?c=d&t=p-iGG5jr7-s2Fvtvqp
data_promo_list_01.xlsx,24,SK-II Essential Travel Skincare Set,4474786052,TIDAK,API_ERROR,Kod API: InvalidApiPath - The specified API Path is invalid,⚠️ PERLU SEMAKAN (Ralat API),https://s.lazada.com.my/s.ZdbZgb?c=d&t=p-i4spkGa-sRXQmWV,https://s.lazada.com.my/s.ZdbZgb?c=d&t=p-i4spkGa-sRXQmWV
data_promo_list_01.xlsx,25,Round Lab | Round Lab Baby Mild Sun Stick 21g 2+1 Total 3 Pieces Rich Moisture K-Beauty Skincare,14947625581,TIDAK,API_ERROR,Kod API: InvalidApiPath - The specified API Path is invalid,⚠️ PERLU SEMAKAN (Ralat API),https://s.lazada.com.my/s.ZdbZg1?c=c&t=p-iGJaiFB-s2GBXmBB,https://s.lazada.com.my/s.ZdbZg1?c=c&t=p-iGJaiFB-s2GBXmBB
data_promo_list_01.xlsx,26,Sedell | Light Makeup Soothing Moisturizing Cream,14950523930,TIDAK,API_ERROR,Kod API: InvalidApiPath - The specified API Path is invalid,⚠️ PERLU SEMAKAN (Ralat API),https://s.lazada.com.my/s.ZdbZgX?c=d&t=p-iGJmsEk-s2GC7TX1,https://s.lazada.com.my/s.ZdbZgX?c=d&t=p-iGJmsEk-s2GC7TX1
data_promo_list_01.xlsx,27,"[JAPAN SKINCARE] KIBANA Revive Set | Regenerative Anti Aging Skincare Set with Advanced Serum 25ml, Concentrated Serum18ml & Stem Cell Moisturizer Cream 50g",4788907223,TIDAK,API_ERROR,Kod API: InvalidApiPath - The specified API Path is invalid,⚠️ PERLU SEMAKAN (Ralat API),https://s.lazada.com.my/s.ZdbZg2?c=d&t=p-i5E5lX5-sTUP0a3,https://s.lazada.com.my/s.ZdbZg2?c=d&t=p-i5E5lX5-sTUP0a3
data_promo_list_01.xlsx,28,正式授权.正品.万肤霜.WanFuShuang Authentic Herbal Skincare Cream.20gm,3074850896,TIDAK,API_ERROR,Kod API: InvalidApiPath - The specified API Path is invalid,⚠️ PERLU SEMAKAN (Ralat API),https://s.lazada.com.my/s.ZdbZgd?c=c&t=p-i3M5lBI-sGjjlYP,https://s.lazada.com.my/s.ZdbZgd?c=c&t=p-i3M5lBI-sGjjlYP
data_promo_list_01.xlsx,29,AYANAMI | Beginner Nose Shadow Blending Makeup Brush,14921173383,TIDAK,API_ERROR,Kod API: InvalidApiPath - The specified API Path is invalid,⚠️ PERLU SEMAKAN (Ralat API),https://s.lazada.com.my/s.ZdbZgW?c=c&t=p-iGHniop-s2G2TMfw,https://s.lazada.com.my/s.ZdbZgW?c=c&t=p-iGHniop-s2G2TMfw
data_promo_list_01.xlsx,30,Beneunder | Men's Warm Thermal Underwear Set Skincare Breathable Winter,4728295191,TIDAK,API_ERROR,Kod API: InvalidApiPath - The specified API Path is invalid,⚠️ PERLU SEMAKAN (Ralat API),https://s.lazada.com.my/s.ZdbZg3?c=c&t=p-i59zRZf-sSzMr6r,https://s.lazada.com.my/s.ZdbZg3?c=c&t=p-i59zRZf-sSzMr6r
data_promo_list_01.xlsx,31,Eucerin Ultrasensitive Repair Intensive Source Serum (30ml X2) Twin Pack / Serum & Essence / Skin Repair / Skincare / Untuk Kulit Sensitive,4007086420,TIDAK,API_ERROR,Kod API: InvalidApiPath - The specified API Path is invalid,⚠️ PERLU SEMAKAN (Ralat API),https://s.lazada.com.my/s.ZdbZge?c=c&t=p-i4NBKE8-sOuMSjo,https://s.lazada.com.my/s.ZdbZge?c=c&t=p-i4NBKE8-sOuMSjo
data_promo_list_01.xlsx,32,XIANYAN | Portable Mini Makeup Brush Set 12 Pieces,4802094437,TIDAK,API_ERROR,Kod API: InvalidApiPath - The specified API Path is invalid,⚠️ PERLU SEMAKAN (Ralat API),https://s.lazada.com.my/s.ZdbZg4?c=d&t=p-i5Ez685-sTZeohS,https://s.lazada.com.my/s.ZdbZg4?c=d&t=p-i5Ez685-sTZeohS
data_promo_list_01.xlsx,33,"Jessup Pink Makeup Brushes Set 14pcs Make up Brushes Premium Vegan Foundation Blush Eyeshadow liner Powder Blending Brush,T495",4059970526,TIDAK,API_ERROR,Kod API: InvalidApiPath - The specified API Path is invalid,⚠️ PERLU SEMAKAN (Ralat API),https://s.lazada.com.my/s.ZdbZg5?c=d&t=p-i4QlDna-sP4oO3a,https://s.lazada.com.my/s.ZdbZg5?c=d&t=p-i4QlDna-sP4oO3a
data_promo_list_01.xlsx,34,BINCA VIDOU | Purple Makeup Base for Women Pore Concealing Moisturizing Brightening Sensitive Skin Isolation Cream,14934714129,TIDAK,API_ERROR,Kod API: InvalidApiPath - The specified API Path is invalid,⚠️ PERLU SEMAKAN (Ralat API),https://s.lazada.com.my/s.ZdbZgg?c=c&t=p-iGIiXNx-s2G6HPJI,https://s.lazada.com.my/s.ZdbZgg?c=c&t=p-iGIiXNx-s2G6HPJI
data_promo_list_01.xlsx,35,Trilogy Rosehip Cream Cleanser – Hydrating & Nourishing – Effective Makeup Remover – All Skin Types – 200ml,9614147,TIDAK,API_ERROR,Kod API: InvalidApiPath - The specified API Path is invalid,⚠️ PERLU SEMAKAN (Ralat API),https://s.lazada.com.my/s.ZdbZg6?c=d&t=p-ieL4t-sPyfVnU,https://s.lazada.com.my/s.ZdbZg6?c=d&t=p-ieL4t-sPyfVnU
data_promo_list_01.xlsx,36,OHBT | Anti-Wrinkle Firming Anti-Aging Hydrating Brightening Skincare Set,14842557514,TIDAK,API_ERROR,Kod API: InvalidApiPath - The specified API Path is invalid,⚠️ PERLU SEMAKAN (Ralat API),https://s.lazada.com.my/s.ZdbZgj?c=c&t=p-iGCTrEw-s2FC12Fq,https://s.lazada.com.my/s.ZdbZgj?c=c&t=p-iGCTrEw-s2FC12Fq
data_promo_list_01.xlsx,37,"Medazy Color-Changing Cover Cream Stick, Color Changing Foundation Stick, Moisturizing Makeup Foundation tick Skincare Meets Makeup (Light)",14963816986,TIDAK,API_ERROR,Kod API: InvalidApiPath - The specified API Path is invalid,⚠️ PERLU SEMAKAN (Ralat API),https://s.lazada.com.my/s.ZdbZgQ?c=c&t=p-iGKgeMs-s2GFWlVJ,https://s.lazada.com.my/s.ZdbZgQ?c=c&t=p-iGKgeMs-s2GFWlVJ
data_promo_list_01.xlsx,38,KOPHENIX | Ceramide Hydrating Skincare Set Water Lotion Cream Essence,14935668519,TIDAK,API_ERROR,Kod API: InvalidApiPath - The specified API Path is invalid,⚠️ PERLU SEMAKAN (Ralat API),https://s.lazada.com.my/s.ZdbZgP?c=c&t=p-iGImXfL-s2G7WBK8,https://s.lazada.com.my/s.ZdbZgP?c=c&t=p-iGImXfL-s2G7WBK8
data_promo_list_01.xlsx,39,Radiesse 0.8 /1.5cc facial contour shaping and filling product,14934353819,TIDAK,API_ERROR,Kod API: InvalidApiPath - The specified API Path is invalid,⚠️ PERLU SEMAKAN (Ralat API),https://s.lazada.com.my/s.ZdbZgl?c=d&t=p-iGIh1eV-s2G6ZAED,https://s.lazada.com.my/s.ZdbZgl?c=d&t=p-iGIh1eV-s2G6ZAED
data_promo_list_01.xlsx,40,NEW Double Wear Stay-In-Place Makeup SPF 10/PA++ | # 1W1 | # 1W2 30ml,14963831668,TIDAK,API_ERROR,Kod API: InvalidApiPath - The specified API Path is invalid,⚠️ PERLU SEMAKAN (Ralat API),https://s.lazada.com.my/s.ZdbZgO?c=d&t=p-iGKgiBg-s2GFdkP4,https://s.lazada.com.my/s.ZdbZgO?c=d&t=p-iGKgiBg-s2GFdkP4
data_promo_list_01.xlsx,41,European style retro palace table lamp  Classical Beauty  Resin lamp body  Handmade carved handcuff paint process,3730853370,TIDAK,API_ERROR,Kod API: InvalidApiPath - The specified API Path is invalid,⚠️ PERLU SEMAKAN (Ralat API),https://s.lazada.com.my/s.ZdbZgN?c=d&t=p-i44UHOM-sN4TJkO,https://s.lazada.com.my/s.ZdbZgN?c=d&t=p-i44UHOM-sN4TJkO
data_promo_list_01.xlsx,42,Kanebo Ally Chrono Beauty Gel UV EX 90g Sun Care 伙伴们 阳光护理 Abies5Star,3039382739,TIDAK,API_ERROR,Kod API: InvalidApiPath - The specified API Path is invalid,⚠️ PERLU SEMAKAN (Ralat API),https://s.lazada.com.my/s.ZdbZgn?c=d&t=p-i3JgwIF-sGTOYvf,https://s.lazada.com.my/s.ZdbZgn?c=d&t=p-i3JgwIF-sGTOYvf
data_promo_list_01.xlsx,43,"[8.8 exclusive | 7 aug, 8pm - 17 aug only] shu uemura cleansing oil blackOil purifying pore control for oily combination skin  makeup remover 150ml",4233451551,TIDAK,API_ERROR,Kod API: InvalidApiPath - The specified API Path is invalid,⚠️ PERLU SEMAKAN (Ralat API),https://s.lazada.com.my/s.ZdbZgM?c=c&t=p-i4cV88d-sQAJuNI,https://s.lazada.com.my/s.ZdbZgM?c=c&t=p-i4cV88d-sQAJuNI
data_promo_list_01.xlsx,44,[medicube] Red Succinic Acid Panthenol Pads |    Niacinamide + Salicylic Acid Skincare,14907105632,TIDAK,API_ERROR,Kod API: InvalidApiPath - The specified API Path is invalid,⚠️ PERLU SEMAKAN (Ralat API),https://s.lazada.com.my/s.ZdbZgL?c=c&t=p-iGGqh9c-s2FzmuNX,https://s.lazada.com.my/s.ZdbZgL?c=c&t=p-iGGqh9c-s2FzmuNX
data_promo_list_01.xlsx,45,"Selerb NR1000 - NAD+ for Women's Skin Aging, Energy & Focus – with Nicotinamide Riboside, CoQ10, Trans-Resveratrol, D-Ribose, Collagen & Hyaluronic Acid – 90 Capsules, Fitness & Beauty Health Supplement",14918720101,TIDAK,API_ERROR,Kod API: InvalidApiPath - The specified API Path is invalid,⚠️ PERLU SEMAKAN (Ralat API),https://s.lazada.com.my/s.ZdbZgK?c=d&t=p-iGHdQbl-s2G2RyZN,https://s.lazada.com.my/s.ZdbZgK?c=d&t=p-iGHdQbl-s2G2RyZN
data_promo_list_01.xlsx,46,XIANYAN | Portable Makeup Brush Set,4760021943,TIDAK,API_ERROR,Kod API: InvalidApiPath - The specified API Path is invalid,⚠️ PERLU SEMAKAN (Ralat API),https://s.lazada.com.my/s.ZdbZgq?c=d&t=p-i5C8Z9T-sTFqEVF,https://s.lazada.com.my/s.ZdbZgq?c=d&t=p-i5C8Z9T-sTFqEVF
data_promo_list_01.xlsx,47,Incellderm | Incellderm Basic Skincare 3-Piece Dermatology First Package Active Ex Booster/Serum/Cream,4745063416,TIDAK,API_ERROR,Kod API: InvalidApiPath - The specified API Path is invalid,⚠️ PERLU SEMAKAN (Ralat API),https://s.lazada.com.my/s.ZdbZgJ?c=c&t=p-i5B7nku-sT8VD6C,https://s.lazada.com.my/s.ZdbZgJ?c=c&t=p-i5B7nku-sT8VD6C
data_promo_list_01.xlsx,48,GUYU | Hydrating Moisturizing Soothing Skincare Set,4821219079,TIDAK,API_ERROR,Kod API: InvalidApiPath - The specified API Path is invalid,⚠️ PERLU SEMAKAN (Ralat API),https://s.lazada.com.my/s.ZdbZgr?c=c&t=p-i5GHLK3-s2Fz9GIL,https://s.lazada.com.my/s.ZdbZgr?c=c&t=p-i5GHLK3-s2Fz9GIL
data_promo_list_01.xlsx,49,"Philips Shaver X5 Electric – Skincare-Focused, Ideal for Acne-Prone Skin",4833091240,TIDAK,API_ERROR,Kod API: InvalidApiPath - The specified API Path is invalid,⚠️ PERLU SEMAKAN (Ralat API),https://s.lazada.com.my/s.ZdbZgI?c=d&t=p-i5H59oW-sTw6Cmk,https://s.lazada.com.my/s.ZdbZgI?c=d&t=p-i5H59oW-sTw6Cmk
data_promo_list_01.xlsx,50,TF Christmas Edition Eyeshadow Palette Naked Rose Natural Eye Makeup Palette Multiple Textures 4 Colors Suitable for All Skins,4753991509,TIDAK,API_ERROR,Kod API: InvalidApiPath - The specified API Path is invalid,⚠️ PERLU SEMAKAN (Ralat API),https://s.lazada.com.my/s.ZdbZgs?c=d&t=p-i5BjGMP-sTCtbkI,https://s.lazada.com.my/s.ZdbZgs?c=d&t=p-i5BjGMP-sTCtbkI
data_promo_list_01.xlsx,51,Moisturizing Waterproof Tear-off Liquid Lipstick,4701788712,TIDAK,API_ERROR,Kod API: InvalidApiPath - The specified API Path is invalid,⚠️ PERLU SEMAKAN (Ralat API),https://s.lazada.com.my/s.ZdbZgG?c=d&t=p-i58CE1o-sSlLmJ4,https://s.lazada.com.my/s.ZdbZgG?c=d&t=p-i58CE1o-sSlLmJ4
data_promo_list_01.xlsx,52,"[8.8 exclusive | 7 aug, 8pm - 17 aug only] shu uemura cleansing oil brightOil barrier protection for sensitive and post-procedure skin makeup remover 450ml",4803733728,TIDAK,API_ERROR,Kod API: InvalidApiPath - The specified API Path is invalid,⚠️ PERLU SEMAKAN (Ralat API),https://s.lazada.com.my/s.ZdbZgF?c=c&t=p-i5F5yaG-sTakoyK,https://s.lazada.com.my/s.ZdbZgF?c=c&t=p-i5F5yaG-sTakoyK
data_promo_list_01.xlsx,53,"Wosado Soft Eyelashes All-in-One, BearisBug Limited Edition Magnetic Eyelash Extensions, Waterproof, Reusable, Glue-Free, Eyeliner-Free Makeup Cosmetic/510a917d",14963452386,TIDAK,API_ERROR,Kod API: InvalidApiPath - The specified API Path is invalid,⚠️ PERLU SEMAKAN (Ralat API),https://s.lazada.com.my/s.ZdbZgv?c=c&t=p-iGKf7WE-s2GFNiX9,https://s.lazada.com.my/s.ZdbZgv?c=c&t=p-iGKf7WE-s2GFNiX9
data_promo_list_01.xlsx,54,"V,S.L SET NORMAL SKINCARE",2578199047,TIDAK,API_ERROR,Kod API: InvalidApiPath - The specified API Path is invalid,⚠️ PERLU SEMAKAN (Ralat API),https://s.lazada.com.my/s.ZdbZgE?c=c&t=p-i2oTrLb-sCZ8TDb,https://s.lazada.com.my/s.ZdbZgE?c=c&t=p-i2oTrLb-sCZ8TDb
data_promo_list_01.xlsx,55,Eucerin Spotless Brightening Booster Serum 30ml  Serum  Pigmented Skin  Dark Spots  Derma Skincare  Face Skincare,2820431762,TIDAK,API_ERROR,Kod API: InvalidApiPath - The specified API Path is invalid,⚠️ PERLU SEMAKAN (Ralat API),https://s.lazada.com.my/s.ZdbZgC?c=d&t=p-i34sF8s-sQopGwA,https://s.lazada.com.my/s.ZdbZgC?c=d&t=p-i34sF8s-sQopGwA
data_promo_list_01.xlsx,56,ZIXUAN | Rotatable Adjustable Backrest Makeup Chair,14911540828,TIDAK,API_ERROR,Kod API: InvalidApiPath - The specified API Path is invalid,⚠️ PERLU SEMAKAN (Ralat API),https://s.lazada.com.my/s.ZdbZgB?c=d&t=p-iGH9Ix2-s2G0XsND,https://s.lazada.com.my/s.ZdbZgB?c=d&t=p-iGH9Ix2-s2G0XsND
data_promo_list_01.xlsx,57,"SK-II PITERA™ First Experience Kit - Facial Treatment Essence, Toner & Mask Skincare Set",3408701859,TIDAK,API_ERROR,Kod API: InvalidApiPath - The specified API Path is invalid,⚠️ PERLU SEMAKAN (Ralat API),https://s.lazada.com.my/s.ZdbZgz?c=d&t=p-i3igZ4F-sK1CL1z,https://s.lazada.com.my/s.ZdbZgz?c=d&t=p-i3igZ4F-sK1CL1z
data_promo_list_01.xlsx,58,【NEW】Bobbi Brown Long-Wear Cream Liner Stick 1.1g / 24 hour long wear pigment rich swipe and go eyeliner with built in sharpener  – eyeliner makeup,4124838923,TIDAK,API_ERROR,Kod API: InvalidApiPath - The specified API Path is invalid,⚠️ PERLU SEMAKAN (Ralat API),https://s.lazada.com.my/s.ZdbZgA?c=c&t=p-i4V9P23-sPVWTvM,https://s.lazada.com.my/s.ZdbZgA?c=c&t=p-i4V9P23-sPVWTvM
data_promo_list_01.xlsx,59,"Estee Lauder Soft Clean Infusion Hydrating Essence Lotion with Amino Acid + Waterlily | Facial Toner, Daily Hydrating Conditioning Plump Glow | Skincare all skin types, Dry | 400ml",1898774977,TIDAK,API_ERROR,Kod API: InvalidApiPath - The specified API Path is invalid,⚠️ PERLU SEMAKAN (Ralat API),https://s.lazada.com.my/s.ZdbZTa?c=d&t=p-i24V46r-s8JqrGb,https://s.lazada.com.my/s.ZdbZTa?c=d&t=p-i24V46r-s8JqrGb
data_promo_list_01.xlsx,60,"NOTO Aesthetic Medical Tomato 24 Capsule- Patented Israeli Ice Crystal Tomato Technology, Beauty & Medical Treatment, Whitens, Moisturizes, Tightens, Anti-acne & Marks, Anti-UV, 24-Hour Darkness Removal",4129432416,TIDAK,API_ERROR,Kod API: InvalidApiPath - The specified API Path is invalid,⚠️ PERLU SEMAKAN (Ralat API),https://s.lazada.com.my/s.ZdbZT0?c=d&t=p-i4VSg0e-sPWlCgC,https://s.lazada.com.my/s.ZdbZT0?c=d&t=p-i4VSg0e-sPWlCgC
data_promo_list_01.xlsx,61,ANESSA Perfect Uv Sunscreen Skincare Milk Spf50+ PA++++ 90ml,1384326199,TIDAK,API_ERROR,Kod API: InvalidApiPath - The specified API Path is invalid,⚠️ PERLU SEMAKAN (Ralat API),https://s.lazada.com.my/s.ZdbZTY?c=c&t=p-i1VgUTv-s4kfdAj,https://s.lazada.com.my/s.ZdbZTY?c=c&t=p-i1VgUTv-s4kfdAj
data_promo_list_01.xlsx,62,maitian | Ultra Clear Double Sided Desk Makeup Mirror,14844315660,TIDAK,API_ERROR,Kod API: InvalidApiPath - The specified API Path is invalid,⚠️ PERLU SEMAKAN (Ralat API),https://s.lazada.com.my/s.ZdbZT1?c=c&t=p-iGCbEc8-s2FEBsL1,https://s.lazada.com.my/s.ZdbZT1?c=c&t=p-iGCbEc8-s2FEBsL1
data_promo_list_01.xlsx,63,"DOMINAS TXA Proven Dark Spot Solution, Targeted Spot Care, Niacinamide Acid Cream, Korean Dark Spot Corrector Cream, Korean Skincare for Even Skin Tone, Season 6 (6th), 50g",4687283678,TIDAK,API_ERROR,Kod API: InvalidApiPath - The specified API Path is invalid,⚠️ PERLU SEMAKAN (Ralat API),https://s.lazada.com.my/s.ZdbZTc?c=c&t=p-i57DMbe-sSghoXj,https://s.lazada.com.my/s.ZdbZTc?c=c&t=p-i57DMbe-sSghoXj
data_promo_list_01.xlsx,64,Ulike Air 10 Pro Ice Cooling IPL Hair Removal Device Home Body Beauty Device,4107731319,TIDAK,API_ERROR,Kod API: InvalidApiPath - The specified API Path is invalid,⚠️ PERLU SEMAKAN (Ralat API),https://s.lazada.com.my/s.ZdbZTX?c=d&t=p-i4TzcYx-sPO83qZ,https://s.lazada.com.my/s.ZdbZTX?c=d&t=p-i4TzcYx-sPO83qZ
data_promo_list_01.xlsx,65,【BEST SELLER✨】FARMACY BEAUTY Green Clean Makeup Remover Cleansing Balm 30ml / 100ml | Melts Waterproof Makeup & SPF Sunscreen | Gentle Face Cleanser,14944201948,TIDAK,API_ERROR,Kod API: InvalidApiPath - The specified API Path is invalid,⚠️ PERLU SEMAKAN (Ralat API),https://s.lazada.com.my/s.ZdbZT2?c=c&t=p-iGJMLbI-s2GAUutK,https://s.lazada.com.my/s.ZdbZT2?c=c&t=p-iGJMLbI-s2GAUutK
data_promo_list_01.xlsx,66,Round Lab | Round Lab Birch Moisture Tone-Up Sun Cream 50ml X 2 + Pine Cica Sun Stick 10g Korean Beauty Skincare,14929869680,TIDAK,API_ERROR,Kod API: InvalidApiPath - The specified API Path is invalid,⚠️ PERLU SEMAKAN (Ralat API),https://s.lazada.com.my/s.ZdbZTd?c=c&t=p-iGIOD7g-s2G5eIUw,https://s.lazada.com.my/s.ZdbZTd?c=c&t=p-iGIOD7g-s2G5eIUw
data_promo_list_01.xlsx,67,"Estee Lauder Perfectly Clean Multi-Action Foam Cleanser/Purifying Mask | Facial Cleanser, Day Night Cleanser Unclogs Pores Calms Comfort Clarifies Skin Remove Makeup | Skincare all skin types, Normal Combination | 30ml 150ml",407428386,TIDAK,API_ERROR,Kod API: InvalidApiPath - The specified API Path is invalid,⚠️ PERLU SEMAKAN (Ralat API),https://s.lazada.com.my/s.ZdbZTW?c=d&t=p-iRZWja-sT2VyiN,https://s.lazada.com.my/s.ZdbZTW?c=d&t=p-iRZWja-sT2VyiN
data_promo_list_01.xlsx,68,CARSLAN | Black Matte Makeup Base Cream 控油持妆 保湿 隔离 遮瑕,14920923974,TIDAK,API_ERROR,Kod API: InvalidApiPath - The specified API Path is invalid,⚠️ PERLU SEMAKAN (Ralat API),https://s.lazada.com.my/s.ZdbZTe?c=d&t=p-iGHmfw6-s2G2OvvO,https://s.lazada.com.my/s.ZdbZTe?c=d&t=p-iGHmfw6-s2G2OvvO
data_promo_list_01.xlsx,69,Original Makeup White and Sunburn Matte Face 19-joint Doll,14935245615,TIDAK,API_ERROR,Kod API: InvalidApiPath - The specified API Path is invalid,⚠️ PERLU SEMAKAN (Ralat API),https://s.lazada.com.my/s.ZdbZTV?c=d&t=p-iGIkleJ-s2G6qMNT,https://s.lazada.com.my/s.ZdbZTV?c=d&t=p-iGIkleJ-s2G6qMNT
data_promo_list_01.xlsx,70,PURAS - Dragon's Blood Glow Serum 50ml | Anti-aging Skincare,3016231093,TIDAK,API_ERROR,Kod API: InvalidApiPath - The specified API Path is invalid,⚠️ PERLU SEMAKAN (Ralat API),https://s.lazada.com.my/s.ZdbZT4?c=c&t=p-i3I7nUb-sGG9rlM,https://s.lazada.com.my/s.ZdbZT4?c=c&t=p-i3I7nUb-sGG9rlM
data_promo_list_01.xlsx,71,[Bundle of 2] Olay Luminous Niacinamide + Vitamin C Brightening Super Serum for Face Skincare 30ml,3199497850,TIDAK,API_ERROR,Kod API: InvalidApiPath - The specified API Path is invalid,⚠️ PERLU SEMAKAN (Ralat API),https://s.lazada.com.my/s.ZdbZTU?c=c&t=p-i3UWlY2-sHicycB,https://s.lazada.com.my/s.ZdbZTU?c=c&t=p-i3UWlY2-sHicycB
data_promo_list_01.xlsx,72,"Laneige Skin Veil Base EX SPF28 PA++ 30ml  - Light & Glowy Makeup Base, Even Out Skin Tone & Texture, 12-Hour Lasting Coverage, Available in 2 Shades",2959691993,TIDAK,API_ERROR,Kod API: InvalidApiPath - The specified API Path is invalid,⚠️ PERLU SEMAKAN (Ralat API),https://s.lazada.com.my/s.ZdbZTg?c=c&t=p-i3EIZ5d-sFoOba4,https://s.lazada.com.my/s.ZdbZTg?c=c&t=p-i3EIZ5d-sFoOba4
data_promo_list_01.xlsx,73,"[8.8 exclusive | 7 aug, 8pm - 17 aug only] shu uemura primer block:booster protective moisture color correcting charged up primer spf 50+ pa+++ for hydrating and  long-lasting makeup 30ml",4827382442,TIDAK,API_ERROR,Kod API: InvalidApiPath - The specified API Path is invalid,⚠️ PERLU SEMAKAN (Ralat API),https://s.lazada.com.my/s.ZdbZTT?c=c&t=p-i5GhCh8-sTryXNr,https://s.lazada.com.my/s.ZdbZTT?c=c&t=p-i5GhCh8-sTryXNr
data_promo_list_01.xlsx,74,Eucerin Spotless Brightening Booster Serum 30ml x 4 | Serum | Pigment | Dark Spots | Face Skincare| Anti Bintik Hitam | 色素|暗斑|面部护肤抗黑斑,14934189118,TIDAK,API_ERROR,Kod API: InvalidApiPath - The specified API Path is invalid,⚠️ PERLU SEMAKAN (Ralat API),https://s.lazada.com.my/s.ZdbZTh?c=c&t=p-iGIgKo2-s2G79mba,https://s.lazada.com.my/s.ZdbZTh?c=c&t=p-iGIgKo2-s2G79mba
data_promo_list_01.xlsx,75,PROYA | Light Skincare Physical Sunscreen 50ml,14891044801,TIDAK,API_ERROR,Kod API: InvalidApiPath - The specified API Path is invalid,⚠️ PERLU SEMAKAN (Ralat API),https://s.lazada.com.my/s.ZdbZTS?c=d&t=p-iGFlIzx-s2FumC5t,https://s.lazada.com.my/s.ZdbZTS?c=d&t=p-iGFlIzx-s2FumC5t
data_promo_list_01.xlsx,76,bareMinerals Original Loose Powder Foundation SPF 15 - Powder Face Makeup with Added Sun Protection - Sheer to Full Coverage Foundation,14932188639,TIDAK,API_ERROR,Kod API: InvalidApiPath - The specified API Path is invalid,⚠️ PERLU SEMAKAN (Ralat API),https://s.lazada.com.my/s.ZdbZTi?c=c&t=p-iGIXwOF-s2G5WwvH,https://s.lazada.com.my/s.ZdbZTi?c=c&t=p-iGIXwOF-s2G5WwvH
data_promo_list_01.xlsx,77,fast shipping YSL Saint Laurent Gold Round Tube Lipstick 45 Pure Charm Lipstick Moisturizing Travel Makeup 3.2g,14939839128,TIDAK,API_ERROR,Kod API: InvalidApiPath - The specified API Path is invalid,⚠️ PERLU SEMAKAN (Ralat API),https://s.lazada.com.my/s.ZdbZTR?c=d&t=p-iGJ42dE-s2G96JVO,https://s.lazada.com.my/s.ZdbZTR?c=d&t=p-iGJ42dE-s2G96JVO
data_promo_list_01.xlsx,78,Eucerin Ultra SENSITIVE Repair Cream 50ml x2 / Face Moisturize / Sensitive Skin / Hypersensitive / Derma Skincare / Untuk Kulit Sensitive,3936524244,TIDAK,API_ERROR,Kod API: InvalidApiPath - The specified API Path is invalid,⚠️ PERLU SEMAKAN (Ralat API),https://s.lazada.com.my/s.ZdbZTj?c=c&t=p-i4IPFmW-sOikgsN,https://s.lazada.com.my/s.ZdbZTj?c=c&t=p-i4IPFmW-sOikgsN
data_promo_list_01.xlsx,79,SVAGO | Ergonomic Rotating Adjustable Height Makeup Chair Backrest Comfortable Seating for Girls Bedroom Dressing Table Nail Salon,14866960754,TIDAK,API_ERROR,Kod API: InvalidApiPath - The specified API Path is invalid,⚠️ PERLU SEMAKAN (Ralat API),https://s.lazada.com.my/s.ZdbZTQ?c=c&t=p-iGE8Fda-s2FbUG4R,https://s.lazada.com.my/s.ZdbZTQ?c=c&t=p-iGE8Fda-s2FbUG4R
data_promo_list_01.xlsx,80,Vision Nordic Lighting Cosmetic Storage Box with Mirror Magnetic Absorption Makeup Cabinet Large Capacity Skin Care Products Organizer Desktop Drawer Type Stationery Container Dustproof Jewelry Case,3497531908,TIDAK,API_ERROR,Kod API: InvalidApiPath - The specified API Path is invalid,⚠️ PERLU SEMAKAN (Ralat API),https://s.lazada.com.my/s.ZdbZT9?c=d&t=p-i3ohHoy-sL0rRk5,https://s.lazada.com.my/s.ZdbZT9?c=d&t=p-i3ohHoy-sL0rRk5
data_promo_list_01.xlsx,81,"【Official】Unichi Apple Cider Vinegar Gummy Nutrition Ashwagandha Gummy，Weight Control，Weight Loss，Sleep Well，Inner Beauty Supplement, Teddi Lab Gummy",4550504546,TIDAK,API_ERROR,Kod API: InvalidApiPath - The specified API Path is invalid,⚠️ PERLU SEMAKAN (Ralat API),https://s.lazada.com.my/s.ZdbZTk?c=c&t=p-i4xxS6c-sS35SGo,https://s.lazada.com.my/s.ZdbZTk?c=c&t=p-i4xxS6c-sS35SGo
data_promo_list_01.xlsx,82,Eucerin | Eucerin Even Radiance Duo Ampoule 30ml Hydrating Moisturizing Korean Beauty Skincare,14857566524,TIDAK,API_ERROR,Kod API: InvalidApiPath - The specified API Path is invalid,⚠️ PERLU SEMAKAN (Ralat API),https://s.lazada.com.my/s.ZdbZTO?c=d&t=p-iGDUplk-s2FUcOph,https://s.lazada.com.my/s.ZdbZTO?c=d&t=p-iGDUplk-s2FUcOph
data_promo_list_01.xlsx,83,new tech lemon bottle Body serum moisture fat dissolve body skincare,4199225174,TIDAK,API_ERROR,Kod API: InvalidApiPath - The specified API Path is invalid,⚠️ PERLU SEMAKAN (Ralat API),https://s.lazada.com.my/s.ZdbZTn?c=d&t=p-i4aBWII-sPyNoyF,https://s.lazada.com.my/s.ZdbZTn?c=d&t=p-i4aBWII-sPyNoyF
data_promo_list_01.xlsx,84,Large Capacity Dustproof Cosmetic Makeup Desk Storage Box Skin Care Products Organizer Luxury Sensation Desktop Rack,4575135600,TIDAK,API_ERROR,Kod API: InvalidApiPath - The specified API Path is invalid,⚠️ PERLU SEMAKAN (Ralat API),https://s.lazada.com.my/s.ZdbZTM?c=c&t=p-i4zcnlg-sSALZwR,https://s.lazada.com.my/s.ZdbZTM?c=c&t=p-i4zcnlg-sSALZwR
data_promo_list_01.xlsx,85,GINTELL G-Vizee Care Eye Beauty Massager,2541025240,TIDAK,API_ERROR,Kod API: InvalidApiPath - The specified API Path is invalid,⚠️ PERLU SEMAKAN (Ralat API),https://s.lazada.com.my/s.ZdbZTL?c=d&t=p-i2lxsk4-sCIKx3H,https://s.lazada.com.my/s.ZdbZTL?c=d&t=p-i2lxsk4-sCIKx3H
data_promo_list_01.xlsx,86,Round Lab | Round Lab Birch Moisture Tone-Up Sun Cream 50ml X 2 + Pine Cica Sun Stick 10g Korean Beauty Skincare,14947792334,TIDAK,API_ERROR,Kod API: InvalidApiPath - The specified API Path is invalid,⚠️ PERLU SEMAKAN (Ralat API),https://s.lazada.com.my/s.ZdbZTp?c=c&t=p-iGJbPck-s2GAQtWZ,https://s.lazada.com.my/s.ZdbZTp?c=c&t=p-iGJbPck-s2GAQtWZ
data_promo_list_01.xlsx,87,100% original TAKAMI Skin Peel Keratin Beauty Water Essence 30ml made in japan original,2223820960,TIDAK,API_ERROR,Kod API: InvalidApiPath - The specified API Path is invalid,⚠️ PERLU SEMAKAN (Ralat API),https://s.lazada.com.my/s.ZdbZTK?c=d&t=p-i2QUvQ0-sAGO9NI,https://s.lazada.com.my/s.ZdbZTK?c=d&t=p-i2QUvQ0-sAGO9NI
data_promo_list_01.xlsx,88,"【Armani】 Beauty Counter Cosmetic Bags, Beauty Peripherals, Red Clutch Storage Bags, High-End Atmosphere Dinner Bags",14947534078,TIDAK,API_ERROR,Kod API: InvalidApiPath - The specified API Path is invalid,⚠️ PERLU SEMAKAN (Ralat API),https://s.lazada.com.my/s.ZdbZTq?c=d&t=p-iGJaKRK-s2GALOX3,https://s.lazada.com.my/s.ZdbZTq?c=d&t=p-iGJaKRK-s2GALOX3
data_promo_list_01.xlsx,89,Celmonze Rose Essential Face Beauty Oil / Minyak Kecantikan Wajah Celmonze Rose Essential,1522924099,TIDAK,API_ERROR,Kod API: InvalidApiPath - The specified API Path is invalid,⚠️ PERLU SEMAKAN (Ralat API),https://s.lazada.com.my/s.ZdbZTJ?c=d&t=p-i1f427v-sGOZrDU,https://s.lazada.com.my/s.ZdbZTJ?c=d&t=p-i1f427v-sGOZrDU
data_promo_list_01.xlsx,90,ESTEE LAUDER Futurist Aqua Brilliance Makeup 30ml #1C0,3985203927,TIDAK,API_ERROR,Kod API: InvalidApiPath - The specified API Path is invalid,⚠️ PERLU SEMAKAN (Ralat API),https://s.lazada.com.my/s.ZdbZTI?c=c&t=p-i4LhVah-sOqwPoJ,https://s.lazada.com.my/s.ZdbZTI?c=c&t=p-i4LhVah-sOqwPoJ
data_promo_list_01.xlsx,91,Luxurious Rotatable Makeup Stool,14930472389,TIDAK,API_ERROR,Kod API: InvalidApiPath - The specified API Path is invalid,⚠️ PERLU SEMAKAN (Ralat API),https://s.lazada.com.my/s.ZdbZTs?c=d&t=p-iGIQjun-s2G5fqGn,https://s.lazada.com.my/s.ZdbZTs?c=d&t=p-iGIQjun-s2G5fqGn
data_promo_list_01.xlsx,92,"Estee Lauder Advanced Night Cleansing Gelée with 15 Amino Acids | Facial Cleanser, Deep Cleanse Foam ANR | Skincare all skin types | 30ml 100ml",3879511915,TIDAK,API_ERROR,Kod API: InvalidApiPath - The specified API Path is invalid,⚠️ PERLU SEMAKAN (Ralat API),https://s.lazada.com.my/s.ZdbZTH?c=d&t=p-i4EY2Gp-sOUg7Gz,https://s.lazada.com.my/s.ZdbZTH?c=d&t=p-i4EY2Gp-sOUg7Gz
data_promo_list_01.xlsx,93,"Estee Lauder Micro Essence Treatment Lotion with Bio-Ferment | Best Seller Facial Toner, Soothe Nourish All-day Hydration Reduce Redness Irritation | Skincare all skin types, Normal Dry | 30ml 100ml 200ml 400ml",2839973972,TIDAK,API_ERROR,Kod API: InvalidApiPath - The specified API Path is invalid,⚠️ PERLU SEMAKAN (Ralat API),https://s.lazada.com.my/s.ZdbZTt?c=c&t=p-i36CExo-sMvQKNJ,https://s.lazada.com.my/s.ZdbZTt?c=c&t=p-i36CExo-sMvQKNJ
data_promo_list_01.xlsx,94,"[8.8 exclusive | 7 aug, 8pm - 17 aug only] shu uemura setting spray unlimited lasting makeup fix mist for dry and normal skin 170ml",2080908563,TIDAK,API_ERROR,Kod API: InvalidApiPath - The specified API Path is invalid,⚠️ PERLU SEMAKAN (Ralat API),https://s.lazada.com.my/s.ZdbZTG?c=d&t=p-i2GpHNL-s95g1Ur,https://s.lazada.com.my/s.ZdbZTG?c=d&t=p-i2GpHNL-s95g1Ur
data_promo_list_01.xlsx,95,Eucerin Even Radiance Moisturizer 50ml + Spotless Brightening Boosting Essence 100ml Set / Hydration / Face Skincare / Anti-Pigment / Anti-Dark spot / Even Skin Tone / Moisturizing / Brightening / Skin Repair,3200048387,TIDAK,API_ERROR,Kod API: InvalidApiPath - The specified API Path is invalid,⚠️ PERLU SEMAKAN (Ralat API),https://s.lazada.com.my/s.ZdbZTu?c=d&t=p-i3UZ4lf-sSLczbQ,https://s.lazada.com.my/s.ZdbZTu?c=d&t=p-i3UZ4lf-sSLczbQ
data_promo_list_01.xlsx,96,升级版 黑金（4盒）美容院同款转运蛋白加强版升级强效冻干粉黑盒黑金正品一秒SO,4417443923,TIDAK,API_ERROR,Kod API: InvalidApiPath - The specified API Path is invalid,⚠️ PERLU SEMAKAN (Ralat API),https://s.lazada.com.my/s.ZdbZTF?c=c&t=p-i4ox8xX-sR5pSEf,https://s.lazada.com.my/s.ZdbZTF?c=c&t=p-i4ox8xX-sR5pSEf
data_promo_list_01.xlsx,97,AYANAMI | Ultra-Soft Non-absorbent Makeup Sponge Wet and Dry Use for Professional Makeup Artist Puff,14929612962,TIDAK,API_ERROR,Kod API: InvalidApiPath - The specified API Path is invalid,⚠️ PERLU SEMAKAN (Ralat API),https://s.lazada.com.my/s.ZdbZTw?c=c&t=p-iGIN8L4-s2G5MZmp,https://s.lazada.com.my/s.ZdbZTw?c=c&t=p-iGIN8L4-s2G5MZmp
data_promo_list_01.xlsx,98,ZEROID | Richenic Cream with Urea 5% | Intensive Skin Care for Dry & Disordered Skin | Korean Moisturizer | Skin Lotion for Barrier Repair | Korean Dermocoetic Skincare | 2 fl,14918985270,TIDAK,API_ERROR,Kod API: InvalidApiPath - The specified API Path is invalid,⚠️ PERLU SEMAKAN (Ralat API),https://s.lazada.com.my/s.ZdbZTx?c=d&t=p-iGHeXag-s2G1thq9,https://s.lazada.com.my/s.ZdbZTx?c=d&t=p-iGHeXag-s2G1thq9
data_promo_list_01.xlsx,99,Eucerin Radiance Lift Boosting Essence 100ml x2 Twin Pack  Essence  Anti-Aging  Sensitive Skin  Hydrating  Derma Skincare  Anti Penuuan,3982610864,TIDAK,API_ERROR,Kod API: InvalidApiPath - The specified API Path is invalid,⚠️ PERLU SEMAKAN (Ralat API),https://s.lazada.com.my/s.ZdbZTC?c=c&t=p-i4LWd16-sOqAdio,https://s.lazada.com.my/s.ZdbZTC?c=c&t=p-i4LWd16-sOqAdio
data_promo_list_01.xlsx,100,Insbaha | Natural Color Customizable Makeup Palette,14930637484,TIDAK,API_ERROR,Kod API: InvalidApiPath - The specified API Path is invalid,⚠️ PERLU SEMAKAN (Ralat API),https://s.lazada.com.my/s.ZdbZTB?c=d&t=p-iGIRQrc-s2G5A4HY,https://s.lazada.com.my/s.ZdbZTB?c=d&t=p-iGIRQrc-s2G5A4HY
data_promo_list_01.xlsx,101,[medicube] Red Succinic Acid Panthenol Pads |    Niacinamide + Salicylic Acid Skincare,14907095604,TIDAK,API_ERROR,Kod API: InvalidApiPath - The specified API Path is invalid,⚠️ PERLU SEMAKAN (Ralat API),https://s.lazada.com.my/s.ZdbZTz?c=d&t=p-iGGqeXs-s2Fz2hrF,https://s.lazada.com.my/s.ZdbZTz?c=d&t=p-iGGqeXs-s2Fz2hrF
data_promo_list_01.xlsx,102,OSITREE | Soothing Gentle Makeup Remover Oil For Sensitive Skin,14917271621,TIDAK,API_ERROR,Kod API: InvalidApiPath - The specified API Path is invalid,⚠️ PERLU SEMAKAN (Ralat API),https://s.lazada.com.my/s.ZdbZTA?c=d&t=p-iGHXLnB-s2G4ca1a,https://s.lazada.com.my/s.ZdbZTA?c=d&t=p-iGHXLnB-s2G4ca1a
data_promo_list_01.xlsx,103,COOLMAN NOTE | Oil Control Concealing Makeup Kit,14963875389,TIDAK,API_ERROR,Kod API: InvalidApiPath - The specified API Path is invalid,⚠️ PERLU SEMAKAN (Ralat API),https://s.lazada.com.my/s.ZdbZ6a?c=d&t=p-iGKgtYr-s2GEjcpd,https://s.lazada.com.my/s.ZdbZ6a?c=d&t=p-iGKgtYr-s2GEjcpd
data_promo_list_01.xlsx,104,DOCO LAB | Portable Folding LED Smart Makeup Mirror,14941913185,TIDAK,API_ERROR,Kod API: InvalidApiPath - The specified API Path is invalid,⚠️ PERLU SEMAKAN (Ralat API),https://s.lazada.com.my/s.ZdbZ60?c=c&t=p-iGJCkBl-s2G9mfKz,https://s.lazada.com.my/s.ZdbZ60?c=c&t=p-iGJCkBl-s2G9mfKz
data_promo_list_01.xlsx,105,Ulike ReGlow LED Face Mask Facial Machine美容仪,3918482301,TIDAK,API_ERROR,Kod API: InvalidApiPath - The specified API Path is invalid,⚠️ PERLU SEMAKAN (Ralat API),https://s.lazada.com.my/s.ZdbZ6b?c=d&t=p-i4HBYFR-sOharIt,https://s.lazada.com.my/s.ZdbZ6b?c=d&t=p-i4HBYFR-sOharIt
data_promo_list_01.xlsx,106,"high-quality Vitamin E Capsules-Skin and Liver Health, Wrinkle Reduction, Antioxidant,Increase Immune System Supplement- Beauty & Skincare In stock",14942609751,TIDAK,API_ERROR,Kod API: InvalidApiPath - The specified API Path is invalid,⚠️ PERLU SEMAKAN (Ralat API),https://s.lazada.com.my/s.ZdbZ6Y?c=d&t=p-iGJFfOh-s2G98s42,https://s.lazada.com.my/s.ZdbZ6Y?c=d&t=p-iGJFfOh-s2G98s42
data_promo_list_01.xlsx,107,REJUVENEX FORTE REVITALIZING REJUVENATING SOLUTIONS,3479550407,TIDAK,API_ERROR,Kod API: InvalidApiPath - The specified API Path is invalid,⚠️ PERLU SEMAKAN (Ralat API),https://s.lazada.com.my/s.ZdbZ61?c=c&t=p-i3nTq0l-sKloAY1,https://s.lazada.com.my/s.ZdbZ61?c=c&t=p-i3nTq0l-sKloAY1
data_promo_list_01.xlsx,108,KANS | Long-lasting Whitening BB Cream and Lipstick Gift Set,14915750127,TIDAK,API_ERROR,Kod API: InvalidApiPath - The specified API Path is invalid,⚠️ PERLU SEMAKAN (Ralat API),https://s.lazada.com.my/s.ZdbZ6c?c=d&t=p-iGHQxyx-s2G0gygP,https://s.lazada.com.my/s.ZdbZ6c?c=d&t=p-iGHQxyx-s2G0gygP
data_promo_list_01.xlsx,109,Innisfree | Innisfree Black Tea Youth Enhancing Skincare Set,4729971621,TIDAK,API_ERROR,Kod API: InvalidApiPath - The specified API Path is invalid,⚠️ PERLU SEMAKAN (Ralat API),https://s.lazada.com.my/s.ZdbZ6X?c=d&t=p-i5A6Tgr-sT0O3Zz,https://s.lazada.com.my/s.ZdbZ6X?c=d&t=p-i5A6Tgr-sT0O3Zz
data_promo_list_01.xlsx,110,Furniture 🛋️【JYJU】Meja Solek Bedroom Small Makeup Table with Mirror & Drawer Makeup Cosmetic Table 小型梳妆台,4689641817,TIDAK,API_ERROR,Kod API: InvalidApiPath - The specified API Path is invalid,⚠️ PERLU SEMAKAN (Ralat API),https://s.lazada.com.my/s.ZdbZ6W?c=c&t=p-i57NG49-sShMf6E,https://s.lazada.com.my/s.ZdbZ6W?c=c&t=p-i57NG49-sShMf6E
data_promo_list_01.xlsx,111,"In Stock [100% Authentic] REJURAN PDRN (c-PDRN) Gold Set / Dual-Effect Ampoules 30ml + Transformative Cream 50ml. Deeply rejuvenates, anti-wrinkle, improves skin elasticity, and provides visible anti-aging effects. Korean skincare products.",14914760726,TIDAK,API_ERROR,Kod API: InvalidApiPath - The specified API Path is invalid,⚠️ PERLU SEMAKAN (Ralat API),https://s.lazada.com.my/s.ZdbZ63?c=c&t=p-iGHMoas-s2G1Gr3P,https://s.lazada.com.my/s.ZdbZ63?c=c&t=p-iGHMoas-s2G1Gr3P
data_promo_list_04.xlsx,2,adidas | Adidas Kids Adicolor Crew Set Iy4784,14942616619,TIDAK,API_ERROR,Kod API: InvalidApiPath - The specified API Path is invalid,⚠️ PERLU SEMAKAN (Ralat API),https://s.lazada.com.my/s.ZdbN7X?c=c&t=p-iGJFhBT-s2G9mga7,https://s.lazada.com.my/s.ZdbN7X?c=c&t=p-iGJFhBT-s2G9mga7
data_promo_list_04.xlsx,3,Child Unisex Travel Crossbody Waist Pack,14952310332,TIDAK,API_ERROR,Kod API: InvalidApiPath - The specified API Path is invalid,⚠️ PERLU SEMAKAN (Ralat API),https://s.lazada.com.my/s.ZdbN7W?c=c&t=p-iGJuMxg-s2GBWrsB,https://s.lazada.com.my/s.ZdbN7W?c=c&t=p-iGJuMxg-s2GBWrsB
data_promo_list_04.xlsx,4,adidas | Adidas Kids Original Full-Zip Hoodie Jx2789,14942118164,TIDAK,API_ERROR,Kod API: InvalidApiPath - The specified API Path is invalid,⚠️ PERLU SEMAKAN (Ralat API),https://s.lazada.com.my/s.ZdbN7e?c=d&t=p-iGJDbVs-s2G9ZDxJ,https://s.lazada.com.my/s.ZdbN7e?c=d&t=p-iGJDbVs-s2G9ZDxJ
data_promo_list_04.xlsx,5,XIAOYINGCAI | Cute and Lightweight Kids Backpack,14915266367,TIDAK,API_ERROR,Kod API: InvalidApiPath - The specified API Path is invalid,⚠️ PERLU SEMAKAN (Ralat API),https://s.lazada.com.my/s.ZdbN7V?c=d&t=p-iGHOw8N-s2G1O3Uu,https://s.lazada.com.my/s.ZdbN7V?c=d&t=p-iGHOw8N-s2G1O3Uu
data_promo_list_04.xlsx,6,FILA | Fk253Cd01X039 Hipi Kids,14933758077,TIDAK,API_ERROR,Kod API: InvalidApiPath - The specified API Path is invalid,⚠️ PERLU SEMAKAN (Ralat API),https://s.lazada.com.my/s.ZdbN7f?c=d&t=p-iGIeWfl-s2G6jg3r,https://s.lazada.com.my/s.ZdbN7f?c=d&t=p-iGIeWfl-s2G6jg3r
data_promo_list_04.xlsx,7,Crocs | Kids Slipper Sandals Tqj 207013 100 Baya Clog White Toddler,14936331241,TIDAK,API_ERROR,Kod API: InvalidApiPath - The specified API Path is invalid,⚠️ PERLU SEMAKAN (Ralat API),https://s.lazada.com.my/s.ZdbN7M?c=d&t=p-iGIpK4P-s2G74kkI,https://s.lazada.com.my/s.ZdbN7M?c=d&t=p-iGIpK4P-s2G74kkI
data_promo_list_04.xlsx,8,Skechers | Easy On Breathable Summer Casual Athletic Shoes for Children,14844793395,TIDAK,API_ERROR,Kod API: InvalidApiPath - The specified API Path is invalid,⚠️ PERLU SEMAKAN (Ralat API),https://s.lazada.com.my/s.ZdbN7p?c=c&t=p-iGCdEtX-s2GANFhK,https://s.lazada.com.my/s.ZdbN7p?c=c&t=p-iGCdEtX-s2GANFhK
data_promo_list_04.xlsx,9,Kids Breathable Beginner Rollerskates,2795264768,TIDAK,API_ERROR,Kod API: InvalidApiPath - The specified API Path is invalid,⚠️ PERLU SEMAKAN (Ralat API),https://s.lazada.com.my/s.ZdbN7q?c=d&t=p-i33Ae3c-sEavoEO,https://s.lazada.com.my/s.ZdbN7q?c=d&t=p-i33Ae3c-sEavoEO
data_promo_list_04.xlsx,10,New Style Elegant Children's Girl Outfit,14883175717,TIDAK,API_ERROR,Kod API: InvalidApiPath - The specified API Path is invalid,⚠️ PERLU SEMAKAN (Ralat API),https://s.lazada.com.my/s.ZdbN7r?c=c&t=p-iGFEHtF-s2FqLa7Y,https://s.lazada.com.my/s.ZdbN7r?c=c&t=p-iGFEHtF-s2FqLa7Y
data_promo_list_04.xlsx,11,Aesthetic Versatile Student Backpack,14946593500,TIDAK,API_ERROR,Kod API: InvalidApiPath - The specified API Path is invalid,⚠️ PERLU SEMAKAN (Ralat API),https://s.lazada.com.my/s.ZdbN7H?c=c&t=p-iGJWNki-s2GBBHvm,https://s.lazada.com.my/s.ZdbN7H?c=c&t=p-iGJWNki-s2GBBHvm
data_promo_list_04.xlsx,12,Load Reducing Children Backpack,14933712354,TIDAK,API_ERROR,Kod API: InvalidApiPath - The specified API Path is invalid,⚠️ PERLU SEMAKAN (Ralat API),https://s.lazada.com.my/s.ZdbN7t?c=c&t=p-iGIeKmI-s2G5x8GP,https://s.lazada.com.my/s.ZdbN7t?c=c&t=p-iGIeKmI-s2G5x8GP
data_promo_list_04.xlsx,13,UNIVERSITY OF OXFORD | Light Load-Reducing Spine-Protective School Bag for Girls Large Capacity,14930290104,TIDAK,API_ERROR,Kod API: InvalidApiPath - The specified API Path is invalid,⚠️ PERLU SEMAKAN (Ralat API),https://s.lazada.com.my/s.ZdbNi2?c=d&t=p-iGIPyUi-s2G4ljP2,https://s.lazada.com.my/s.ZdbNi2?c=d&t=p-iGIPyUi-s2G4ljP2
data_promo_list_04.xlsx,14,ESE·Y | Colorfast Slimming Deep Blue Loose Straight Fit Jeans,4820960036,TIDAK,API_ERROR,Kod API: InvalidApiPath - The specified API Path is invalid,⚠️ PERLU SEMAKAN (Ralat API),https://s.lazada.com.my/s.ZdbNi3?c=c&t=p-i5GGFvw-sTnOYik,https://s.lazada.com.my/s.ZdbNi3?c=c&t=p-i5GGFvw-sTnOYik
data_promo_list_04.xlsx,15,KECHU | Water Resistant Outdoor Jacket,14882944085,TIDAK,API_ERROR,Kod API: InvalidApiPath - The specified API Path is invalid,⚠️ PERLU SEMAKAN (Ralat API),https://s.lazada.com.my/s.ZdbNie?c=d&t=p-iGFDJdF-s2FqBhg0,https://s.lazada.com.my/s.ZdbNie?c=d&t=p-iGFDJdF-s2FqBhg0
data_promo_list_04.xlsx,16,Ginoble | New Autumn Functional Baby Shoes,14886428455,TIDAK,API_ERROR,Kod API: InvalidApiPath - The specified API Path is invalid,⚠️ PERLU SEMAKAN (Ralat API),https://s.lazada.com.my/s.ZdbNiV?c=c&t=p-iGFRw4l-s2Fs0K2e,https://s.lazada.com.my/s.ZdbNiV?c=c&t=p-iGFRw4l-s2Fs0K2e
data_promo_list_04.xlsx,17,adidas | Ji0506 Superstar Led Light Comfort Closure Kids White 4870140,14936405366,TIDAK,API_ERROR,Kod API: InvalidApiPath - The specified API Path is invalid,⚠️ PERLU SEMAKAN (Ralat API),https://s.lazada.com.my/s.ZdbNi4?c=c&t=p-iGIpdLy-s2G75xU8,https://s.lazada.com.my/s.ZdbNi4?c=c&t=p-iGIpdLy-s2G75xU8
data_promo_list_04.xlsx,18,adidas | Ih7044 Adidas X Disney Alice Adifom Samba 360 Kids White 5876556,14933572594,TIDAK,API_ERROR,Kod API: InvalidApiPath - The specified API Path is invalid,⚠️ PERLU SEMAKAN (Ralat API),https://s.lazada.com.my/s.ZdbNiU?c=c&t=p-iGIdkQ6-s2G6hqeI,https://s.lazada.com.my/s.ZdbNiU?c=c&t=p-iGIdkQ6-s2G6hqeI
data_promo_list_04.xlsx,19,adidas | Adidas Junior Z.N.E. Tapered Leg Pants Jf2491,14938858009,TIDAK,API_ERROR,Kod API: InvalidApiPath - The specified API Path is invalid,⚠️ PERLU SEMAKAN (Ralat API),https://s.lazada.com.my/s.ZdbNig?c=c&t=p-iGIzvOj-s2G8PuyI,https://s.lazada.com.my/s.ZdbNig?c=c&t=p-iGIzvOj-s2G8PuyI
data_promo_list_04.xlsx,20,Beckmann Pre School 12L,3113251641,TIDAK,API_ERROR,Kod API: InvalidApiPath - The specified API Path is invalid,⚠️ PERLU SEMAKAN (Ralat API),https://s.lazada.com.my/s.ZdbNiL?c=d&t=p-i3Ogsy9-sJUNTa7,https://s.lazada.com.my/s.ZdbNiL?c=d&t=p-i3Ogsy9-sJUNTa7
data_promo_list_04.xlsx,21,Batwing Sleeve Rhinestone Trimmed Modal Set Drawstring Bottom,14954268606,TIDAK,API_ERROR,Kod API: InvalidApiPath - The specified API Path is invalid,⚠️ PERLU SEMAKAN (Ralat API),https://s.lazada.com.my/s.ZdbNiq?c=d&t=p-iGK2aOk-s2GBwUqV,https://s.lazada.com.my/s.ZdbNiq?c=d&t=p-iGK2aOk-s2GBwUqV
data_promo_list_04.xlsx,22,adidas | Adidas Junior Jk down Vest Ji6226,14940205345,TIDAK,API_ERROR,Kod API: InvalidApiPath - The specified API Path is invalid,⚠️ PERLU SEMAKAN (Ralat API),https://s.lazada.com.my/s.ZdbNir?c=c&t=p-iGJ5Ztx-s2G9EeCO,https://s.lazada.com.my/s.ZdbNir?c=c&t=p-iGJ5Ztx-s2G9EeCO
data_promo_list_04.xlsx,23,Sweet Children Shoes,4813683485,TIDAK,API_ERROR,Kod API: InvalidApiPath - The specified API Path is invalid,⚠️ PERLU SEMAKAN (Ralat API),https://s.lazada.com.my/s.ZdbNiH?c=d&t=p-i5FliyD-sTjG0s4,https://s.lazada.com.my/s.ZdbNiH?c=d&t=p-i5FliyD-sTjG0s4
data_promo_list_04.xlsx,24,"(M-XXL) Huggies Dry Pants [6 Jumbo Packs]| TikTok Exclusive| Baby Diapers Pants, Potty Train Diaper",14929318364,TIDAK,API_ERROR,Kod API: InvalidApiPath - The specified API Path is invalid,⚠️ PERLU SEMAKAN (Ralat API),https://s.lazada.com.my/s.ZdbNit?c=d&t=p-iGILthU-s2G5D7tU,https://s.lazada.com.my/s.ZdbNit?c=d&t=p-iGILthU-s2G5D7tU
data_promo_list_04.xlsx,25,Zootopia Judy Hopps Cosplay Dress,14963091754,TIDAK,API_ERROR,Kod API: InvalidApiPath - The specified API Path is invalid,⚠️ PERLU SEMAKAN (Ralat API),https://s.lazada.com.my/s.ZdbNiu?c=d&t=p-iGKdbha-s2GFRFBr,https://s.lazada.com.my/s.ZdbNiu?c=d&t=p-iGKdbha-s2GFRFBr
data_promo_list_04.xlsx,26,adidas | Jh5194 Adifom Samba 360 Children,14938868239,TIDAK,API_ERROR,Kod API: InvalidApiPath - The specified API Path is invalid,⚠️ PERLU SEMAKAN (Ralat API),https://s.lazada.com.my/s.ZdbNiv?c=d&t=p-iGIzy3j-s2G8Q4zM,https://s.lazada.com.my/s.ZdbNiv?c=d&t=p-iGIzy3j-s2G8Q4zM
data_promo_list_04.xlsx,27,Crocs | Kids Slipper Sandals Tqj 204133 942 Crocsfunlab Lights Mnsttrk Gpt,14936379032,TIDAK,API_ERROR,Kod API: InvalidApiPath - The specified API Path is invalid,⚠️ PERLU SEMAKAN (Ralat API),https://s.lazada.com.my/s.ZdbNR3?c=c&t=p-iGIpWVE-s2G750ij,https://s.lazada.com.my/s.ZdbNR3?c=c&t=p-iGIpWVE-s2G750ij
data_promo_list_04.xlsx,28,LeSportsac | Stylish Cartoon Dog Large Capacity Tote Bag,14922398244,TIDAK,API_ERROR,Kod API: InvalidApiPath - The specified API Path is invalid,⚠️ PERLU SEMAKAN (Ralat API),https://s.lazada.com.my/s.ZdbNRe?c=c&t=p-iGHsrSe-s2G2jIip,https://s.lazada.com.my/s.ZdbNRe?c=c&t=p-iGHsrSe-s2G2jIip
data_promo_list_04.xlsx,29,ZICHAO | Ultra Light Cute Children's School Backpack,14958728320,TIDAK,API_ERROR,Kod API: InvalidApiPath - The specified API Path is invalid,⚠️ PERLU SEMAKAN (Ralat API),https://s.lazada.com.my/s.ZdbNR4?c=c&t=p-iGKLIZc-s2GDN42A,https://s.lazada.com.my/s.ZdbNR4?c=c&t=p-iGKLIZc-s2GDN42A
data_promo_list_04.xlsx,30,adidas | Adidas Campus 00S Brown Jh7605,14934918046,TIDAK,API_ERROR,Kod API: InvalidApiPath - The specified API Path is invalid,⚠️ PERLU SEMAKAN (Ralat API),https://s.lazada.com.my/s.ZdbNRf?c=c&t=p-iGIjOQw-s2G6LcvK,https://s.lazada.com.my/s.ZdbNRf?c=c&t=p-iGIjOQw-s2G6LcvK
data_promo_list_04.xlsx,31,Non-slip Comfortable School Shoes,4813668826,TIDAK,API_ERROR,Kod API: InvalidApiPath - The specified API Path is invalid,⚠️ PERLU SEMAKAN (Ralat API),https://s.lazada.com.my/s.ZdbNR5?c=d&t=p-i5Flf9m-sTjIAkI,https://s.lazada.com.my/s.ZdbNR5?c=d&t=p-i5Flf9m-sTjIAkI
data_promo_list_04.xlsx,32,Caran·Y | Load Reducing Boys Girls Backpack,14899388528,TIDAK,API_ERROR,Kod API: InvalidApiPath - The specified API Path is invalid,⚠️ PERLU SEMAKAN (Ralat API),https://s.lazada.com.my/s.ZdbNRT?c=c&t=p-iGGKJaC-s2GChnN1,https://s.lazada.com.my/s.ZdbNRT?c=c&t=p-iGGKJaC-s2GChnN1
data_promo_list_04.xlsx,33,Dickies | Anti-slip Soft Bottom Children's Shoes,14862021427,TIDAK,API_ERROR,Kod API: InvalidApiPath - The specified API Path is invalid,⚠️ PERLU SEMAKAN (Ralat API),https://s.lazada.com.my/s.ZdbNRp?c=c&t=p-iGDnWh1-s2FY18IB,https://s.lazada.com.my/s.ZdbNRp?c=c&t=p-iGDnWh1-s2FY18IB
data_promo_list_04.xlsx,34,Ginoble | Summer Baby Learning Shoes Sandals,14880438255,TIDAK,API_ERROR,Kod API: InvalidApiPath - The specified API Path is invalid,⚠️ PERLU SEMAKAN (Ralat API),https://s.lazada.com.my/s.ZdbNRK?c=d&t=p-iGF2nkd-s2FmkaAt,https://s.lazada.com.my/s.ZdbNRK?c=d&t=p-iGF2nkd-s2FmkaAt
data_promo_list_04.xlsx,35,Short Sleeve Breathable Modal Cool Feeling Prevent Kick-Off Sleep Bag,14935016245,TIDAK,API_ERROR,Kod API: InvalidApiPath - The specified API Path is invalid,⚠️ PERLU SEMAKAN (Ralat API),https://s.lazada.com.my/s.ZdbNRJ?c=c&t=p-iGIjnyn-s2G6NBQF,https://s.lazada.com.my/s.ZdbNRJ?c=c&t=p-iGIjnyn-s2G6NBQF
data_promo_list_04.xlsx,36,BINGXI | Warm Thickened Traditional Style Baby Boy Clothing for Winter and Festivals,14882679608,TIDAK,API_ERROR,Kod API: InvalidApiPath - The specified API Path is invalid,⚠️ PERLU SEMAKAN (Ralat API),https://s.lazada.com.my/s.ZdbNRI?c=d&t=p-iGFCCpU-s2FpCaXv,https://s.lazada.com.my/s.ZdbNRI?c=d&t=p-iGFCCpU-s2FpCaXv
data_promo_list_04.xlsx,37,"NewBalance 993 Presidential Retro Dad Shoes, Original Gray Unisex Comfort Casual Sneakers -2",14944739668,TIDAK,API_ERROR,Kod API: InvalidApiPath - The specified API Path is invalid,⚠️ PERLU SEMAKAN (Ralat API),https://s.lazada.com.my/s.ZdbNRs?c=c&t=p-iGJObUC-s2GAaDcw,https://s.lazada.com.my/s.ZdbNRs?c=c&t=p-iGJObUC-s2GAaDcw
data_promo_list_04.xlsx,38,Jeep | Winter Warm Lined Children Boots,14867472887,TIDAK,API_ERROR,Kod API: InvalidApiPath - The specified API Path is invalid,⚠️ PERLU SEMAKAN (Ralat API),https://s.lazada.com.my/s.ZdbNRH?c=d&t=p-iGEAOrn-s2FcWZKR,https://s.lazada.com.my/s.ZdbNRH?c=d&t=p-iGEAOrn-s2FcWZKR
data_promo_list_04.xlsx,39,adidas | Adidas Kids Superstar Quick on I Kk2177,14938127325,TIDAK,API_ERROR,Kod API: InvalidApiPath - The specified API Path is invalid,⚠️ PERLU SEMAKAN (Ralat API),https://s.lazada.com.my/s.ZdbNRt?c=d&t=p-iGIwrJV-s2G7et15,https://s.lazada.com.my/s.ZdbNRt?c=d&t=p-iGIwrJV-s2G7et15
data_promo_list_04.xlsx,40,baomafanxi | Ergonomic Lightweight Large Capacity Backpack,14865023867,TIDAK,API_ERROR,Kod API: InvalidApiPath - The specified API Path is invalid,⚠️ PERLU SEMAKAN (Ralat API),https://s.lazada.com.my/s.ZdbN82?c=d&t=p-iGE07lT-s2FaVVS9,https://s.lazada.com.my/s.ZdbN82?c=d&t=p-iGE07lT-s2FaVVS9
data_promo_list_04.xlsx,41,PUMA | Kids Suede Classic V Pk53As306 5340163,14938261523,TIDAK,API_ERROR,Kod API: InvalidApiPath - The specified API Path is invalid,⚠️ PERLU SEMAKAN (Ralat API),https://s.lazada.com.my/s.ZdbN8d?c=c&t=p-iGIxQDz-s2G7hbTj,https://s.lazada.com.my/s.ZdbN8d?c=c&t=p-iGIxQDz-s2G7hbTj
data_promo_list_04.xlsx,42,F426 | Fluffy Collar Embroidered Rabbit Jacket,14842542261,TIDAK,API_ERROR,Kod API: InvalidApiPath - The specified API Path is invalid,⚠️ PERLU SEMAKAN (Ralat API),https://s.lazada.com.my/s.ZdbN8W?c=c&t=p-iGCTnGv-s2FBkZ0p,https://s.lazada.com.my/s.ZdbN8W?c=c&t=p-iGCTnGv-s2FBkZ0p
data_promo_list_04.xlsx,43,Dickies | Anti-slip Summer Sandal Soft Sole Water Sports Shoes,14942432752,TIDAK,API_ERROR,Kod API: InvalidApiPath - The specified API Path is invalid,⚠️ PERLU SEMAKAN (Ralat API),https://s.lazada.com.my/s.ZdbN83?c=c&t=p-iGJEvLs-s2G9hz9m,https://s.lazada.com.my/s.ZdbN83?c=c&t=p-iGJEvLs-s2G9hz9m
data_promo_list_04.xlsx,44,adidas | Ke9977 Unisex Top and Bottom Set Apparel Adidas X Disney Alice Firebird,14932913584,TIDAK,API_ERROR,Kod API: InvalidApiPath - The specified API Path is invalid,⚠️ PERLU SEMAKAN (Ralat API),https://s.lazada.com.my/s.ZdbN8e?c=c&t=p-iGIayyu-s2G5uSyQ,https://s.lazada.com.my/s.ZdbN8e?c=c&t=p-iGIayyu-s2G5uSyQ
data_promo_list_04.xlsx,45,Ginoble | Function Baby Shoes Spring Autumn,14886963124,TIDAK,API_ERROR,Kod API: InvalidApiPath - The specified API Path is invalid,⚠️ PERLU SEMAKAN (Ralat API),https://s.lazada.com.my/s.ZdbN8V?c=c&t=p-iGFUBAS-s2FrUdgw,https://s.lazada.com.my/s.ZdbN8V?c=c&t=p-iGFUBAS-s2FrUdgw
data_promo_list_04.xlsx,46,Caran·Y | Child Backpack Lightweight School Bag,4726436617,TIDAK,API_ERROR,Kod API: InvalidApiPath - The specified API Path is invalid,⚠️ PERLU SEMAKAN (Ralat API),https://s.lazada.com.my/s.ZdbN8f?c=d&t=p-i59re4f-sSxYPLM,https://s.lazada.com.my/s.ZdbN8f?c=d&t=p-i59re4f-sSxYPLM
data_promo_list_04.xlsx,47,New Balance Kids Exclusive_Mesh Lined Windbreaker Nk9Agb112U_Black (),14942061891,TIDAK,API_ERROR,Kod API: InvalidApiPath - The specified API Path is invalid,⚠️ PERLU SEMAKAN (Ralat API),https://s.lazada.com.my/s.ZdbN85?c=d&t=p-iGJDMsF-s2G9tkdP,https://s.lazada.com.my/s.ZdbN85?c=d&t=p-iGJDMsF-s2G9tkdP
data_promo_list_04.xlsx,48,Disney | Ergonomic Spine-Protecting Lightweight High Capacity Backpack,14869036058,TIDAK,API_ERROR,Kod API: InvalidApiPath - The specified API Path is invalid,⚠️ PERLU SEMAKAN (Ralat API),https://s.lazada.com.my/s.ZdbN8o?c=c&t=p-iGEGxWE-s2Fd8JtS,https://s.lazada.com.my/s.ZdbN8o?c=c&t=p-iGEGxWE-s2Fd8JtS
data_promo_list_04.xlsx,49,The North Face Kids Playboost Crew Set Gray Nt7Us13S,14937208813,TIDAK,API_ERROR,Kod API: InvalidApiPath - The specified API Path is invalid,⚠️ PERLU SEMAKAN (Ralat API),https://s.lazada.com.my/s.ZdbN8p?c=d&t=p-iGIt0Mn-s2G7u8b3,https://s.lazada.com.my/s.ZdbN8p?c=d&t=p-iGIt0Mn-s2G7u8b3
data_promo_list_04.xlsx,50,adidas | Adidas Kids Samba Og C Jh7602,14940225151,TIDAK,API_ERROR,Kod API: InvalidApiPath - The specified API Path is invalid,⚠️ PERLU SEMAKAN (Ralat API),https://s.lazada.com.my/s.ZdbN8J?c=d&t=p-iGJ5f3P-s2G9EZ4U,https://s.lazada.com.my/s.ZdbN8J?c=d&t=p-iGJ5f3P-s2G9EZ4U
data_promo_list_04.xlsx,51,Skechers | Spring Strawberry Bear Thick Sole Running Shoes,14867669654,TIDAK,API_ERROR,Kod API: InvalidApiPath - The specified API Path is invalid,⚠️ PERLU SEMAKAN (Ralat API),https://s.lazada.com.my/s.ZdbN8r?c=c&t=p-iGEBE3S-s2FbyxKw,https://s.lazada.com.my/s.ZdbN8r?c=c&t=p-iGEBE3S-s2FbyxKw
data_promo_list_04.xlsx,52,New Balance | New Balance Kids Sneakers Rqj Nkpmgs166B-19 Iv878St1,14941028598,TIDAK,API_ERROR,Kod API: InvalidApiPath - The specified API Path is invalid,⚠️ PERLU SEMAKAN (Ralat API),https://s.lazada.com.my/s.ZdbN8s?c=c&t=p-iGJ924E-s2G8T4sj,https://s.lazada.com.my/s.ZdbN8s?c=c&t=p-iGJ924E-s2G8T4sj
data_promo_list_04.xlsx,53,Jeep | Waterproof Insulated Boots Genuine Leather For Kids,14868538796,TIDAK,API_ERROR,Kod API: InvalidApiPath - The specified API Path is invalid,⚠️ PERLU SEMAKAN (Ralat API),https://s.lazada.com.my/s.ZdbN8t?c=d&t=p-iGEEs9s-s2FdJQvm,https://s.lazada.com.my/s.ZdbN8t?c=d&t=p-iGEEs9s-s2FdJQvm
data_promo_list_04.xlsx,54,Crocs | Flsharklightsclog Kids Slipper Sandals Tqj 207070 410 K Navy,14936329202,TIDAK,API_ERROR,Kod API: InvalidApiPath - The specified API Path is invalid,⚠️ PERLU SEMAKAN (Ralat API),https://s.lazada.com.my/s.ZdbNj2?c=c&t=p-iGIpJXW-s2G7siqq,https://s.lazada.com.my/s.ZdbNj2?c=c&t=p-iGIpJXW-s2G7siqq
data_promo_list_04.xlsx,55,adidas | Thermal High-top Snow Boots,4762767143,TIDAK,API_ERROR,Kod API: InvalidApiPath - The specified API Path is invalid,⚠️ PERLU SEMAKAN (Ralat API),https://s.lazada.com.my/s.ZdbNjd?c=c&t=p-i5CK5It-sTHpkb4,https://s.lazada.com.my/s.ZdbNjd?c=c&t=p-i5CK5It-sTHpkb4
data_promo_list_04.xlsx,56,Dickies | Non-slip Sandals for Boys,14946613321,TIDAK,API_ERROR,Kod API: InvalidApiPath - The specified API Path is invalid,⚠️ PERLU SEMAKAN (Ralat API),https://s.lazada.com.my/s.ZdbNj3?c=d&t=p-iGJWSuP-s2GBAtOP,https://s.lazada.com.my/s.ZdbNj3?c=d&t=p-iGJWSuP-s2GBAtOP
data_promo_list_04.xlsx,57,Chinese Style Children's Clothing Dimple Kids High Sweet Pear Turbulence Boys And Girls Cotton Jacket Autumn Winter Coat,4415439700,TIDAK,API_ERROR,Kod API: InvalidApiPath - The specified API Path is invalid,⚠️ PERLU SEMAKAN (Ralat API),https://s.lazada.com.my/s.ZdbNje?c=c&t=p-i4oojZM-sR4Q91y,https://s.lazada.com.my/s.ZdbNje?c=c&t=p-i4oojZM-sR4Q91y
data_promo_list_04.xlsx,58,Cute & Stylish 2025 New Japanese Style Backpack,14922392048,TIDAK,API_ERROR,Kod API: InvalidApiPath - The specified API Path is invalid,⚠️ PERLU SEMAKAN (Ralat API),https://s.lazada.com.my/s.ZdbNj4?c=c&t=p-iGHspqi-s2G3WAyx,https://s.lazada.com.my/s.ZdbNj4?c=c&t=p-iGHspqi-s2G3WAyx
data_promo_list_04.xlsx,59,"PUMA | Authentic Store Product Kids' Top and Bottom Set, Toddler Double Line Sweatshirt Set Pk51Os303",14940903488,TIDAK,API_ERROR,Kod API: InvalidApiPath - The specified API Path is invalid,⚠️ PERLU SEMAKAN (Ralat API),https://s.lazada.com.my/s.ZdbNjU?c=d&t=p-iGJ8VWK-s2G9Peib,https://s.lazada.com.my/s.ZdbNjU?c=d&t=p-iGJ8VWK-s2G9Peib
data_promo_list_04.xlsx,60,FPA | Polka Dot and Contrast Color Hooded Sweatshirt,4810127300,TIDAK,API_ERROR,Kod API: InvalidApiPath - The specified API Path is invalid,⚠️ PERLU SEMAKAN (Ralat API),https://s.lazada.com.my/s.ZdbNjg?c=d&t=p-i5FWnqO-sTefwP6,https://s.lazada.com.my/s.ZdbNjg?c=d&t=p-i5FWnqO-sTefwP6
data_promo_list_04.xlsx,61,The North Face Kids Hike Capri Crew Set Ivory Nt7Us14S,14940917981,TIDAK,API_ERROR,Kod API: InvalidApiPath - The specified API Path is invalid,⚠️ PERLU SEMAKAN (Ralat API),https://s.lazada.com.my/s.ZdbNjL?c=d&t=p-iGJ8ZI5-s2G9QKJe,https://s.lazada.com.my/s.ZdbNjL?c=d&t=p-iGJ8ZI5-s2G9QKJe
data_promo_list_04.xlsx,62,cresry | Casual Boy Hoodie Suit,14883587365,TIDAK,API_ERROR,Kod API: InvalidApiPath - The specified API Path is invalid,⚠️ PERLU SEMAKAN (Ralat API),https://s.lazada.com.my/s.ZdbNjK?c=d&t=p-iGFG0yj-s2FqenZE,https://s.lazada.com.my/s.ZdbNjK?c=d&t=p-iGFG0yj-s2FqenZE
data_promo_list_04.xlsx,63,Crocs | M Kids Slipper Sandals Tqj 204994 6X0 Crocband Mi Key Fun Wrap Light Kids 294297,14937216004,TIDAK,API_ERROR,Kod API: InvalidApiPath - The specified API Path is invalid,⚠️ PERLU SEMAKAN (Ralat API),https://s.lazada.com.my/s.ZdbNjq?c=c&t=p-iGIt2Em-s2G753JQ,https://s.lazada.com.my/s.ZdbNjq?c=c&t=p-iGIt2Em-s2G753JQ
data_promo_list_04.xlsx,64,Skechers | Thick Sole Cushioned Kids' Sneakers,14868616908,TIDAK,API_ERROR,Kod API: InvalidApiPath - The specified API Path is invalid,⚠️ PERLU SEMAKAN (Ralat API),https://s.lazada.com.my/s.ZdbNjr?c=d&t=p-iGEFCTk-s2Fcz0ju,https://s.lazada.com.my/s.ZdbNjr?c=d&t=p-iGEFCTk-s2Fcz0ju
data_promo_list_04.xlsx,65,8L Affenzahn FAL Bag For Women Kid Bag School Ergonomic Backpack With Adjustable Strap For Large Friend Cartoon Bag 3-5 Years [German Brand],2146704224,TIDAK,API_ERROR,Kod API: InvalidApiPath - The specified API Path is invalid,⚠️ PERLU SEMAKAN (Ralat API),https://s.lazada.com.my/s.ZdbNjI?c=d&t=p-i2LHLpg-sGcMOLU,https://s.lazada.com.my/s.ZdbNjI?c=d&t=p-i2LHLpg-sGcMOLU
data_promo_list_04.xlsx,66,New Balance | M New Balance Kids Windbreaker Pqc Nk9Agb224U-19 Color Mix Single-Layer Windbreaker,14938896611,TIDAK,API_ERROR,Kod API: InvalidApiPath - The specified API Path is invalid,⚠️ PERLU SEMAKAN (Ralat API),https://s.lazada.com.my/s.ZdbNjH?c=d&t=p-iGJ05RL-s2G7cXK1,https://s.lazada.com.my/s.ZdbNjH?c=d&t=p-iGJ05RL-s2G7cXK1
data_promo_list_04.xlsx,67,New Balance Kids Exclusive_Mesh Lined Windbreaker Nk9Agb112U_Yellow (),14942860272,TIDAK,API_ERROR,Kod API: InvalidApiPath - The specified API Path is invalid,⚠️ PERLU SEMAKAN (Ralat API),https://s.lazada.com.my/s.ZdbNjG?c=c&t=p-iGJGiZM-s2G94iw3,https://s.lazada.com.my/s.ZdbNjG?c=c&t=p-iGJGiZM-s2G94iw3
data_promo_list_04.xlsx,68,UNIVERSITY OF OXFORD | Lightweight Protective Spine Large Capacity Schoolbag for Girls,14929703275,TIDAK,API_ERROR,Kod API: InvalidApiPath - The specified API Path is invalid,⚠️ PERLU SEMAKAN (Ralat API),https://s.lazada.com.my/s.ZdbNQ2?c=d&t=p-iGINVpj-s2G5Z4VV,https://s.lazada.com.my/s.ZdbNQ2?c=d&t=p-iGINVpj-s2G5Z4VV
data_promo_list_04.xlsx,69,The North Face Kids Playboost Crew Set Black Nt7Us13T,14936365608,TIDAK,API_ERROR,Kod API: InvalidApiPath - The specified API Path is invalid,⚠️ PERLU SEMAKAN (Ralat API),https://s.lazada.com.my/s.ZdbNQd?c=d&t=p-iGIpT0i-s2G76Eha,https://s.lazada.com.my/s.ZdbNQd?c=d&t=p-iGIpT0i-s2G76Eha
data_promo_list_04.xlsx,70,QVEi | Professional Children's Latin Dance Uniform,14883617376,TIDAK,API_ERROR,Kod API: InvalidApiPath - The specified API Path is invalid,⚠️ PERLU SEMAKAN (Ralat API),https://s.lazada.com.my/s.ZdbNQW?c=d&t=p-iGFG8mm-s2FqgR0u,https://s.lazada.com.my/s.ZdbNQW?c=d&t=p-iGFG8mm-s2FqgR0u
data_promo_list_04.xlsx,71,Ergonomic Spine-protection Backpack for Students Large Capacity,14954864372,TIDAK,API_ERROR,Kod API: InvalidApiPath - The specified API Path is invalid,⚠️ PERLU SEMAKAN (Ralat API),https://s.lazada.com.my/s.ZdbNQ3?c=d&t=p-iGK55Ns-s2GD2Bf2,https://s.lazada.com.my/s.ZdbNQ3?c=d&t=p-iGK55Ns-s2GD2Bf2
data_promo_list_04.xlsx,72,Crocs | M Kids Slipper Sandals Tqj 207013 001 Baya Clog Kids,14937130430,TIDAK,API_ERROR,Kod API: InvalidApiPath - The specified API Path is invalid,⚠️ PERLU SEMAKAN (Ralat API),https://s.lazada.com.my/s.ZdbNQ4?c=d&t=p-iGIsfyY-s2GAKDh8,https://s.lazada.com.my/s.ZdbNQ4?c=d&t=p-iGIsfyY-s2GAKDh8
data_promo_list_04.xlsx,73,New Balance Kids Exclusive_Mesh Lined Windbreaker Nk9Agb112U_Ivory (),14942914009,TIDAK,API_ERROR,Kod API: InvalidApiPath - The specified API Path is invalid,⚠️ PERLU SEMAKAN (Ralat API),https://s.lazada.com.my/s.ZdbNQf?c=d&t=p-iGJGwY5-s2G9vPUk,https://s.lazada.com.my/s.ZdbNQf?c=d&t=p-iGJGwY5-s2G9vPUk
data_promo_list_04.xlsx,74,BOBOELEPHANT | Boys' Thick Winter Down Jacket Latest,14888275124,TIDAK,API_ERROR,Kod API: InvalidApiPath - The specified API Path is invalid,⚠️ PERLU SEMAKAN (Ralat API),https://s.lazada.com.my/s.ZdbNQ5?c=d&t=p-iGFZgTk-s2Ft7EzA,https://s.lazada.com.my/s.ZdbNQ5?c=d&t=p-iGFZgTk-s2Ft7EzA
data_promo_list_04.xlsx,75,potatokids | Striped Kids Underwear Set,14886820152,TIDAK,API_ERROR,Kod API: InvalidApiPath - The specified API Path is invalid,⚠️ PERLU SEMAKAN (Ralat API),https://s.lazada.com.my/s.ZdbNQT?c=d&t=p-iGFTZyS-s2FsFdyL,https://s.lazada.com.my/s.ZdbNQT?c=d&t=p-iGFTZyS-s2FsFdyL
data_promo_list_04.xlsx,76,THEMULE | Small-Looking Easy Slip-On Wide Foot Friendly Casual Shoes,14918612216,TIDAK,API_ERROR,Kod API: InvalidApiPath - The specified API Path is invalid,⚠️ PERLU SEMAKAN (Ralat API),https://s.lazada.com.my/s.ZdbNQp?c=c&t=p-iGHcyXg-s2G2NozC,https://s.lazada.com.my/s.ZdbNQp?c=c&t=p-iGHcyXg-s2G2NozC
data_promo_list_04.xlsx,77,Burden Reducing Wheeled School Bag,14914317874,TIDAK,API_ERROR,Kod API: InvalidApiPath - The specified API Path is invalid,⚠️ PERLU SEMAKAN (Ralat API),https://s.lazada.com.my/s.ZdbNQJ?c=c&t=p-iGHKxO6-s2G1Gp7o,https://s.lazada.com.my/s.ZdbNQJ?c=c&t=p-iGHKxO6-s2G1Gp7o
data_promo_list_04.xlsx,78,adidas | Adidas Collegiate Hoodie Kc3874,14937947068,TIDAK,API_ERROR,Kod API: InvalidApiPath - The specified API Path is invalid,⚠️ PERLU SEMAKAN (Ralat API),https://s.lazada.com.my/s.ZdbNQr?c=c&t=p-iGIw6Q8-s2G8Pw1G,https://s.lazada.com.my/s.ZdbNQr?c=c&t=p-iGIw6Q8-s2G8Pw1G
data_promo_list_04.xlsx,79,ZICHAO | Ultra-light Cute Children's Backpack,14958163176,TIDAK,API_ERROR,Kod API: InvalidApiPath - The specified API Path is invalid,⚠️ PERLU SEMAKAN (Ralat API),https://s.lazada.com.my/s.ZdbNQs?c=c&t=p-iGKIvYO-s2GEG8ml,https://s.lazada.com.my/s.ZdbNQs?c=c&t=p-iGKIvYO-s2GEG8ml
data_promo_list_04.xlsx,80,MINI BALA | New Year Celebration Chinese Style Kids' Padded Coat,4763279411,TIDAK,API_ERROR,Kod API: InvalidApiPath - The specified API Path is invalid,⚠️ PERLU SEMAKAN (Ralat API),https://s.lazada.com.my/s.ZdbNQH?c=c&t=p-i5CMEZH-s2FVw8yS,https://s.lazada.com.my/s.ZdbNQH?c=c&t=p-i5CMEZH-s2FVw8yS
data_promo_list_04.xlsx,81,Windproof Loose Children's Jacket,14886635818,TIDAK,API_ERROR,Kod API: InvalidApiPath - The specified API Path is invalid,⚠️ PERLU SEMAKAN (Ralat API),https://s.lazada.com.my/s.ZdbNQt?c=c&t=p-iGFSo1K-s2FrRXh7,https://s.lazada.com.my/s.ZdbNQt?c=c&t=p-iGFSo1K-s2FrRXh7
data_promo_list_04.xlsx,82,Attractive Girls Summer Outfit 2026 New,14917815084,TIDAK,API_ERROR,Kod API: InvalidApiPath - The specified API Path is invalid,⚠️ PERLU SEMAKAN (Ralat API),https://s.lazada.com.my/s.ZdbN92?c=c&t=p-iGHZdAi-s2G2ETO1,https://s.lazada.com.my/s.ZdbN92?c=c&t=p-iGHZdAi-s2G2ETO1
data_promo_list_04.xlsx,83,baomafanxi | Adorable Lightweight Anti-lost Kids School Bag,14865168213,TIDAK,API_ERROR,Kod API: InvalidApiPath - The specified API Path is invalid,⚠️ PERLU SEMAKAN (Ralat API),https://s.lazada.com.my/s.ZdbN9d?c=d&t=p-iGE0jJd-s2Fa92NF,https://s.lazada.com.my/s.ZdbN9d?c=d&t=p-iGE0jJd-s2Fa92NF
data_promo_list_04.xlsx,84,MINI BALA | Hooded Long Warm Stylish Girls Down Jacket,4804321145,TIDAK,API_ERROR,Kod API: InvalidApiPath - The specified API Path is invalid,⚠️ PERLU SEMAKAN (Ralat API),https://s.lazada.com.my/s.ZdbN9W?c=d&t=p-i5F8ROj-s2FW5OEQ,https://s.lazada.com.my/s.ZdbN9W?c=d&t=p-i5F8ROj-s2FW5OEQ
data_promo_list_04.xlsx,85,Skechers | New Breathable Slip-on Casual Shoes,14930693375,TIDAK,API_ERROR,Kod API: InvalidApiPath - The specified API Path is invalid,⚠️ PERLU SEMAKAN (Ralat API),https://s.lazada.com.my/s.ZdbN93?c=d&t=p-iGIRfP5-s2G5z2EB,https://s.lazada.com.my/s.ZdbN93?c=d&t=p-iGIRfP5-s2G5z2EB
data_promo_list_04.xlsx,86,BulldogAmy | Mousse Cake Princess Design Satin Mid-Length Girls Dress,14936887613,TIDAK,API_ERROR,Kod API: InvalidApiPath - The specified API Path is invalid,⚠️ PERLU SEMAKAN (Ralat API),https://s.lazada.com.my/s.ZdbN9e?c=d&t=p-iGIreo9-s2G824Du,https://s.lazada.com.my/s.ZdbN9e?c=d&t=p-iGIreo9-s2G824Du
data_promo_list_04.xlsx,87,THEMULE | Small-footed Easy Slip-on Leather Casual Shoes,14917990002,TIDAK,API_ERROR,Kod API: InvalidApiPath - The specified API Path is invalid,⚠️ PERLU SEMAKAN (Ralat API),https://s.lazada.com.my/s.ZdbN9V?c=d&t=p-iGHaMfy-s2G1G60H,https://s.lazada.com.my/s.ZdbN9V?c=d&t=p-iGHaMfy-s2G1G60H
data_promo_list_04.xlsx,88,New Balance | New Balance Kids Windbreaker Pqc Nk9Agb224U-19 Color Mix Single-Layer Windbreaker,14938233177,TIDAK,API_ERROR,Kod API: InvalidApiPath - The specified API Path is invalid,⚠️ PERLU SEMAKAN (Ralat API),https://s.lazada.com.my/s.ZdbN94?c=d&t=p-iGIxIqn-s2G7h4lW,https://s.lazada.com.my/s.ZdbN94?c=d&t=p-iGIxIqn-s2G7h4lW
data_promo_list_04.xlsx,89,cresry | New Casual Boy's Sportswear 2-Piece Set,14877151409,TIDAK,API_ERROR,Kod API: InvalidApiPath - The specified API Path is invalid,⚠️ PERLU SEMAKAN (Ralat API),https://s.lazada.com.my/s.ZdbN9U?c=c&t=p-iGEp0gz-s2FkDwbp,https://s.lazada.com.my/s.ZdbN9U?c=c&t=p-iGEp0gz-s2FkDwbp
data_promo_list_04.xlsx,90,Fashion New Spring Autumn Boys Children's Clothing,14882931794,TIDAK,API_ERROR,Kod API: InvalidApiPath - The specified API Path is invalid,⚠️ PERLU SEMAKAN (Ralat API),https://s.lazada.com.my/s.ZdbN9M?c=d&t=p-iGFDGR0-s2Fq59OW,https://s.lazada.com.my/s.ZdbN9M?c=d&t=p-iGFDGR0-s2Fq59OW
data_promo_list_04.xlsx,91,KECHU | Winter New Parent-Child Imitation Lamb Fur Coat,14887231482,TIDAK,API_ERROR,Kod API: InvalidApiPath - The specified API Path is invalid,⚠️ PERLU SEMAKAN (Ralat API),https://s.lazada.com.my/s.ZdbN9K?c=c&t=p-iGFVIyo-s2FsYeQH,https://s.lazada.com.my/s.ZdbN9K?c=c&t=p-iGFVIyo-s2FsYeQH
data_promo_list_04.xlsx,92,New Balance Kids Exclusive_Girl's Can-Can Skirt Set Nk9Ygb202G_Pink (),14940867659,TIDAK,API_ERROR,Kod API: InvalidApiPath - The specified API Path is invalid,⚠️ PERLU SEMAKAN (Ralat API),https://s.lazada.com.my/s.ZdbN9q?c=d&t=p-iGJ8MCR-s2G8aQ5x,https://s.lazada.com.my/s.ZdbN9q?c=d&t=p-iGJ8MCR-s2G8aQ5x
data_promo_list_04.xlsx,93,TARANIS | Soft Sole Infant Walking Shoes,4813741167,TIDAK,API_ERROR,Kod API: InvalidApiPath - The specified API Path is invalid,⚠️ PERLU SEMAKAN (Ralat API),https://s.lazada.com.my/s.ZdbN9J?c=d&t=p-i5FlxyZ-s2GBf56c,https://s.lazada.com.my/s.ZdbN9J?c=d&t=p-i5FlxyZ-s2GBf56c
data_promo_list_04.xlsx,94,New Balance Kids Exclusive_Girl's Can-Can Skirt Set Nk9Ygb202G_Ivory (),14942792950,TIDAK,API_ERROR,Kod API: InvalidApiPath - The specified API Path is invalid,⚠️ PERLU SEMAKAN (Ralat API),https://s.lazada.com.my/s.ZdbN9s?c=d&t=p-iGJGR3W-s2G94z3N,https://s.lazada.com.my/s.ZdbN9s?c=d&t=p-iGJGR3W-s2G94z3N
data_promo_list_04.xlsx,95,OAK FAMILY | Summer School Style Girls Clothing Set Sailor Collar Pleated Skirt,14917631694,TIDAK,API_ERROR,Kod API: InvalidApiPath - The specified API Path is invalid,⚠️ PERLU SEMAKAN (Ralat API),https://s.lazada.com.my/s.ZdbN9H?c=d&t=p-iGHYrSo-s2GAFkMw,https://s.lazada.com.my/s.ZdbN9H?c=d&t=p-iGHYrSo-s2GAFkMw
data_promo_list_04.xlsx,96,New Light Sleeveless T-shirt and Wide-leg Pants Set,14942478260,TIDAK,API_ERROR,Kod API: InvalidApiPath - The specified API Path is invalid,⚠️ PERLU SEMAKAN (Ralat API),https://s.lazada.com.my/s.ZdbN9t?c=d&t=p-iGJF7Bs-s2G8tD3g,https://s.lazada.com.my/s.ZdbN9t?c=d&t=p-iGJF7Bs-s2G8tD3g
data_promo_list_04.xlsx,97,Ergonomic & Load Reduction School Bag,14964939831,TIDAK,API_ERROR,Kod API: InvalidApiPath - The specified API Path is invalid,⚠️ PERLU SEMAKAN (Ralat API),https://s.lazada.com.my/s.ZdbN9G?c=d&t=p-iGKlMTH-s2GFwukm,https://s.lazada.com.my/s.ZdbN9G?c=d&t=p-iGKlMTH-s2GFwukm
data_promo_list_04.xlsx,98,TARANIS | Breathable Children's Indoor Shoes,14877435464,TIDAK,API_ERROR,Kod API: InvalidApiPath - The specified API Path is invalid,⚠️ PERLU SEMAKAN (Ralat API),https://s.lazada.com.my/s.ZdbNkd?c=c&t=p-iGEqCaW-s2FjqXqS,https://s.lazada.com.my/s.ZdbNkd?c=c&t=p-iGEqCaW-s2FjqXqS
data_promo_list_04.xlsx,99,DUBAO | Princess Style Decor Children's Hair Accessories Gift Set,14920847566,TIDAK,API_ERROR,Kod API: InvalidApiPath - The specified API Path is invalid,⚠️ PERLU SEMAKAN (Ralat API),https://s.lazada.com.my/s.ZdbNke?c=d&t=p-iGHmM3i-s2G3A8s4,https://s.lazada.com.my/s.ZdbNke?c=d&t=p-iGHmM3i-s2G3A8s4
data_promo_list_04.xlsx,100,cresry | Boys Jeans Jacket Pants Set Autumn,14882957706,TIDAK,API_ERROR,Kod API: InvalidApiPath - The specified API Path is invalid,⚠️ PERLU SEMAKAN (Ralat API),https://s.lazada.com.my/s.ZdbNkV?c=d&t=p-iGFDNAw-s2Fq5R2R,https://s.lazada.com.my/s.ZdbNkV?c=d&t=p-iGFDNAw-s2Fq5R2R
data_promo_list_04.xlsx,101,ANTA | Warm Insulated Children's Snow Boots,4782173009,TIDAK,API_ERROR,Kod API: InvalidApiPath - The specified API Path is invalid,⚠️ PERLU SEMAKAN (Ralat API),https://s.lazada.com.my/s.ZdbNkf?c=c&t=p-i5DdVej-sTR4FoV,https://s.lazada.com.my/s.ZdbNkf?c=c&t=p-i5DdVej-sTR4FoV
data_promo_list_04.xlsx,102,GoUCOH Baby Clothes Set Gift Box Meeting Newborn Cotton Suit for Spring Autumn Winter Boys Girls Casual All Cotton Outfit,4815334983,TIDAK,API_ERROR,Kod API: InvalidApiPath - The specified API Path is invalid,⚠️ PERLU SEMAKAN (Ralat API),https://s.lazada.com.my/s.ZdbNk5?c=c&t=p-i5FsebH-sTkD2vN,https://s.lazada.com.my/s.ZdbNk5?c=c&t=p-i5FsebH-sTkD2vN
data_promo_list_04.xlsx,103,adidas | Adidas Firebird Jot Denim Black Kd2916,14933787962,TIDAK,API_ERROR,Kod API: InvalidApiPath - The specified API Path is invalid,⚠️ PERLU SEMAKAN (Ralat API),https://s.lazada.com.my/s.ZdbNkg?c=d&t=p-iGIeeRm-s2G6FjpI,https://s.lazada.com.my/s.ZdbNkg?c=d&t=p-iGIeeRm-s2G6FjpI
data_promo_list_04.xlsx,104,Belle | Elsa Princess Style Crystal Covered Toes Sandals for Big Kids New Arrival,14917985680,TIDAK,API_ERROR,Kod API: InvalidApiPath - The specified API Path is invalid,⚠️ PERLU SEMAKAN (Ralat API),https://s.lazada.com.my/s.ZdbNk6?c=c&t=p-iGHaLYG-s2G1XBr8,https://s.lazada.com.my/s.ZdbNk6?c=c&t=p-iGHaLYG-s2G1XBr8
data_promo_list_04.xlsx,105,PUMA | Pki31241401 Daily Sneakers Casual Sneakers Sky 2 Ac Preschool,14938838516,TIDAK,API_ERROR,Kod API: InvalidApiPath - The specified API Path is invalid,⚠️ PERLU SEMAKAN (Ralat API),https://s.lazada.com.my/s.ZdbNkh?c=c&t=p-iGIzqKK-s2G7bUvF,https://s.lazada.com.my/s.ZdbNkh?c=c&t=p-iGIzqKK-s2G7bUvF
data_promo_list_04.xlsx,106,TOUTOU | Large Capacity Backpack,14841698105,TIDAK,API_ERROR,Kod API: InvalidApiPath - The specified API Path is invalid,⚠️ PERLU SEMAKAN (Ralat API),https://s.lazada.com.my/s.ZdbNk7?c=d&t=p-iGCQFfV-s2FAycU5,https://s.lazada.com.my/s.ZdbNk7?c=d&t=p-iGCQFfV-s2FAycU5
data_promo_list_04.xlsx,107,Disney | Light Load Large Capacity School Bag for Primary Girls,14868966613,TIDAK,API_ERROR,Kod API: InvalidApiPath - The specified API Path is invalid,⚠️ PERLU SEMAKAN (Ralat API),https://s.lazada.com.my/s.ZdbNks?c=c&t=p-iGEGfS9-s2FdFXGK,https://s.lazada.com.my/s.ZdbNks?c=c&t=p-iGEGfS9-s2FdFXGK
data_promo_list_04.xlsx,108,Balabala | Light Thin Insulated Bodysuit for Babies,14890767623,TIDAK,API_ERROR,Kod API: InvalidApiPath - The specified API Path is invalid,⚠️ PERLU SEMAKAN (Ralat API),https://s.lazada.com.my/s.ZdbNkt?c=c&t=p-iGFk8tL-s2GEHqm3,https://s.lazada.com.my/s.ZdbNkt?c=c&t=p-iGFk8tL-s2GEHqm3
data_promo_list_04.xlsx,109,KECHU | Autumn Velvet Tulle Princess Dress,14882848619,TIDAK,API_ERROR,Kod API: InvalidApiPath - The specified API Path is invalid,⚠️ PERLU SEMAKAN (Ralat API),https://s.lazada.com.my/s.ZdbNkG?c=d&t=p-iGFCunT-s2FqMFee,https://s.lazada.com.my/s.ZdbNkG?c=d&t=p-iGFCunT-s2FqMFee
data_promo_list_04.xlsx,110,adidas | Adidas Samba Og Comfort Closure (Jq3191),14940953062,TIDAK,API_ERROR,Kod API: InvalidApiPath - The specified API Path is invalid,⚠️ PERLU SEMAKAN (Ralat API),https://s.lazada.com.my/s.ZdbNku?c=d&t=p-iGJ8iPu-s2G9PxW6,https://s.lazada.com.my/s.ZdbNku?c=d&t=p-iGJ8iPu-s2G9PxW6
data_promo_list_04.xlsx,111,Crocs | Kids Slipper Sandals Tqj 205496 6I2 Fun Lab Princess Band Kids,14937174202,TIDAK,API_ERROR,Kod API: InvalidApiPath - The specified API Path is invalid,⚠️ PERLU SEMAKAN (Ralat API),https://s.lazada.com.my/s.ZdbNkv?c=c&t=p-iGIsrMY-s2G750Ba,https://s.lazada.com.my/s.ZdbNkv?c=c&t=p-iGIsrMY-s2G750Ba
data_promo_list_06.xlsx,2,Dickies | Outdoor Sport and Creek Crossing Children's Sandals,14918172110,TIDAK,API_ERROR,Kod API: InvalidApiPath - The specified API Path is invalid,⚠️ PERLU SEMAKAN (Ralat API),https://s.lazada.com.my/s.ZdYZKr?c=d&t=p-iGHb83C-s2G1LKfd,https://s.lazada.com.my/s.ZdYZKr?c=d&t=p-iGHb83C-s2G1LKfd
data_promo_list_06.xlsx,3,adidas | Adidas Baby Disney Minnie Mouse Crew Set Jd0583,14940968057,TIDAK,API_ERROR,Kod API: InvalidApiPath - The specified API Path is invalid,⚠️ PERLU SEMAKAN (Ralat API),https://s.lazada.com.my/s.ZdYZKH?c=d&t=p-iGJ8mJl-s2G9ETj8,https://s.lazada.com.my/s.ZdYZKH?c=d&t=p-iGJ8mJl-s2G9ETj8
data_promo_list_06.xlsx,4,SQTN.KIDS | Trendy Thickened Girls Down Jacket,14886722373,TIDAK,API_ERROR,Kod API: InvalidApiPath - The specified API Path is invalid,⚠️ PERLU SEMAKAN (Ralat API),https://s.lazada.com.my/s.ZdYZKt?c=d&t=p-iGFTAXN-s2FsEBZ6,https://s.lazada.com.my/s.ZdYZKt?c=d&t=p-iGFTAXN-s2FsEBZ6
data_promo_list_06.xlsx,5,STK Small Town Kid | Camouflage Shorts Streetwear Casual,14954950175,TIDAK,API_ERROR,Kod API: InvalidApiPath - The specified API Path is invalid,⚠️ PERLU SEMAKAN (Ralat API),https://s.lazada.com.my/s.ZdYZq1?c=c&t=p-iGK5Rhn-s2GD3VL6,https://s.lazada.com.my/s.ZdYZq1?c=c&t=p-iGK5Rhn-s2GD3VL6
data_promo_list_06.xlsx,6,anta kids big kids girl Casual Shoes 3226B8811-4 - White/Silver/Black (Kasut Budak Perempuan),14946601845,TIDAK,API_ERROR,Kod API: InvalidApiPath - The specified API Path is invalid,⚠️ PERLU SEMAKAN (Ralat API),https://s.lazada.com.my/s.ZdYZqX?c=d&t=p-iGJWPvJ-s2GBEKEc,https://s.lazada.com.my/s.ZdYZqX?c=d&t=p-iGJWPvJ-s2GBEKEc
data_promo_list_06.xlsx,7,Beanpole Kids Classic Cable Knit Sweater Green Bi6151Ue2M,14955480161,TIDAK,API_ERROR,Kod API: InvalidApiPath - The specified API Path is invalid,⚠️ PERLU SEMAKAN (Ralat API),https://s.lazada.com.my/s.ZdYZqd?c=c&t=p-iGK7fZx-s2GCLjkl,https://s.lazada.com.my/s.ZdYZqd?c=c&t=p-iGK7fZx-s2GCLjkl
data_promo_list_06.xlsx,8,ELLE kids | Soft Soled Hook-and-Loop Girls Mary Jane Summer Shoes,14868818501,TIDAK,API_ERROR,Kod API: InvalidApiPath - The specified API Path is invalid,⚠️ PERLU SEMAKAN (Ralat API),https://s.lazada.com.my/s.ZdYZqW?c=d&t=p-iGEG2vF-s2Fd2EfA,https://s.lazada.com.my/s.ZdYZqW?c=d&t=p-iGEG2vF-s2Fd2EfA
data_promo_list_06.xlsx,9,Summer Beach Performance Dress for Girls,14924077396,TIDAK,API_ERROR,Kod API: InvalidApiPath - The specified API Path is invalid,⚠️ PERLU SEMAKAN (Ralat API),https://s.lazada.com.my/s.ZdYZq3?c=d&t=p-iGHzuHk-s2G4A5dk,https://s.lazada.com.my/s.ZdYZq3?c=d&t=p-iGHzuHk-s2G4A5dk
data_promo_list_06.xlsx,10,Breathable Seamless Boy's Cotton Vest for Sports and Fitness Spring Summer Lightweight,14922314815,TIDAK,API_ERROR,Kod API: InvalidApiPath - The specified API Path is invalid,⚠️ PERLU SEMAKAN (Ralat API),https://s.lazada.com.my/s.ZdYZqe?c=c&t=p-iGHsVl1-s2G2inOU,https://s.lazada.com.my/s.ZdYZqe?c=c&t=p-iGHsVl1-s2G2inOU
data_promo_list_06.xlsx,11,New Balance Kids Summer Palette Unlined Windbreaker Nk9Ag2501U_Lime (),14940919447,TIDAK,API_ERROR,Kod API: InvalidApiPath - The specified API Path is invalid,⚠️ PERLU SEMAKAN (Ralat API),https://s.lazada.com.my/s.ZdYZqO?c=c&t=p-iGJ8Zfj-s2G8aksZ,https://s.lazada.com.my/s.ZdYZqO?c=c&t=p-iGJ8Zfj-s2G8aksZ
data_promo_list_06.xlsx,12,New Balance | Nk8Bgs421U 39 Reversible Pattern Dome Hat Children's Hat Nk8Bgs421U39 6004149,14935907196,TIDAK,API_ERROR,Kod API: InvalidApiPath - The specified API Path is invalid,⚠️ PERLU SEMAKAN (Ralat API),https://s.lazada.com.my/s.ZdYZqm?c=c&t=p-iGInXky-s2G7nERy,https://s.lazada.com.my/s.ZdYZqm?c=c&t=p-iGInXky-s2G7nERy
data_promo_list_06.xlsx,13,Miniware My First Pac Pac 2 Ways Backpack,3576208734,TIDAK,API_ERROR,Kod API: InvalidApiPath - The specified API Path is invalid,⚠️ PERLU SEMAKAN (Ralat API),https://s.lazada.com.my/s.ZdYZqn?c=d&t=p-i3u1PG2-sLu6RYt,https://s.lazada.com.my/s.ZdYZqn?c=d&t=p-i3u1PG2-sLu6RYt
data_promo_list_06.xlsx,14,Belle | New Model Full-Enclosure Brown Bock Loafer Shoes,14921550554,TIDAK,API_ERROR,Kod API: InvalidApiPath - The specified API Path is invalid,⚠️ PERLU SEMAKAN (Ralat API),https://s.lazada.com.my/s.ZdYZqM?c=d&t=p-iGHpIwE-s2G3CAb5,https://s.lazada.com.my/s.ZdYZqM?c=d&t=p-iGHpIwE-s2G3CAb5
data_promo_list_06.xlsx,15,adidas Lifestyle ADIDAS MARVEL SPIDER-MAN T-SHIRT SET Unisex Black KG6139,14959113868,TIDAK,API_ERROR,Kod API: InvalidApiPath - The specified API Path is invalid,⚠️ PERLU SEMAKAN (Ralat API),https://s.lazada.com.my/s.ZdYZqp?c=c&t=p-iGKMus8-s2GDXKqW,https://s.lazada.com.my/s.ZdYZqp?c=c&t=p-iGKMus8-s2GDXKqW
data_promo_list_06.xlsx,16,DESCENTE | Descente Young Athlete Brushed Kids' Windbreaker Jacket Sq12Jujk21Wht0,14922696533,TIDAK,API_ERROR,Kod API: InvalidApiPath - The specified API Path is invalid,⚠️ PERLU SEMAKAN (Ralat API),https://s.lazada.com.my/s.ZdYZJZ?c=d&t=p-iGHu73l-s2G3bzey,https://s.lazada.com.my/s.ZdYZJZ?c=d&t=p-iGHu73l-s2G3bzey
data_promo_list_06.xlsx,17,adidas | Adidas Baby Superstar Home Ie6536,14942023511,TIDAK,API_ERROR,Kod API: InvalidApiPath - The specified API Path is invalid,⚠️ PERLU SEMAKAN (Ralat API),https://s.lazada.com.my/s.ZdYZJ0?c=d&t=p-iGJDCtD-s2G92t1T,https://s.lazada.com.my/s.ZdYZJ0?c=d&t=p-iGJDCtD-s2G92t1T
data_promo_list_06.xlsx,18,The North Face Kids Fastpack Boa Light_Blue Ns93S88U,14940963686,TIDAK,API_ERROR,Kod API: InvalidApiPath - The specified API Path is invalid,⚠️ PERLU SEMAKAN (Ralat API),https://s.lazada.com.my/s.ZdYZJb?c=d&t=p-iGJ8lBG-s2G8ahFx,https://s.lazada.com.my/s.ZdYZJb?c=d&t=p-iGJ8lBG-s2G8ahFx
data_promo_list_06.xlsx,19,Mini Melissa Mar Sandal Uni Bb,4833196412,TIDAK,API_ERROR,Kod API: InvalidApiPath - The specified API Path is invalid,⚠️ PERLU SEMAKAN (Ralat API),https://s.lazada.com.my/s.ZdYZJc?c=c&t=p-i5H5bAq-sTw9kzb,https://s.lazada.com.my/s.ZdYZJc?c=c&t=p-i5H5bAq-sTw9kzb
data_promo_list_06.xlsx,20,New Balance | Nk8Bgs422U 55 Reversible Children's Pattern Bucket Hat Nk8Bgs422U55 6010671,14936812074,TIDAK,API_ERROR,Kod API: InvalidApiPath - The specified API Path is invalid,⚠️ PERLU SEMAKAN (Ralat API),https://s.lazada.com.my/s.ZdYZJX?c=d&t=p-iGIrL9m-s2G7nGUz,https://s.lazada.com.my/s.ZdYZJX?c=d&t=p-iGIrL9m-s2G7nGUz
data_promo_list_06.xlsx,21,anta kids boys big kids running shoes -312445517U-2 (kasut larian kanak lelaki),4598136282,TIDAK,API_ERROR,Kod API: InvalidApiPath - The specified API Path is invalid,⚠️ PERLU SEMAKAN (Ralat API),https://s.lazada.com.my/s.ZdYZJ2?c=d&t=p-i51BJIQ-sSIqymy,https://s.lazada.com.my/s.ZdYZJ2?c=d&t=p-i51BJIQ-sSIqymy
data_promo_list_06.xlsx,22,Chinese Style Lamb Wool Padded Winter Children's Coat,14869517396,TIDAK,API_ERROR,Kod API: InvalidApiPath - The specified API Path is invalid,⚠️ PERLU SEMAKAN (Ralat API),https://s.lazada.com.my/s.ZdYZJd?c=d&t=p-iGEIyjk-s2FdyNvz,https://s.lazada.com.my/s.ZdYZJd?c=d&t=p-iGEIyjk-s2FdyNvz
data_promo_list_06.xlsx,23,Qiaodan | Spring Style 2026 New Design Year of Horse Children's Hooded Coat,14935072189,TIDAK,API_ERROR,Kod API: InvalidApiPath - The specified API Path is invalid,⚠️ PERLU SEMAKAN (Ralat API),https://s.lazada.com.my/s.ZdYZJ3?c=d&t=p-iGIk2X7-s2G6PxRE,https://s.lazada.com.my/s.ZdYZJ3?c=d&t=p-iGIk2X7-s2G6PxRE
data_promo_list_06.xlsx,24,Jeep | Insulated Warm Children's Boots,14867659594,TIDAK,API_ERROR,Kod API: InvalidApiPath - The specified API Path is invalid,⚠️ PERLU SEMAKAN (Ralat API),https://s.lazada.com.my/s.ZdYZJO?c=d&t=p-iGEBBRC-s2FcPZQD,https://s.lazada.com.my/s.ZdYZJO?c=d&t=p-iGEBBRC-s2FcPZQD
data_promo_list_06.xlsx,25,Beanpole Kids Herit Check Shirt Green Bi6164Ue3M,14954565894,TIDAK,API_ERROR,Kod API: InvalidApiPath - The specified API Path is invalid,⚠️ PERLU SEMAKAN (Ralat API),https://s.lazada.com.my/s.ZdYZJN?c=d&t=p-iGK3pji-s2GCLzIH,https://s.lazada.com.my/s.ZdYZJN?c=d&t=p-iGK3pji-s2GCLzIH
data_promo_list_06.xlsx,26,Crocs | Crocs Toddler Classic Clog Kids' Sandals Slippers 209498-100,14872865336,TIDAK,API_ERROR,Kod API: InvalidApiPath - The specified API Path is invalid,⚠️ PERLU SEMAKAN (Ralat API),https://s.lazada.com.my/s.ZdYZJn?c=d&t=p-iGEX1gm-s2FgYNOg,https://s.lazada.com.my/s.ZdYZJn?c=d&t=p-iGEX1gm-s2FgYNOg
data_promo_list_06.xlsx,27,baomafanxi | Automatic Safety Umbrella for Kids Anti-rebound Round Corner Rain and Sun Protection,14864318512,TIDAK,API_ERROR,Kod API: InvalidApiPath - The specified API Path is invalid,⚠️ PERLU SEMAKAN (Ralat API),https://s.lazada.com.my/s.ZdYZJL?c=c&t=p-iGDxAGm-s2FZa1AW,https://s.lazada.com.my/s.ZdYZJL?c=c&t=p-iGDxAGm-s2FZa1AW
data_promo_list_06.xlsx,28,Jeep | Summer New Dad Sneakers Breathable Mesh Hollow,14867712393,TIDAK,API_ERROR,Kod API: InvalidApiPath - The specified API Path is invalid,⚠️ PERLU SEMAKAN (Ralat API),https://s.lazada.com.my/s.ZdYZJp?c=d&t=p-iGEBPAn-s2FcXt1b,https://s.lazada.com.my/s.ZdYZJp?c=d&t=p-iGEBPAn-s2FcXt1b
data_promo_list_06.xlsx,29,Dickies | Breathable Outdoor Leisure Mesh Sports Shoes,14940626087,TIDAK,API_ERROR,Kod API: InvalidApiPath - The specified API Path is invalid,⚠️ PERLU SEMAKAN (Ralat API),https://s.lazada.com.my/s.ZdYZJy?c=d&t=p-iGJ7LM7-s2G8KJl5,https://s.lazada.com.my/s.ZdYZJy?c=d&t=p-iGJ7LM7-s2G8KJl5
data_promo_list_06.xlsx,30,adidas | Winter Play C Jq2633,14937224585,TIDAK,API_ERROR,Kod API: InvalidApiPath - The specified API Path is invalid,⚠️ PERLU SEMAKAN (Ralat API),https://s.lazada.com.my/s.ZdYZJB?c=d&t=p-iGIt4TB-s2G75TU2,https://s.lazada.com.my/s.ZdYZJB?c=d&t=p-iGIt4TB-s2G75TU2
data_promo_list_06.xlsx,31,Distin Kidny | Traditional Chinese Elegant Vest Slim Fit,14882804369,TIDAK,API_ERROR,Kod API: InvalidApiPath - The specified API Path is invalid,⚠️ PERLU SEMAKAN (Ralat API),https://s.lazada.com.my/s.ZdYZJA?c=c&t=p-iGFCjHl-s2FqBCyM,https://s.lazada.com.my/s.ZdYZJA?c=c&t=p-iGFCjHl-s2FqBCyM
data_promo_list_06.xlsx,32,Lightweight Spine-protection Large Capacity School Backpack,14921831191,TIDAK,API_ERROR,Kod API: InvalidApiPath - The specified API Path is invalid,⚠️ PERLU SEMAKAN (Ralat API),https://s.lazada.com.my/s.ZdYZra?c=d&t=p-iGHqTwd-s2G2iGZL,https://s.lazada.com.my/s.ZdYZra?c=d&t=p-iGHqTwd-s2G2iGZL
data_promo_list_06.xlsx,33,VNINE CITY | Lightweight Reducing Load School Backpack For Boys Grade 2 to 6,14961537712,TIDAK,API_ERROR,Kod API: InvalidApiPath - The specified API Path is invalid,⚠️ PERLU SEMAKAN (Ralat API),https://s.lazada.com.my/s.ZdYZrZ?c=c&t=p-iGKX5QO-s2GE3sSj,https://s.lazada.com.my/s.ZdYZrZ?c=c&t=p-iGKX5QO-s2GE3sSj
data_promo_list_06.xlsx,34,adidas Lifestyle ADIDAS PIXAR TOY STORY T-SHIRT SET Unisex Blue KG6132,14944958637,TIDAK,API_ERROR,Kod API: InvalidApiPath - The specified API Path is invalid,⚠️ PERLU SEMAKAN (Ralat API),https://s.lazada.com.my/s.ZdYZrY?c=d&t=p-iGJPWRx-s2GAPRky,https://s.lazada.com.my/s.ZdYZrY?c=d&t=p-iGJPWRx-s2GAPRky
data_promo_list_06.xlsx,35,adidas | Adidas Kids Tee Set Jv7667,14941544053,TIDAK,API_ERROR,Kod API: InvalidApiPath - The specified API Path is invalid,⚠️ PERLU SEMAKAN (Ralat API),https://s.lazada.com.my/s.ZdYZrR?c=c&t=p-iGJBCA1-s2G8YUSS,https://s.lazada.com.my/s.ZdYZrR?c=c&t=p-iGJBCA1-s2G8YUSS
data_promo_list_06.xlsx,36,Small Figure Stylish Body Slimming Butterfly Hollowed Drill Design Jeans,14954732908,TIDAK,API_ERROR,Kod API: InvalidApiPath - The specified API Path is invalid,⚠️ PERLU SEMAKAN (Ralat API),https://s.lazada.com.my/s.ZdYZr8?c=d&t=p-iGK4XBU-s2GCyzRT,https://s.lazada.com.my/s.ZdYZr8?c=d&t=p-iGK4XBU-s2GCyzRT
data_promo_list_06.xlsx,37,BOBOELEPHANT | Stylish Thickened Winter Down Jacket for Big Boys,14888158417,TIDAK,API_ERROR,Kod API: InvalidApiPath - The specified API Path is invalid,⚠️ PERLU SEMAKAN (Ralat API),https://s.lazada.com.my/s.ZdYZr9?c=d&t=p-iGFZC7N-s2FsZ9t6,https://s.lazada.com.my/s.ZdYZr9?c=d&t=p-iGFZC7N-s2FsZ9t6
data_promo_list_06.xlsx,38,Jeep | Warm Insulated Boys Shoes Winter 2026 New,14867823106,TIDAK,API_ERROR,Kod API: InvalidApiPath - The specified API Path is invalid,⚠️ PERLU SEMAKAN (Ralat API),https://s.lazada.com.my/s.ZdYZrP?c=c&t=p-iGEBryU-s2Fc2LzL,https://s.lazada.com.my/s.ZdYZrP?c=c&t=p-iGEBryU-s2Fc2LzL
data_promo_list_06.xlsx,39,Li-Ning | Sports Life Large Children's Backpack,14950698386,TIDAK,API_ERROR,Kod API: InvalidApiPath - The specified API Path is invalid,⚠️ PERLU SEMAKAN (Ralat API),https://s.lazada.com.my/s.ZdYZrl?c=c&t=p-iGJnbcY-s2GB8Pmc,https://s.lazada.com.my/s.ZdYZrl?c=c&t=p-iGJnbcY-s2GB8Pmc
data_promo_list_06.xlsx,40,Caran·Y | Spine Protection Anti-Slouch 5D Load-Reduction Backpack,14942724465,TIDAK,API_ERROR,Kod API: InvalidApiPath - The specified API Path is invalid,⚠️ PERLU SEMAKAN (Ralat API),https://s.lazada.com.my/s.ZdYZrv?c=d&t=p-iGJG9Ev-s2G91ZMM,https://s.lazada.com.my/s.ZdYZrv?c=d&t=p-iGJG9Ev-s2G91ZMM
data_promo_list_06.xlsx,41,adidas | Adidas Kids Duramo Sl2 Ih3603,14942760488,TIDAK,API_ERROR,Kod API: InvalidApiPath - The specified API Path is invalid,⚠️ PERLU SEMAKAN (Ralat API),https://s.lazada.com.my/s.ZdYZrD?c=d&t=p-iGJGIbw-s2G9sniB,https://s.lazada.com.my/s.ZdYZrD?c=d&t=p-iGJGIbw-s2G9sniB
data_promo_list_06.xlsx,42,Belle | Vintage Comfortable Training Shoes,14918049431,TIDAK,API_ERROR,Kod API: InvalidApiPath - The specified API Path is invalid,⚠️ PERLU SEMAKAN (Ralat API),https://s.lazada.com.my/s.ZdYZrx?c=d&t=p-iGHac8V-s2G2MBvd,https://s.lazada.com.my/s.ZdYZrx?c=d&t=p-iGHac8V-s2G2MBvd
data_promo_list_06.xlsx,43,OAK FAMILY | Children Warm Corduroy Pants,4717861778,TIDAK,API_ERROR,Kod API: InvalidApiPath - The specified API Path is invalid,⚠️ PERLU SEMAKAN (Ralat API),https://s.lazada.com.my/s.ZdYZry?c=c&t=p-i59HfMo-sTPIhmg,https://s.lazada.com.my/s.ZdYZry?c=c&t=p-i59HfMo-sTPIhmg
data_promo_list_06.xlsx,44,shukiku | Ultra-light Spine Protection Backpack for Children Large Capacity,4728473427,TIDAK,API_ERROR,Kod API: InvalidApiPath - The specified API Path is invalid,⚠️ PERLU SEMAKAN (Ralat API),https://s.lazada.com.my/s.ZdYZrB?c=c&t=p-i5A0BwR-s2GD5DS9,https://s.lazada.com.my/s.ZdYZrB?c=c&t=p-i5A0BwR-s2GD5DS9
data_promo_list_06.xlsx,45,STK Small Town Kid | Logo Letter Printed Lapel Jacket,14863551616,TIDAK,API_ERROR,Kod API: InvalidApiPath - The specified API Path is invalid,⚠️ PERLU SEMAKAN (Ralat API),https://s.lazada.com.my/s.ZdYZrz?c=d&t=p-iGDtwlU-s2FZQW0o,https://s.lazada.com.my/s.ZdYZrz?c=d&t=p-iGDtwlU-s2FZQW0o
data_promo_list_06.xlsx,46,Dickies | Outdoor Slip-resistant Sneaker Sandals,14935156063,TIDAK,API_ERROR,Kod API: InvalidApiPath - The specified API Path is invalid,⚠️ PERLU SEMAKAN (Ralat API),https://s.lazada.com.my/s.ZdYZIa?c=d&t=p-iGIkOLv-s2G7JaBk,https://s.lazada.com.my/s.ZdYZIa?c=d&t=p-iGIkOLv-s2G7JaBk
data_promo_list_06.xlsx,47,anta kids boys outdoor basketball Running Shoes A125C9909-2 -black/white/blue,4711365378,TIDAK,API_ERROR,Kod API: InvalidApiPath - The specified API Path is invalid,⚠️ PERLU SEMAKAN (Ralat API),https://s.lazada.com.my/s.ZdYZIh?c=c&t=p-i58qPMA-sSpHEQ0,https://s.lazada.com.my/s.ZdYZIh?c=c&t=p-i58qPMA-sSpHEQ0
data_promo_list_06.xlsx,48,Otao | Anti-kick Children's Sleep Bag Thin Style,14891028265,TIDAK,API_ERROR,Kod API: InvalidApiPath - The specified API Path is invalid,⚠️ PERLU SEMAKAN (Ralat API),https://s.lazada.com.my/s.ZdYZI7?c=d&t=p-iGFlEhF-s2Fu2IvS,https://s.lazada.com.my/s.ZdYZI7?c=d&t=p-iGFlEhF-s2Fu2IvS
data_promo_list_06.xlsx,49,Summer Thin Girls' Vest Dress Set Sleeveless Top & Skirt 2pc,14941785264,TIDAK,API_ERROR,Kod API: InvalidApiPath - The specified API Path is invalid,⚠️ PERLU SEMAKAN (Ralat API),https://s.lazada.com.my/s.ZdYZIR?c=c&t=p-iGJCCuW-s2G9k40c,https://s.lazada.com.my/s.ZdYZIR?c=c&t=p-iGJCCuW-s2G9k40c
data_promo_list_06.xlsx,50,anta kids boys Starlight 2 Casual Shoes 3126A9924-3 Black/Anta White/Era Blue/Sky Blue (Kasut Kanak-Kanak),14946681307,TIDAK,API_ERROR,Kod API: InvalidApiPath - The specified API Path is invalid,⚠️ PERLU SEMAKAN (Ralat API),https://s.lazada.com.my/s.ZdYZI8?c=d&t=p-iGJWkax-s2GAN7uA,https://s.lazada.com.my/s.ZdYZI8?c=d&t=p-iGJWkax-s2GAN7uA
data_promo_list_06.xlsx,51,Qiaodan | High-top Warm Sneakers for Big Kids,14934341179,TIDAK,API_ERROR,Kod API: InvalidApiPath - The specified API Path is invalid,⚠️ PERLU SEMAKAN (Ralat API),https://s.lazada.com.my/s.ZdYZIQ?c=c&t=p-iGIgyMd-s2G7JzeL,https://s.lazada.com.my/s.ZdYZIQ?c=c&t=p-iGIgyMd-s2G7JzeL
data_promo_list_06.xlsx,52,New Balance Kids Summer Palette Unlined Windbreaker Nk9Ag2501U_Black (),14940931524,TIDAK,API_ERROR,Kod API: InvalidApiPath - The specified API Path is invalid,⚠️ PERLU SEMAKAN (Ralat API),https://s.lazada.com.my/s.ZdYZIk?c=c&t=p-iGJ8coW-s2G9PwzS,https://s.lazada.com.my/s.ZdYZIk?c=c&t=p-iGJ8coW-s2G9PwzS
data_promo_list_06.xlsx,53,Caran·Y | Lightweight Large Capacity Backpack,4726938702,TIDAK,API_ERROR,Kod API: InvalidApiPath - The specified API Path is invalid,⚠️ PERLU SEMAKAN (Ralat API),https://s.lazada.com.my/s.ZdYZIF?c=c&t=p-i59tkgo-s2G19r9a,https://s.lazada.com.my/s.ZdYZIF?c=c&t=p-i59tkgo-s2G19r9a
data_promo_list_06.xlsx,54,anta kids girls little kids light up running shoes -A225A9904-4 (kasut larian kanak perempuan),4593311623,TIDAK,API_ERROR,Kod API: InvalidApiPath - The specified API Path is invalid,⚠️ PERLU SEMAKAN (Ralat API),https://s.lazada.com.my/s.ZdYZIv?c=d&t=p-i50r4BL-sSHTf0A,https://s.lazada.com.my/s.ZdYZIv?c=d&t=p-i50r4BL-sSHTf0A
data_promo_list_06.xlsx,55,STK Small Town Kid | Retro Tennis Ears College Style Knit Sweater,14859842333,TIDAK,API_ERROR,Kod API: InvalidApiPath - The specified API Path is invalid,⚠️ PERLU SEMAKAN (Ralat API),https://s.lazada.com.my/s.ZdYZIE?c=c&t=p-iGDeNoL-s2FWSnRH,https://s.lazada.com.my/s.ZdYZIE?c=c&t=p-iGDeNoL-s2FWSnRH
data_promo_list_06.xlsx,56,adidas | Adidas Junior Firebird Pants Iy9805,14941558044,TIDAK,API_ERROR,Kod API: InvalidApiPath - The specified API Path is invalid,⚠️ PERLU SEMAKAN (Ralat API),https://s.lazada.com.my/s.ZdYZID?c=d&t=p-iGJBFng-s2G8YRrZ,https://s.lazada.com.my/s.ZdYZID?c=d&t=p-iGJBFng-s2G8YRrZ
data_promo_list_06.xlsx,57,Dickies | Water-resistant Beach Sandal Shoes for Children,14929668355,TIDAK,API_ERROR,Kod API: InvalidApiPath - The specified API Path is invalid,⚠️ PERLU SEMAKAN (Ralat API),https://s.lazada.com.my/s.ZdYZIC?c=c&t=p-iGINMkV-s2G5Jgo7,https://s.lazada.com.my/s.ZdYZIC?c=c&t=p-iGINMkV-s2G5Jgo7
data_promo_list_06.xlsx,58,Belle | Mary Jane Puff Design Kid Princess Birkenstocks,14917901918,TIDAK,API_ERROR,Kod API: InvalidApiPath - The specified API Path is invalid,⚠️ PERLU SEMAKAN (Ralat API),https://s.lazada.com.my/s.ZdYZsf?c=c&t=p-iGHZzlG-s2G2Kk1p,https://s.lazada.com.my/s.ZdYZsf?c=c&t=p-iGHZzlG-s2G2Kk1p
data_promo_list_06.xlsx,59,SQTN.KIDS | Anti-Stain Anti-Oil Waterproof Warmth Thickened Children's Down Jacket,14881595736,TIDAK,API_ERROR,Kod API: InvalidApiPath - The specified API Path is invalid,⚠️ PERLU SEMAKAN (Ralat API),https://s.lazada.com.my/s.ZdYZsT?c=d&t=p-iGF7erg-s2FoqTzF,https://s.lazada.com.my/s.ZdYZsT?c=d&t=p-iGF7erg-s2FoqTzF
data_promo_list_06.xlsx,60,Jeep | Insulated Thicken Waterproof Boys Snow Boots,14868715635,TIDAK,API_ERROR,Kod API: InvalidApiPath - The specified API Path is invalid,⚠️ PERLU SEMAKAN (Ralat API),https://s.lazada.com.my/s.ZdYZs6?c=d&t=p-iGEFcA7-s2FdSHr6,https://s.lazada.com.my/s.ZdYZs6?c=d&t=p-iGEFcA7-s2FdSHr6
data_promo_list_06.xlsx,61,Dickies | Waterproof Sandals for Boys,14932041637,TIDAK,API_ERROR,Kod API: InvalidApiPath - The specified API Path is invalid,⚠️ PERLU SEMAKAN (Ralat API),https://s.lazada.com.my/s.ZdYZsS?c=c&t=p-iGIXK9F-s2G6QUzx,https://s.lazada.com.my/s.ZdYZsS?c=c&t=p-iGIXK9F-s2G6QUzx
data_promo_list_06.xlsx,62,Monster Guardians | Autumn Winter Midneck Soft Warm Athletic Sweatshirt,14921779869,TIDAK,API_ERROR,Kod API: InvalidApiPath - The specified API Path is invalid,⚠️ PERLU SEMAKAN (Ralat API),https://s.lazada.com.my/s.ZdYZs7?c=c&t=p-iGHqGar-s2G2hxsO,https://s.lazada.com.my/s.ZdYZs7?c=c&t=p-iGHqGar-s2G2hxsO
data_promo_list_06.xlsx,63,VECTOR | Waterproof Warm Children's Ski Suit,4814483891,TIDAK,API_ERROR,Kod API: InvalidApiPath - The specified API Path is invalid,⚠️ PERLU SEMAKAN (Ralat API),https://s.lazada.com.my/s.ZdYZsi?c=c&t=p-i5Fp5Bz-sTjtq3l,https://s.lazada.com.my/s.ZdYZsi?c=c&t=p-i5Fp5Bz-sTjtq3l
data_promo_list_06.xlsx,64,DOMIAMIA | Bamboo Cotton Sleep Sack Shortsleeve,14927880697,TIDAK,API_ERROR,Kod API: InvalidApiPath - The specified API Path is invalid,⚠️ PERLU SEMAKAN (Ralat API),https://s.lazada.com.my/s.ZdYZsR?c=c&t=p-iGIFrhJ-s2G3zMxG,https://s.lazada.com.my/s.ZdYZsR?c=c&t=p-iGIFrhJ-s2G3zMxG
data_promo_list_06.xlsx,65,Corduroy Fleece Lined Baby Coat Warm Winter Jacket,14870143001,TIDAK,API_ERROR,Kod API: InvalidApiPath - The specified API Path is invalid,⚠️ PERLU SEMAKAN (Ralat API),https://s.lazada.com.my/s.ZdYZsj?c=d&t=p-iGELbU9-s2Fdpq87,https://s.lazada.com.my/s.ZdYZsj?c=d&t=p-iGELbU9-s2Fdpq87
data_promo_list_06.xlsx,66,BOBOELEPHANT | Boys Long-style Thickened Down Coat,14882734635,TIDAK,API_ERROR,Kod API: InvalidApiPath - The specified API Path is invalid,⚠️ PERLU SEMAKAN (Ralat API),https://s.lazada.com.my/s.ZdYZs9?c=c&t=p-iGFCR91-s2FpWmye,https://s.lazada.com.my/s.ZdYZs9?c=c&t=p-iGFCR91-s2FpWmye
data_promo_list_06.xlsx,67,anta kids girls Running Shoes A225C9909-2 -white/green/yellow,4711307877,TIDAK,API_ERROR,Kod API: InvalidApiPath - The specified API Path is invalid,⚠️ PERLU SEMAKAN (Ralat API),https://s.lazada.com.my/s.ZdYZsF?c=c&t=p-i58qAOj-sSpH2DV,https://s.lazada.com.my/s.ZdYZsF?c=c&t=p-i58qAOj-sSpH2DV
data_promo_list_06.xlsx,68,SQTN.KIDS | Fashionable Winter Thickened Children's Down Jacket,14881672893,TIDAK,API_ERROR,Kod API: InvalidApiPath - The specified API Path is invalid,⚠️ PERLU SEMAKAN (Ralat API),https://s.lazada.com.my/s.ZdYZsv?c=c&t=p-iGF7yw9-s2FocPZC,https://s.lazada.com.my/s.ZdYZsv?c=c&t=p-iGF7yw9-s2FocPZC
data_promo_list_06.xlsx,69,Jeep | Breathable Soft-sole Children's Running Shoes,14867703508,TIDAK,API_ERROR,Kod API: InvalidApiPath - The specified API Path is invalid,⚠️ PERLU SEMAKAN (Ralat API),https://s.lazada.com.my/s.ZdYZsD?c=d&t=p-iGEBMrU-s2Fc5cQy,https://s.lazada.com.my/s.ZdYZsD?c=d&t=p-iGEBMrU-s2Fc5cQy
data_promo_list_06.xlsx,70,New Style Summer Girl's Set,14942021096,TIDAK,API_ERROR,Kod API: InvalidApiPath - The specified API Path is invalid,⚠️ PERLU SEMAKAN (Ralat API),https://s.lazada.com.my/s.ZdYZsx?c=c&t=p-iGJDCGG-s2G9pLtc,https://s.lazada.com.my/s.ZdYZsx?c=c&t=p-iGJDCGG-s2G9pLtc
data_promo_list_06.xlsx,71,Jeep | Insulated Waterproof Snow Boots,14867461973,TIDAK,API_ERROR,Kod API: InvalidApiPath - The specified API Path is invalid,⚠️ PERLU SEMAKAN (Ralat API),https://s.lazada.com.my/s.ZdYZsC?c=c&t=p-iGEAM1l-s2FbyNEA,https://s.lazada.com.my/s.ZdYZsC?c=c&t=p-iGEAM1l-s2FbyNEA
data_promo_list_06.xlsx,72,New Balance | Nk8Bgs421U 20 Reversible Pattern Dome Hat Children's Hat Nk8Bgs421U20 6004145,14936654986,TIDAK,API_ERROR,Kod API: InvalidApiPath - The specified API Path is invalid,⚠️ PERLU SEMAKAN (Ralat API),https://s.lazada.com.my/s.ZdYZsy?c=c&t=p-iGIqgI6-s2G7nMiq,https://s.lazada.com.my/s.ZdYZsy?c=c&t=p-iGIqgI6-s2G7nMiq
data_promo_list_06.xlsx,73,361° | Cat Claw Lightweight Breathable Running Shoes For Girls,14959293227,TIDAK,API_ERROR,Kod API: InvalidApiPath - The specified API Path is invalid,⚠️ PERLU SEMAKAN (Ralat API),https://s.lazada.com.my/s.ZdYZH4?c=d&t=p-iGKNfX1-s2GERSc3,https://s.lazada.com.my/s.ZdYZH4?c=d&t=p-iGKNfX1-s2GERSc3
data_promo_list_06.xlsx,74,Dickies | Breathable Children's Sports Shoes,14865904145,TIDAK,API_ERROR,Kod API: InvalidApiPath - The specified API Path is invalid,⚠️ PERLU SEMAKAN (Ralat API),https://s.lazada.com.my/s.ZdYZHh?c=d&t=p-iGE3olV-s2Fb1EXS,https://s.lazada.com.my/s.ZdYZHh?c=d&t=p-iGE3olV-s2Fb1EXS
data_promo_list_06.xlsx,75,Polo Ralph Lauren Kids (Boy) Cotton Jersey Long-Sleeve Tee,14944307536,TIDAK,API_ERROR,Kod API: InvalidApiPath - The specified API Path is invalid,⚠️ PERLU SEMAKAN (Ralat API),https://s.lazada.com.my/s.ZdYZHS?c=d&t=p-iGJMn4K-s2GAWpeE,https://s.lazada.com.my/s.ZdYZHS?c=d&t=p-iGJMn4K-s2GAWpeE
data_promo_list_06.xlsx,76,Mark Fairwhale | Linen Cool Sensation Loose Casual Shorts with Drawstring,14918172145,TIDAK,API_ERROR,Kod API: InvalidApiPath - The specified API Path is invalid,⚠️ PERLU SEMAKAN (Ralat API),https://s.lazada.com.my/s.ZdYZH7?c=c&t=p-iGHb83l-s2G1Kz0K,https://s.lazada.com.my/s.ZdYZH7?c=c&t=p-iGHb83l-s2G1Kz0K
data_promo_list_06.xlsx,77,adidas | Adidas Kids Spiritain El Kh7967,14941532139,TIDAK,API_ERROR,Kod API: InvalidApiPath - The specified API Path is invalid,⚠️ PERLU SEMAKAN (Ralat API),https://s.lazada.com.my/s.ZdYZHi?c=d&t=p-iGJB93r-s2G9Ns05,https://s.lazada.com.my/s.ZdYZHi?c=d&t=p-iGJB93r-s2G9Ns05
data_promo_list_06.xlsx,78,adidas | Adidas Barricade K Jh5126 Kids Tennis Shoes All-Court,14938275169,TIDAK,API_ERROR,Kod API: InvalidApiPath - The specified API Path is invalid,⚠️ PERLU SEMAKAN (Ralat API),https://s.lazada.com.my/s.ZdYZHR?c=c&t=p-iGIxTm5-s2G8UyJF,https://s.lazada.com.my/s.ZdYZHR?c=c&t=p-iGIxTm5-s2G8UyJF
data_promo_list_06.xlsx,79,adidas | Adidas Barricade K Jh5126 Kids Tennis Shoes All-Court,14938980720,TIDAK,API_ERROR,Kod API: InvalidApiPath - The specified API Path is invalid,⚠️ PERLU SEMAKAN (Ralat API),https://s.lazada.com.my/s.ZdYZH8?c=d&t=p-iGJ0RJw-s2G7fFLq,https://s.lazada.com.my/s.ZdYZH8?c=d&t=p-iGJ0RJw-s2G7fFLq
data_promo_list_06.xlsx,80,Disney | Trendy Slim Lightweight Girls Down Jacket Medium Length,14844429213,TIDAK,API_ERROR,Kod API: InvalidApiPath - The specified API Path is invalid,⚠️ PERLU SEMAKAN (Ralat API),https://s.lazada.com.my/s.ZdYZHj?c=c&t=p-iGCbi9d-s2FEE5dd,https://s.lazada.com.my/s.ZdYZHj?c=c&t=p-iGCbi9d-s2FEE5dd
data_promo_list_06.xlsx,81,Polo Ralph Lauren Kids (Boy) Big Pony Cotton Jersey Tee,4525451358,TIDAK,API_ERROR,Kod API: InvalidApiPath - The specified API Path is invalid,⚠️ PERLU SEMAKAN (Ralat API),https://s.lazada.com.my/s.ZdYZHt?c=c&t=p-i4wGKcw-sRuXVut,https://s.lazada.com.my/s.ZdYZHt?c=c&t=p-i4wGKcw-sRuXVut
data_promo_list_06.xlsx,82,Barbie | Summer Soft Sole Closed-Toe Sandals,14841739933,TIDAK,API_ERROR,Kod API: InvalidApiPath - The specified API Path is invalid,⚠️ PERLU SEMAKAN (Ralat API),https://s.lazada.com.my/s.ZdYZHG?c=d&t=p-iGCQQY9-s2FBEwrF,https://s.lazada.com.my/s.ZdYZHG?c=d&t=p-iGCQQY9-s2FBEwrF
data_promo_list_06.xlsx,83,BulldogAmy | Lace Golden Edge Retro Puff Sleeve Girl's Dress,14879686144,TIDAK,API_ERROR,Kod API: InvalidApiPath - The specified API Path is invalid,⚠️ PERLU SEMAKAN (Ralat API),https://s.lazada.com.my/s.ZdYZHv?c=d&t=p-iGEze5o-s2FlwJup,https://s.lazada.com.my/s.ZdYZHv?c=d&t=p-iGEze5o-s2FlwJup
data_promo_list_06.xlsx,84,baomafanxi | Thermal Thickened Baby Girls' Panties Cotton,14868752841,TIDAK,API_ERROR,Kod API: InvalidApiPath - The specified API Path is invalid,⚠️ PERLU SEMAKAN (Ralat API),https://s.lazada.com.my/s.ZdYZHE?c=d&t=p-iGEFlqD-s2Fd16JR,https://s.lazada.com.my/s.ZdYZHE?c=d&t=p-iGEFlqD-s2Fd16JR
data_promo_list_06.xlsx,85,Wireless Cup With Heating Function For Baby Milk And Adult Constant Temperature Control,14958474618,TIDAK,API_ERROR,Kod API: InvalidApiPath - The specified API Path is invalid,⚠️ PERLU SEMAKAN (Ralat API),https://s.lazada.com.my/s.ZdYZHD?c=d&t=p-iGKKEZe-s2GEDAZs,https://s.lazada.com.my/s.ZdYZHD?c=d&t=p-iGKKEZe-s2GEDAZs
data_promo_list_06.xlsx,86,Dickies | Anti-slip Soft Bottom Summer Children's Shoes,14917665065,TIDAK,API_ERROR,Kod API: InvalidApiPath - The specified API Path is invalid,⚠️ PERLU SEMAKAN (Ralat API),https://s.lazada.com.my/s.ZdYZt4?c=d&t=p-iGHZ093-s2G26kDX,https://s.lazada.com.my/s.ZdYZt4?c=d&t=p-iGHZ093-s2G26kDX
data_promo_list_06.xlsx,87,adidas | Adidas Kids Two-In-One Backpack Im5266,14942764482,TIDAK,API_ERROR,Kod API: InvalidApiPath - The specified API Path is invalid,⚠️ PERLU SEMAKAN (Ralat API),https://s.lazada.com.my/s.ZdYZtf?c=d&t=p-iGJGJeM-s2G9sAr2,https://s.lazada.com.my/s.ZdYZtf?c=d&t=p-iGJGJeM-s2G9sAr2
data_promo_list_06.xlsx,88,Jeep | Anti-slip Insulated Snow Boots,14867703402,TIDAK,API_ERROR,Kod API: InvalidApiPath - The specified API Path is invalid,⚠️ PERLU SEMAKAN (Ralat API),https://s.lazada.com.my/s.ZdYZtg?c=c&t=p-iGEBMpm-s2Fc3Wlw,https://s.lazada.com.my/s.ZdYZtg?c=c&t=p-iGEBMpm-s2Fc3Wlw
data_promo_list_06.xlsx,89,CinvaiKrose | Student Backpack for Girls Light and Versatile,4763816556,TIDAK,API_ERROR,Kod API: InvalidApiPath - The specified API Path is invalid,⚠️ PERLU SEMAKAN (Ralat API),https://s.lazada.com.my/s.ZdYZtT?c=d&t=p-i5COUIu-sTIsRyb,https://s.lazada.com.my/s.ZdYZtT?c=d&t=p-i5COUIu-sTIsRyb
data_promo_list_06.xlsx,90,New Balance | Nk8Bgs421U 25 Reversible Pattern Dome Hat Children's Hat Nk8Bgs421U25 6004146,14935849443,TIDAK,API_ERROR,Kod API: InvalidApiPath - The specified API Path is invalid,⚠️ PERLU SEMAKAN (Ralat API),https://s.lazada.com.my/s.ZdYZt6?c=d&t=p-iGInIjT-s2G6yvz9,https://s.lazada.com.my/s.ZdYZt6?c=d&t=p-iGInIjT-s2G6yvz9
data_promo_list_06.xlsx,91,iplant | British Style Girls Wool Coat Autumn/Winter New 2025,14887054271,TIDAK,API_ERROR,Kod API: InvalidApiPath - The specified API Path is invalid,⚠️ PERLU SEMAKAN (Ralat API),https://s.lazada.com.my/s.ZdYZtL?c=c&t=p-iGFUYsZ-s2Fro3fp,https://s.lazada.com.my/s.ZdYZtL?c=c&t=p-iGFUYsZ-s2Fro3fp
data_promo_list_06.xlsx,92,Breathable Quick-Dry Color-Contrast Casual Pants with Dog Charm,14917601826,TIDAK,API_ERROR,Kod API: InvalidApiPath - The specified API Path is invalid,⚠️ PERLU SEMAKAN (Ralat API),https://s.lazada.com.my/s.ZdYZtK?c=d&t=p-iGHYjh4-s2G2BF2W,https://s.lazada.com.my/s.ZdYZtK?c=d&t=p-iGHYjh4-s2G2BF2W
data_promo_list_06.xlsx,93,The North Face Kids Fastpack Boa Pink Ns93S88T,14940929426,TIDAK,API_ERROR,Kod API: InvalidApiPath - The specified API Path is invalid,⚠️ PERLU SEMAKAN (Ralat API),https://s.lazada.com.my/s.ZdYZtJ?c=d&t=p-iGJ8cGg-s2G8abZt,https://s.lazada.com.my/s.ZdYZtJ?c=d&t=p-iGJ8cGg-s2G8abZt
data_promo_list_06.xlsx,94,New Balance Kids Sweet Home Family Illustration Short-Sleeve Set Nk9Yg2551U_Cream (),14942167088,TIDAK,API_ERROR,Kod API: InvalidApiPath - The specified API Path is invalid,⚠️ PERLU SEMAKAN (Ralat API),https://s.lazada.com.my/s.ZdYZtI?c=d&t=p-iGJDoEy-s2G959xG,https://s.lazada.com.my/s.ZdYZtI?c=d&t=p-iGJDoEy-s2G959xG
data_promo_list_06.xlsx,95,Dickies | Non-slip Summer Sandals Soft Bottom,14937722770,TIDAK,API_ERROR,Kod API: InvalidApiPath - The specified API Path is invalid,⚠️ PERLU SEMAKAN (Ralat API),https://s.lazada.com.my/s.ZdYZtH?c=c&t=p-iGIvA4Q-s2G7ztV1,https://s.lazada.com.my/s.ZdYZtH?c=c&t=p-iGIvA4Q-s2G7ztV1
data_promo_list_06.xlsx,96,adidas | Adidas Baby Litrorama Rnr Mini El I Hq9193,14940884888,TIDAK,API_ERROR,Kod API: InvalidApiPath - The specified API Path is invalid,⚠️ PERLU SEMAKAN (Ralat API),https://s.lazada.com.my/s.ZdYZtt?c=c&t=p-iGJ8QgK-s2G8PINC,https://s.lazada.com.my/s.ZdYZtt?c=c&t=p-iGJ8QgK-s2G8PINC
data_promo_list_06.xlsx,97,Newborn Gift Clothing Set Cotton,14887296595,TIDAK,API_ERROR,Kod API: InvalidApiPath - The specified API Path is invalid,⚠️ PERLU SEMAKAN (Ralat API),https://s.lazada.com.my/s.ZdYZGX?c=d&t=p-iGFVZv1-s2Fs6HfK,https://s.lazada.com.my/s.ZdYZGX?c=d&t=p-iGFVZv1-s2Fs6HfK
data_promo_list_06.xlsx,98,New Balance | M New Balance Kids Sneakers Pqc Nkpmgs106N-59 P6255Qy,14937973818,TIDAK,API_ERROR,Kod API: InvalidApiPath - The specified API Path is invalid,⚠️ PERLU SEMAKAN (Ralat API),https://s.lazada.com.my/s.ZdYZG3?c=c&t=p-iGIwDNa-s2G7cVor,https://s.lazada.com.my/s.ZdYZG3?c=c&t=p-iGIwDNa-s2G7cVor
data_promo_list_06.xlsx,99,New Balance | New Balance Kids Sneakers Pqc Nkpmgs106N-59 P6255Qy,14939170174,TIDAK,API_ERROR,Kod API: InvalidApiPath - The specified API Path is invalid,⚠️ PERLU SEMAKAN (Ralat API),https://s.lazada.com.my/s.ZdYZGe?c=c&t=p-iGJ1Ebe-s2G7h3Cv,https://s.lazada.com.my/s.ZdYZGe?c=c&t=p-iGJ1Ebe-s2G7h3Cv
data_promo_list_06.xlsx,100,baomafanxi | Fleece Lined Warm Trousers Stockings Autumn Winter,14867795415,TIDAK,API_ERROR,Kod API: InvalidApiPath - The specified API Path is invalid,⚠️ PERLU SEMAKAN (Ralat API),https://s.lazada.com.my/s.ZdYZGV?c=d&t=p-iGEBklr-s2Fcb4kU,https://s.lazada.com.my/s.ZdYZGV?c=d&t=p-iGEBklr-s2Fcb4kU
data_promo_list_06.xlsx,101,New Balance | Nk9Vg2772U 19 Nbsc Children's Taslan Cargo Bermuda Shorts Nk9Vg2772U19 6152963,14935861427,TIDAK,API_ERROR,Kod API: InvalidApiPath - The specified API Path is invalid,⚠️ PERLU SEMAKAN (Ralat API),https://s.lazada.com.my/s.ZdYZG4?c=c&t=p-iGInLql-s2G7nOmd,https://s.lazada.com.my/s.ZdYZG4?c=c&t=p-iGInLql-s2G7nOmd
data_promo_list_06.xlsx,102,GERM | Cute Child Crossbody Bag For Girls Students New Design,4749678601,TIDAK,API_ERROR,Kod API: InvalidApiPath - The specified API Path is invalid,⚠️ PERLU SEMAKAN (Ralat API),https://s.lazada.com.my/s.ZdYZGU?c=c&t=p-i5BRANN-sTB5G3M,https://s.lazada.com.my/s.ZdYZGU?c=c&t=p-i5BRANN-sTB5G3M
data_promo_list_06.xlsx,103,Mini peace | Trendy Series Children's Summer Color Block Skirt Dress,14950615396,TIDAK,API_ERROR,Kod API: InvalidApiPath - The specified API Path is invalid,⚠️ PERLU SEMAKAN (Ralat API),https://s.lazada.com.my/s.ZdYZGn?c=d&t=p-iGJnG20-s2GC6qev,https://s.lazada.com.my/s.ZdYZGn?c=d&t=p-iGJnG20-s2GC6qev
data_promo_list_06.xlsx,104,PUMA | Kids Color Satchel Side Bag Pk45Ab333 5031280,14939140719,TIDAK,API_ERROR,Kod API: InvalidApiPath - The specified API Path is invalid,⚠️ PERLU SEMAKAN (Ralat API),https://s.lazada.com.my/s.ZdYZGM?c=d&t=p-iGJ16wZ-s2G8Vu2N,https://s.lazada.com.my/s.ZdYZGM?c=d&t=p-iGJ16wZ-s2G8Vu2N
data_promo_list_06.xlsx,105,adidas | Adidas Kids Disney Mickey Mouse Shorts Tee Set Jd0639,14938567202,TIDAK,API_ERROR,Kod API: InvalidApiPath - The specified API Path is invalid,⚠️ PERLU SEMAKAN (Ralat API),https://s.lazada.com.my/s.ZdYZGL?c=d&t=p-iGIyhkI-s2G7oQAJ,https://s.lazada.com.my/s.ZdYZGL?c=d&t=p-iGIyhkI-s2G7oQAJ
data_promo_list_06.xlsx,106,Beanpole Kids 26Ss Girls' Cable Short-Sleeve Round Neck Pullover (Choose 1 of 2 Types),14954685113,TIDAK,API_ERROR,Kod API: InvalidApiPath - The specified API Path is invalid,⚠️ PERLU SEMAKAN (Ralat API),https://s.lazada.com.my/s.ZdYZGp?c=d&t=p-iGK4Kkb-s2GCLmsj,https://s.lazada.com.my/s.ZdYZGp?c=d&t=p-iGK4Kkb-s2GCLmsj
data_promo_list_06.xlsx,107,ANTA | Children's School Backpack with Tutorial Bag Load-reducing Spine-protecting,14945091430,TIDAK,API_ERROR,Kod API: InvalidApiPath - The specified API Path is invalid,⚠️ PERLU SEMAKAN (Ralat API),https://s.lazada.com.my/s.ZdYZGJ?c=d&t=p-iGJQ4zm-s2G9o9Li,https://s.lazada.com.my/s.ZdYZGJ?c=d&t=p-iGJQ4zm-s2G9o9Li
data_promo_list_06.xlsx,108,Dickies | Breathable Water-friendly Slippers Summer Slip-resistant Shoes for Boys,14931298440,TIDAK,API_ERROR,Kod API: InvalidApiPath - The specified API Path is invalid,⚠️ PERLU SEMAKAN (Ralat API),https://s.lazada.com.my/s.ZdYZGI?c=d&t=p-iGIUCoC-s2G5JI0i,https://s.lazada.com.my/s.ZdYZGI?c=d&t=p-iGIUCoC-s2G5JI0i
data_promo_list_06.xlsx,109,PUMA | Kids Color Block Track Jacket Pk51Jd361 5030836,14939715020,TIDAK,API_ERROR,Kod API: InvalidApiPath - The specified API Path is invalid,⚠️ PERLU SEMAKAN (Ralat API),https://s.lazada.com.my/s.ZdYZGH?c=d&t=p-iGJ3WLU-s2G8EmES,https://s.lazada.com.my/s.ZdYZGH?c=d&t=p-iGJ3WLU-s2G8EmES
data_promo_list_06.xlsx,110,adidas | Adidas Junior Full-Zip Hoodie Jx2789,14937993777,TIDAK,API_ERROR,Kod API: InvalidApiPath - The specified API Path is invalid,⚠️ PERLU SEMAKAN (Ralat API),https://s.lazada.com.my/s.ZdYZGt?c=c&t=p-iGIwIZV-s2G7cRBx,https://s.lazada.com.my/s.ZdYZGt?c=c&t=p-iGIwIZV-s2G7cRBx
data_promo_list_06.xlsx,111,VINEY | Attractive Large Capacity Double Shoulder Bag for Girls,14949947953,TIDAK,API_ERROR,Kod API: InvalidApiPath - The specified API Path is invalid,⚠️ PERLU SEMAKAN (Ralat API),https://s.lazada.com.my/s.ZdYZGu?c=d&t=p-iGJkSOn-s2GB9enS,https://s.lazada.com.my/s.ZdYZGu?c=d&t=p-iGJkSOn-s2GB9enS
data_promo_list_05.xlsx,2,Crolla Miiya (3-in-1 Baby Bedside Crib),14904017406,TIDAK,API_ERROR,Kod API: InvalidApiPath - The specified API Path is invalid,⚠️ PERLU SEMAKAN (Ralat API),https://s.lazada.com.my/s.ZdYZTx?c=d&t=p-iGGdjlW-s2Fy2Plx,https://s.lazada.com.my/s.ZdYZTx?c=d&t=p-iGGdjlW-s2Fy2Plx
data_promo_list_05.xlsx,3,Offspring Fashion Baby Diapers Pants XXL (192pcs) [8 Packs],4653905067,TIDAK,API_ERROR,Kod API: InvalidApiPath - The specified API Path is invalid,⚠️ PERLU SEMAKAN (Ralat API),https://s.lazada.com.my/s.ZdYZTC?c=d&t=p-i54xJIx-sSWsGEc,https://s.lazada.com.my/s.ZdYZTC?c=d&t=p-i54xJIx-sSWsGEc
data_promo_list_05.xlsx,4,Mamil Step 3 Growing Up Milk Formula 1 - 3 years 1.8kg x 8,4849985729,TIDAK,API_ERROR,Kod API: InvalidApiPath - The specified API Path is invalid,⚠️ PERLU SEMAKAN (Ralat API),https://s.lazada.com.my/s.ZdYZTy?c=c&t=p-i5IE2qH-sU56hL6,https://s.lazada.com.my/s.ZdYZTy?c=c&t=p-i5IE2qH-sU56hL6
data_promo_list_05.xlsx,5,Thickened Insulation Bathtub,14874635933,TIDAK,API_ERROR,Kod API: InvalidApiPath - The specified API Path is invalid,⚠️ PERLU SEMAKAN (Ralat API),https://s.lazada.com.my/s.ZdYZTB?c=c&t=p-iGEeSIn-s2FvVfFH,https://s.lazada.com.my/s.ZdYZTB?c=c&t=p-iGEeSIn-s2FvVfFH
data_promo_list_05.xlsx,6,Soft-bristled Child Electric Toothbrush For Oral Health,14930654542,TIDAK,API_ERROR,Kod API: InvalidApiPath - The specified API Path is invalid,⚠️ PERLU SEMAKAN (Ralat API),https://s.lazada.com.my/s.ZdYZTz?c=c&t=p-iGIRVIk-s2G4vHxJ,https://s.lazada.com.my/s.ZdYZTz?c=c&t=p-iGIRVIk-s2G4vHxJ
data_promo_list_05.xlsx,7,Friso Gold Step 3 - 1.2kg x 6 (Total 7.2kg) - Exclusive Ecommerce Pack,1019852391,TIDAK,API_ERROR,Kod API: InvalidApiPath - The specified API Path is invalid,⚠️ PERLU SEMAKAN (Ralat API),https://s.lazada.com.my/s.ZdYZ6a?c=d&t=p-i171CC7-s2yFEwl,https://s.lazada.com.my/s.ZdYZ6a?c=d&t=p-i171CC7-s2yFEwl
data_promo_list_05.xlsx,8,"Constant Temperature Cup, Wireless Portable, Dual-Mode Quick Heating for Milk Making, 500ml, 500W Three-Pin Plug (Built-in Battery, USB-C Rechargeable)",14907983259,TIDAK,API_ERROR,Kod API: InvalidApiPath - The specified API Path is invalid,⚠️ PERLU SEMAKAN (Ralat API),https://s.lazada.com.my/s.ZdYZ60?c=d&t=p-iGGuNSt-s2G019Cu,https://s.lazada.com.my/s.ZdYZ60?c=d&t=p-iGGuNSt-s2G019Cu
data_promo_list_05.xlsx,9,Insulated Straw Cup Portable Safety Lock 316L Inner Tank,14941923197,TIDAK,API_ERROR,Kod API: InvalidApiPath - The specified API Path is invalid,⚠️ PERLU SEMAKAN (Ralat API),https://s.lazada.com.my/s.ZdYZ6c?c=c&t=p-iGJCmnF-s2G9mwaz,https://s.lazada.com.my/s.ZdYZ6c?c=c&t=p-iGJCmnF-s2G9mwaz
data_promo_list_05.xlsx,10,iuu | Foldable Non-Bending Bath Support Bathing Helper,14840334175,TIDAK,API_ERROR,Kod API: InvalidApiPath - The specified API Path is invalid,⚠️ PERLU SEMAKAN (Ralat API),https://s.lazada.com.my/s.ZdYZ62?c=c&t=p-iGCKWqd-s2FA5Shh,https://s.lazada.com.my/s.ZdYZ62?c=c&t=p-iGCKWqd-s2FA5Shh
data_promo_list_05.xlsx,11,LACTOGROW PROBIO 3 (1-3 years old ) (1.65kg x 6),421061154,TIDAK,API_ERROR,Kod API: InvalidApiPath - The specified API Path is invalid,⚠️ PERLU SEMAKAN (Ralat API),https://s.lazada.com.my/s.ZdYZ6d?c=c&t=p-iSUjEw-sSXy2Oc,https://s.lazada.com.my/s.ZdYZ6d?c=c&t=p-iSUjEw-sSXy2Oc
data_promo_list_05.xlsx,12,Spit-up Prevention Infant Sleep Pillow Anti-Aspiration and Flatulence,14938901650,TIDAK,API_ERROR,Kod API: InvalidApiPath - The specified API Path is invalid,⚠️ PERLU SEMAKAN (Ralat API),https://s.lazada.com.my/s.ZdYZ6W?c=d&t=p-iGJ06kc-s2G804gY,https://s.lazada.com.my/s.ZdYZ6W?c=d&t=p-iGJ06kc-s2G804gY
data_promo_list_05.xlsx,13,Enfagrow A+ Step 4 (4Y+) Original / Vanilla Milk Formula Powder (3.48kg),4192971785,TIDAK,API_ERROR,Kod API: InvalidApiPath - The specified API Path is invalid,⚠️ PERLU SEMAKAN (Ralat API),https://s.lazada.com.my/s.ZdYZ6e?c=c&t=p-i4ZlHVB-sPvx3W3,https://s.lazada.com.my/s.ZdYZ6e?c=c&t=p-i4ZlHVB-sPvx3W3
data_promo_list_05.xlsx,14,"Bathtub For Bath Tub Kids Household installation-free, elevated base, thermal insulation Bathtub For",14935370625,TIDAK,API_ERROR,Kod API: InvalidApiPath - The specified API Path is invalid,⚠️ PERLU SEMAKAN (Ralat API),https://s.lazada.com.my/s.ZdYZ64?c=d&t=p-iGIlIAb-s2G6fCmH,https://s.lazada.com.my/s.ZdYZ64?c=d&t=p-iGIlIAb-s2G6fCmH
data_promo_list_05.xlsx,15,UPPAbaby | Newborn Car Seat Cushion for 3-6 Month Babies,4747135325,TIDAK,API_ERROR,Kod API: InvalidApiPath - The specified API Path is invalid,⚠️ PERLU SEMAKAN (Ralat API),https://s.lazada.com.my/s.ZdYZ65?c=c&t=p-i5BGUkn-sT9PxuA,https://s.lazada.com.my/s.ZdYZ65?c=c&t=p-i5BGUkn-sT9PxuA
data_promo_list_05.xlsx,16,Feeding Station Warmer Drying UV Disinfection Milk Formula Preparation Machine,14961150915,TIDAK,API_ERROR,Kod API: InvalidApiPath - The specified API Path is invalid,⚠️ PERLU SEMAKAN (Ralat API),https://s.lazada.com.my/s.ZdYZ66?c=c&t=p-iGKVSnj-s2GEkaTj,https://s.lazada.com.my/s.ZdYZ66?c=c&t=p-iGKVSnj-s2GEkaTj
data_promo_list_05.xlsx,17,"Aptamil KID C-SynB Growing Up Formula - 1+ Years 1.8KG X 3 (Susu, Milk Powder, 奶粉)",4649457392,TIDAK,API_ERROR,Kod API: InvalidApiPath - The specified API Path is invalid,⚠️ PERLU SEMAKAN (Ralat API),https://s.lazada.com.my/s.ZdYZ6h?c=d&t=p-i54eeGG-sSVe8oX,https://s.lazada.com.my/s.ZdYZ6h?c=d&t=p-i54eeGG-sSVe8oX
data_promo_list_05.xlsx,18,Bubs® Advanced Plus+ Goat Toddler Milk Drink Stage 3 800g (12-36 months) x3,14890179228,TIDAK,API_ERROR,Kod API: InvalidApiPath - The specified API Path is invalid,⚠️ PERLU SEMAKAN (Ralat API),https://s.lazada.com.my/s.ZdYZ6S?c=d&t=p-iGFhfp6-s2FtPygS,https://s.lazada.com.my/s.ZdYZ6S?c=d&t=p-iGFhfp6-s2FtPygS
data_promo_list_05.xlsx,19,Morinaga Chil-kid Step 4 (No Sucrose) 8 boxes X 700g [Free Morinaga Cooking Pot],14929678971,TIDAK,API_ERROR,Kod API: InvalidApiPath - The specified API Path is invalid,⚠️ PERLU SEMAKAN (Ralat API),https://s.lazada.com.my/s.ZdYZ6i?c=d&t=p-iGINPVj-s2G4c3Lg,https://s.lazada.com.my/s.ZdYZ6i?c=d&t=p-iGINPVj-s2G4c3Lg
data_promo_list_05.xlsx,20,"Momcozy Air 1 Ultra-Slim Breast Pump, Hands-Free Wearable Pump with Wireless Charging Case &amp; App Control with Auto Mode &amp; Full-Milk Alert",4814418006,TIDAK,API_ERROR,Kod API: InvalidApiPath - The specified API Path is invalid,⚠️ PERLU SEMAKAN (Ralat API),https://s.lazada.com.my/s.ZdYZ68?c=c&t=p-i5Foo3K-sTjoA89,https://s.lazada.com.my/s.ZdYZ68?c=c&t=p-i5Foo3K-sTjoA89
data_promo_list_05.xlsx,21,[2 TINS] HIPP BILAC ORGANIC MILK STEP 1 900G,4666717447,TIDAK,API_ERROR,Kod API: InvalidApiPath - The specified API Path is invalid,⚠️ PERLU SEMAKAN (Ralat API),https://s.lazada.com.my/s.ZdYZ6Q?c=d&t=p-i55p4OF-sSapwoC,https://s.lazada.com.my/s.ZdYZ6Q?c=d&t=p-i55p4OF-sSapwoC
data_promo_list_05.xlsx,22,ANMUM Essential Gold Step 4 Children Formula Milk Powder (4 – 9 Years Old) 1.1kg x 8,4048795650,TIDAK,API_ERROR,Kod API: InvalidApiPath - The specified API Path is invalid,⚠️ PERLU SEMAKAN (Ralat API),https://s.lazada.com.my/s.ZdYZ6P?c=d&t=p-i4Q0Khe-sP1SNWx,https://s.lazada.com.my/s.ZdYZ6P?c=d&t=p-i4Q0Khe-sP1SNWx
data_promo_list_05.xlsx,23,Chicco KidFit Zip Air Plus 2-in-1 Belt-Positioning Booster Seat | Car Seat LATCH/ISOFIX 4-12Y,4114508902,TIDAK,API_ERROR,Kod API: InvalidApiPath - The specified API Path is invalid,⚠️ PERLU SEMAKAN (Ralat API),https://s.lazada.com.my/s.ZdYZ6O?c=c&t=p-i4US3io-sPQfvCo,https://s.lazada.com.my/s.ZdYZ6O?c=c&t=p-i4US3io-sPQfvCo
data_promo_list_05.xlsx,24,Enfalac A+ Step 1 - 2.32kg (Milk Formula) Exp 2027,2851898332,TIDAK,API_ERROR,Kod API: InvalidApiPath - The specified API Path is invalid,⚠️ PERLU SEMAKAN (Ralat API),https://s.lazada.com.my/s.ZdYZ6m?c=c&t=p-i370H2C-sEzNZAg,https://s.lazada.com.my/s.ZdYZ6m?c=c&t=p-i370H2C-sEzNZAg
data_promo_list_05.xlsx,25,Dugro Sure Plus 1.2kg x 6 (1 carton),4606961662,TIDAK,API_ERROR,Kod API: InvalidApiPath - The specified API Path is invalid,⚠️ PERLU SEMAKAN (Ralat API),https://s.lazada.com.my/s.ZdYZ6N?c=d&t=p-i51mLBG-sSL5he6,https://s.lazada.com.my/s.ZdYZ6N?c=d&t=p-i51mLBG-sSL5he6
data_promo_list_05.xlsx,26,northward | Waterproof Washable Baby Bed Pad Large,14927896713,TIDAK,API_ERROR,Kod API: InvalidApiPath - The specified API Path is invalid,⚠️ PERLU SEMAKAN (Ralat API),https://s.lazada.com.my/s.ZdYZ6n?c=d&t=p-iGIFvrd-s2G4nc0k,https://s.lazada.com.my/s.ZdYZ6n?c=d&t=p-iGIFvrd-s2G4nc0k
data_promo_list_05.xlsx,27,Baby Tableware Gift Set for 6+ Months,14958137344,TIDAK,API_ERROR,Kod API: InvalidApiPath - The specified API Path is invalid,⚠️ PERLU SEMAKAN (Ralat API),https://s.lazada.com.my/s.ZdYZ6o?c=c&t=p-iGKIopk-s2GEGCba,https://s.lazada.com.my/s.ZdYZ6o?c=c&t=p-iGKIopk-s2GEGCba
data_promo_list_05.xlsx,28,ASCENDA® CATCH-UP GROWTH (1.8KG x 3),4704793004,TIDAK,API_ERROR,Kod API: InvalidApiPath - The specified API Path is invalid,⚠️ PERLU SEMAKAN (Ralat API),https://s.lazada.com.my/s.ZdYZ6L?c=c&t=p-i58Opa8-sSmlFWR,https://s.lazada.com.my/s.ZdYZ6L?c=c&t=p-i58Opa8-sSmlFWR
data_promo_list_05.xlsx,29,HOPPI MULTI PURPOSE POUCH - CGWP,14960096808,TIDAK,API_ERROR,Kod API: InvalidApiPath - The specified API Path is invalid,⚠️ PERLU SEMAKAN (Ralat API),https://s.lazada.com.my/s.ZdYZ6K?c=d&t=p-iGKR2a0-s2GEVlbk,https://s.lazada.com.my/s.ZdYZ6K?c=d&t=p-iGKR2a0-s2GEVlbk
data_promo_list_05.xlsx,30,100 Cotton Facial Towel Pearl Texture,14958439167,TIDAK,API_ERROR,Kod API: InvalidApiPath - The specified API Path is invalid,⚠️ PERLU SEMAKAN (Ralat API),https://s.lazada.com.my/s.ZdYZ6q?c=c&t=p-iGKK5Lr-s2GDPZ1E,https://s.lazada.com.my/s.ZdYZ6q?c=c&t=p-iGKK5Lr-s2GDPZ1E
data_promo_list_05.xlsx,31,[Bundle of 4] Enfagrow A+ Step 3 (1Y+) Original Milk Formula Powder (2.32kg x 4),4192984633,TIDAK,API_ERROR,Kod API: InvalidApiPath - The specified API Path is invalid,⚠️ PERLU SEMAKAN (Ralat API),https://s.lazada.com.my/s.ZdYZ6J?c=c&t=p-i4ZlKqP-sPvxZA4,https://s.lazada.com.my/s.ZdYZ6J?c=c&t=p-i4ZlKqP-sPvxZA4
data_promo_list_05.xlsx,32,Niofeel | Baby and Child Double Door Plastic Drawer Storage Cabinet,14869617946,TIDAK,API_ERROR,Kod API: InvalidApiPath - The specified API Path is invalid,⚠️ PERLU SEMAKAN (Ralat API),https://s.lazada.com.my/s.ZdYZ6r?c=d&t=p-iGEJOtW-s2Fe3gAD,https://s.lazada.com.my/s.ZdYZ6r?c=d&t=p-iGEJOtW-s2Fe3gAD
data_promo_list_05.xlsx,33,Aptamil Kid C-SynB 1.8kg x 2 FOC La Gourmet Mug (2x),14951267392,TIDAK,API_ERROR,Kod API: InvalidApiPath - The specified API Path is invalid,⚠️ PERLU SEMAKAN (Ralat API),https://s.lazada.com.my/s.ZdYZ6H?c=c&t=p-iGJpze4-s2GBS6GQ,https://s.lazada.com.my/s.ZdYZ6H?c=c&t=p-iGJpze4-s2GBS6GQ
data_promo_list_05.xlsx,34,Adjustable Portable Umbrella Stroller,14868887064,TIDAK,API_ERROR,Kod API: InvalidApiPath - The specified API Path is invalid,⚠️ PERLU SEMAKAN (Ralat API),https://s.lazada.com.my/s.ZdYZ6G?c=c&t=p-iGEGKl6-s2FcsxY1,https://s.lazada.com.my/s.ZdYZ6G?c=c&t=p-iGEGKl6-s2FcsxY1
data_promo_list_05.xlsx,35,Wireless Portable Constant Temperature Thermos Bottle,14916821045,TIDAK,API_ERROR,Kod API: InvalidApiPath - The specified API Path is invalid,⚠️ PERLU SEMAKAN (Ralat API),https://s.lazada.com.my/s.ZdYZ6v?c=c&t=p-iGHVSZp-s2G12qgA,https://s.lazada.com.my/s.ZdYZ6v?c=c&t=p-iGHVSZp-s2G12qgA
data_promo_list_05.xlsx,36,Momcozy KleanPal Pro Baby Bottle Washer and Sterilizer,4857558238,TIDAK,API_ERROR,Kod API: InvalidApiPath - The specified API Path is invalid,⚠️ PERLU SEMAKAN (Ralat API),https://s.lazada.com.my/s.ZdYZ6w?c=c&t=p-i5IjonW-sUBNKBC,https://s.lazada.com.my/s.ZdYZ6w?c=c&t=p-i5IjonW-sUBNKBC
data_promo_list_05.xlsx,37,Multipurpose Infant Facial Wipes 80pc,14946755655,TIDAK,API_ERROR,Kod API: InvalidApiPath - The specified API Path is invalid,⚠️ PERLU SEMAKAN (Ralat API),https://s.lazada.com.my/s.ZdYZ6D?c=d&t=p-iGJX3w7-s2GBG5PW,https://s.lazada.com.my/s.ZdYZ6D?c=d&t=p-iGJX3w7-s2GBG5PW
data_promo_list_05.xlsx,38,ANYOUBI | Cotton Thick Detachable Quilt for Four Seasons,4809881778,TIDAK,API_ERROR,Kod API: InvalidApiPath - The specified API Path is invalid,⚠️ PERLU SEMAKAN (Ralat API),https://s.lazada.com.my/s.ZdYZ6x?c=c&t=p-i5FVlyM-sTeVv7T,https://s.lazada.com.my/s.ZdYZ6x?c=c&t=p-i5FVlyM-sTeVv7T
data_promo_list_05.xlsx,39,A-Class Safe Cooling Summer Mat for Children Washable Air Conditioner Use,14906018220,TIDAK,API_ERROR,Kod API: InvalidApiPath - The specified API Path is invalid,⚠️ PERLU SEMAKAN (Ralat API),https://s.lazada.com.my/s.ZdYZ6C?c=c&t=p-iGGm8Gi-s2Fz86mL,https://s.lazada.com.my/s.ZdYZ6C?c=c&t=p-iGGm8Gi-s2Fz86mL
data_promo_list_05.xlsx,40,Enfagrow A+ 2FL Step 3 Original - 3.48kg,2948157049,TIDAK,API_ERROR,Kod API: InvalidApiPath - The specified API Path is invalid,⚠️ PERLU SEMAKAN (Ralat API),https://s.lazada.com.my/s.ZdYZ6z?c=c&t=p-i3DWAK9-sFiserv,https://s.lazada.com.my/s.ZdYZ6z?c=c&t=p-i3DWAK9-sFiserv
data_promo_list_05.xlsx,41,Chicco Hoopla Baby Bouncer,4697722726,TIDAK,API_ERROR,Kod API: InvalidApiPath - The specified API Path is invalid,⚠️ PERLU SEMAKAN (Ralat API),https://s.lazada.com.my/s.ZdYZ6A?c=c&t=p-i57vAHO-sSjd9mH,https://s.lazada.com.my/s.ZdYZ6A?c=c&t=p-i57vAHO-sSjd9mH
data_promo_list_05.xlsx,42,Philips Avent 4 in 1 Premium Baby Bottle Electric Steam Sterilizer & Dryer SCF293/01,4567887203,TIDAK,API_ERROR,Kod API: InvalidApiPath - The specified API Path is invalid,⚠️ PERLU SEMAKAN (Ralat API),https://s.lazada.com.my/s.ZdYZha?c=d&t=p-i4z8O83-sS8yeAg,https://s.lazada.com.my/s.ZdYZha?c=d&t=p-i4z8O83-sS8yeAg
data_promo_list_05.xlsx,43,[Upgraded] Drypers DryPantz Baby Diapers M58/ L48/ XL42/ XXL36 (12 Packs) - Bubble Soft Fit Waist Baby Pants,14953834487,TIDAK,API_ERROR,Kod API: InvalidApiPath - The specified API Path is invalid,⚠️ PERLU SEMAKAN (Ralat API),https://s.lazada.com.my/s.ZdYZh0?c=d&t=p-iGK0lSp-s2GBpz5o,https://s.lazada.com.my/s.ZdYZh0?c=d&t=p-iGK0lSp-s2GBpz5o
data_promo_list_05.xlsx,44,"Diaper Bag Backpack, Baby Shower Gift, Changing Bag, Gray",14855742163,TIDAK,API_ERROR,Kod API: InvalidApiPath - The specified API Path is invalid,⚠️ PERLU SEMAKAN (Ralat API),https://s.lazada.com.my/s.ZdYZh1?c=d&t=p-iGDNBAZ-s2FS4Hr4,https://s.lazada.com.my/s.ZdYZh1?c=d&t=p-iGDNBAZ-s2FS4Hr4
data_promo_list_05.xlsx,45,Offspring Fashion Baby Diapers Pants L (288pcs) [8 Packs],4653733792,TIDAK,API_ERROR,Kod API: InvalidApiPath - The specified API Path is invalid,⚠️ PERLU SEMAKAN (Ralat API),https://s.lazada.com.my/s.ZdYZh2?c=d&t=p-i54wakS-sSWs2JF,https://s.lazada.com.my/s.ZdYZh2?c=d&t=p-i54wakS-sSWs2JF
data_promo_list_05.xlsx,46,[GWP] Snuggle Bear Plush,4110204892,TIDAK,API_ERROR,Kod API: InvalidApiPath - The specified API Path is invalid,⚠️ PERLU SEMAKAN (Ralat API),https://s.lazada.com.my/s.ZdYZhW?c=d&t=p-i4UA03I-sPPMDrc,https://s.lazada.com.my/s.ZdYZhW?c=d&t=p-i4UA03I-sPPMDrc
data_promo_list_05.xlsx,47,Portable Baby Thermos Bottle Milk Maker,14907282418,TIDAK,API_ERROR,Kod API: InvalidApiPath - The specified API Path is invalid,⚠️ PERLU SEMAKAN (Ralat API),https://s.lazada.com.my/s.ZdYZhV?c=c&t=p-iGGrR90-s2G37Tj5,https://s.lazada.com.my/s.ZdYZhV?c=c&t=p-iGGrR90-s2G37Tj5
data_promo_list_05.xlsx,48,"Bathtubs Adults Bathtub For Thickened with a cover, safe and non-tip-over, convenient for storage Bath Barrel Bathtubs Adults",14935368743,TIDAK,API_ERROR,Kod API: InvalidApiPath - The specified API Path is invalid,⚠️ PERLU SEMAKAN (Ralat API),https://s.lazada.com.my/s.ZdYZhf?c=c&t=p-iGIlHgF-s2G7Sz5q,https://s.lazada.com.my/s.ZdYZhf?c=c&t=p-iGIlHgF-s2G7Sz5q
data_promo_list_05.xlsx,49,Infant Summer Blanket Newborn 1pc,14938955365,TIDAK,API_ERROR,Kod API: InvalidApiPath - The specified API Path is invalid,⚠️ PERLU SEMAKAN (Ralat API),https://s.lazada.com.my/s.ZdYZhg?c=d&t=p-iGJ0Kiz-s2G808zr,https://s.lazada.com.my/s.ZdYZhg?c=d&t=p-iGJ0Kiz-s2G808zr
data_promo_list_05.xlsx,50,"Candide Multirelax Polycotton Multicolored Stars 3 in 1 Function pregnancy,Breastfeeding and Baby | Canadide Official",1506292740,TIDAK,API_ERROR,Kod API: InvalidApiPath - The specified API Path is invalid,⚠️ PERLU SEMAKAN (Ralat API),https://s.lazada.com.my/s.ZdYZh6?c=c&t=p-i1dwFYC-s5SX14R,https://s.lazada.com.my/s.ZdYZh6?c=c&t=p-i1dwFYC-s5SX14R
data_promo_list_05.xlsx,51,Wooden Multifunctional Baby Walker,4829248930,TIDAK,API_ERROR,Kod API: InvalidApiPath - The specified API Path is invalid,⚠️ PERLU SEMAKAN (Ralat API),https://s.lazada.com.my/s.ZdYZhh?c=c&t=p-i5Gp2Fm-sTueYDB,https://s.lazada.com.my/s.ZdYZhh?c=c&t=p-i5Gp2Fm-sTueYDB
data_promo_list_05.xlsx,52,Multi-functional Organizer Cart,14873765749,TIDAK,API_ERROR,Kod API: InvalidApiPath - The specified API Path is invalid,⚠️ PERLU SEMAKAN (Ralat API),https://s.lazada.com.my/s.ZdYZh7?c=d&t=p-iGEanvZ-s2Fgywgd,https://s.lazada.com.my/s.ZdYZh7?c=d&t=p-iGEanvZ-s2Fgywgd
data_promo_list_05.xlsx,53,Enfagrow A+ Step 4 - 6.96kg ORIGINAL / VANILLA Susu Milk Formula Powder,3756183981,TIDAK,API_ERROR,Kod API: InvalidApiPath - The specified API Path is invalid,⚠️ PERLU SEMAKAN (Ralat API),https://s.lazada.com.my/s.ZdYZhR?c=d&t=p-i46CZ2b-sNExKlh,https://s.lazada.com.my/s.ZdYZhR?c=d&t=p-i46CZ2b-sNExKlh
data_promo_list_05.xlsx,54,[Bundle of 4] Enfagrow A+ Step 3 (1Y+) Vanilla Milk Formula Powder (2.32kg x 4),4707587313,TIDAK,API_ERROR,Kod API: InvalidApiPath - The specified API Path is invalid,⚠️ PERLU SEMAKAN (Ralat API),https://s.lazada.com.my/s.ZdYZhQ?c=d&t=p-i58aYVd-sSnsWk2,https://s.lazada.com.my/s.ZdYZhQ?c=d&t=p-i58aYVd-sSnsWk2
data_promo_list_05.xlsx,55,[Whatsapp Redemption] Pediasure Chocolate 2.75kg x4 FREE RM40 TNG E-Wallet (Child Nutrition Supplement for Growth),4753943200,TIDAK,API_ERROR,Kod API: InvalidApiPath - The specified API Path is invalid,⚠️ PERLU SEMAKAN (Ralat API),https://s.lazada.com.my/s.ZdYZh9?c=c&t=p-i5Bj3nE-sTCrfuD,https://s.lazada.com.my/s.ZdYZh9?c=c&t=p-i5Bj3nE-sTCrfuD
data_promo_list_05.xlsx,56,Avent | Wide Mouth Shatterproof Anti-choke Anti-colic PPSU Baby Bottle,14911668725,TIDAK,API_ERROR,Kod API: InvalidApiPath - The specified API Path is invalid,⚠️ PERLU SEMAKAN (Ralat API),https://s.lazada.com.my/s.ZdYZhk?c=c&t=p-iGH9qDt-s2G2Ys9u,https://s.lazada.com.my/s.ZdYZhk?c=c&t=p-iGH9qDt-s2G2Ys9u
data_promo_list_05.xlsx,57,Aptamil Kid Step 3 1.8kg x 4 packs (1 Carton),4303633603,TIDAK,API_ERROR,Kod API: InvalidApiPath - The specified API Path is invalid,⚠️ PERLU SEMAKAN (Ralat API),https://s.lazada.com.my/s.ZdYZhl?c=d&t=p-i4hFbhD-sQUGvD5,https://s.lazada.com.my/s.ZdYZhl?c=d&t=p-i4hFbhD-sQUGvD5
data_promo_list_05.xlsx,58,LaiBei | Insulated Folding Medicine Bath Tub,14863202935,TIDAK,API_ERROR,Kod API: InvalidApiPath - The specified API Path is invalid,⚠️ PERLU SEMAKAN (Ralat API),https://s.lazada.com.my/s.ZdYZhm?c=c&t=p-iGDsU3b-s2FZ5SVO,https://s.lazada.com.my/s.ZdYZhm?c=c&t=p-iGDsU3b-s2FZ5SVO
data_promo_list_05.xlsx,59,OIDIRE | Portable UV Sterilization Baby Bottle Dryer,4837485309,TIDAK,API_ERROR,Kod API: InvalidApiPath - The specified API Path is invalid,⚠️ PERLU SEMAKAN (Ralat API),https://s.lazada.com.my/s.ZdYZhN?c=c&t=p-i5HNaub-s2FqqSYq,https://s.lazada.com.my/s.ZdYZhN?c=c&t=p-i5HNaub-s2FqqSYq
data_promo_list_05.xlsx,60,Bear | Baby Food Maker Blender Steamer,4817613714,TIDAK,API_ERROR,Kod API: InvalidApiPath - The specified API Path is invalid,⚠️ PERLU SEMAKAN (Ralat API),https://s.lazada.com.my/s.ZdYZhM?c=d&t=p-i5G2DP0-s2G8KvcG,https://s.lazada.com.my/s.ZdYZhM?c=d&t=p-i5G2DP0-s2G8KvcG
data_promo_list_05.xlsx,61,Enfagrow A+ Step 4 - 3.48kg  ORIGINAL / VANILLA Susu Milk Formula Powder,2874778699,TIDAK,API_ERROR,Kod API: InvalidApiPath - The specified API Path is invalid,⚠️ PERLU SEMAKAN (Ralat API),https://s.lazada.com.my/s.ZdYZho?c=c&t=p-i38YHGN-sOeFNSw,https://s.lazada.com.my/s.ZdYZho?c=c&t=p-i38YHGN-sOeFNSw
data_promo_list_05.xlsx,62,Baby Tableware Set Gifts Box,14951515463,TIDAK,API_ERROR,Kod API: InvalidApiPath - The specified API Path is invalid,⚠️ PERLU SEMAKAN (Ralat API),https://s.lazada.com.my/s.ZdYZhp?c=c&t=p-iGJr2BD-s2GCNUht,https://s.lazada.com.my/s.ZdYZhp?c=c&t=p-iGJr2BD-s2GCNUht
data_promo_list_05.xlsx,63,Enfagrow A+ Step 3 - 3.48kg  ORIGINAL / VANILLA Susu Milk Formula Powder,2874758723,TIDAK,API_ERROR,Kod API: InvalidApiPath - The specified API Path is invalid,⚠️ PERLU SEMAKAN (Ralat API),https://s.lazada.com.my/s.ZdYZhK?c=d&t=p-i38YC4B-sOcaa8L,https://s.lazada.com.my/s.ZdYZhK?c=d&t=p-i38YC4B-sOcaa8L
data_promo_list_05.xlsx,64,S-26® PROGRESS® Step 3 (1.65KG x 4),601946251,TIDAK,API_ERROR,Kod API: InvalidApiPath - The specified API Path is invalid,⚠️ PERLU SEMAKAN (Ralat API),https://s.lazada.com.my/s.ZdYZhq?c=d&t=p-iejhiV-s1L55Ui,https://s.lazada.com.my/s.ZdYZhq?c=d&t=p-iejhiV-s1L55Ui
data_promo_list_05.xlsx,65,Aptamil Kid S3 1.8kg x 2 FOC La Gourmet Mug (2x),14951297146,TIDAK,API_ERROR,Kod API: InvalidApiPath - The specified API Path is invalid,⚠️ PERLU SEMAKAN (Ralat API),https://s.lazada.com.my/s.ZdYZhJ?c=c&t=p-iGJq7Ny-s2GBSATg,https://s.lazada.com.my/s.ZdYZhJ?c=c&t=p-iGJq7Ny-s2GBSATg
data_promo_list_05.xlsx,66,OIDIRE | Electric Silent No-hands Free Auto-Painfree Milk Extractor,4849571178,TIDAK,API_ERROR,Kod API: InvalidApiPath - The specified API Path is invalid,⚠️ PERLU SEMAKAN (Ralat API),https://s.lazada.com.my/s.ZdYZhr?c=c&t=p-i5ICIzy-sU4jCzb,https://s.lazada.com.my/s.ZdYZhr?c=c&t=p-i5ICIzy-sU4jCzb
data_promo_list_05.xlsx,67,Extendable Guardrail Wooden Single Bed for Children,14933608212,TIDAK,API_ERROR,Kod API: InvalidApiPath - The specified API Path is invalid,⚠️ PERLU SEMAKAN (Ralat API),https://s.lazada.com.my/s.ZdYZhs?c=d&t=p-iGIdtga-s2G5u0p1,https://s.lazada.com.my/s.ZdYZhs?c=d&t=p-iGIdtga-s2G5u0p1
data_promo_list_05.xlsx,68,Pediasure Peptigro Plain 1.65kgX2 + 550g (Value Pack),3965616087,TIDAK,API_ERROR,Kod API: InvalidApiPath - The specified API Path is invalid,⚠️ PERLU SEMAKAN (Ralat API),https://s.lazada.com.my/s.ZdYZht?c=d&t=p-i4KNJtn-sOl17MA,https://s.lazada.com.my/s.ZdYZht?c=d&t=p-i4KNJtn-sOl17MA
data_promo_list_05.xlsx,69,[GWP] Simple Hand Towel,14921371687,TIDAK,API_ERROR,Kod API: InvalidApiPath - The specified API Path is invalid,⚠️ PERLU SEMAKAN (Ralat API),https://s.lazada.com.my/s.ZdYZhG?c=c&t=p-iGHoYPH-s2G2csai,https://s.lazada.com.my/s.ZdYZhG?c=c&t=p-iGHoYPH-s2G2csai
data_promo_list_05.xlsx,70,Pediasure Peptigro Vanilla 2.75kg x4 (Child Nutrition Supplement for Growth),1638030191,TIDAK,API_ERROR,Kod API: InvalidApiPath - The specified API Path is invalid,⚠️ PERLU SEMAKAN (Ralat API),https://s.lazada.com.my/s.ZdYZhv?c=c&t=p-i1mr0Tn-sSMOBt1,https://s.lazada.com.my/s.ZdYZhv?c=c&t=p-i1mr0Tn-sSMOBt1
data_promo_list_05.xlsx,71,S-26® PROMISE® Step 4 (1.65KG x 4),1520130783,TIDAK,API_ERROR,Kod API: InvalidApiPath - The specified API Path is invalid,⚠️ PERLU SEMAKAN (Ralat API),https://s.lazada.com.my/s.ZdYZhE?c=c&t=p-i1esJSR-s5XL5Nr,https://s.lazada.com.my/s.ZdYZhE?c=c&t=p-i1esJSR-s5XL5Nr
data_promo_list_05.xlsx,72,"Aptamil KID Step 3 Growing Up Formula 1 - 3 years 1.8kg x 4 (Susu, Milk Powder, 奶粉)",2544302520,TIDAK,API_ERROR,Kod API: InvalidApiPath - The specified API Path is invalid,⚠️ PERLU SEMAKAN (Ralat API),https://s.lazada.com.my/s.ZdYZhx?c=d&t=p-i2mBdJQ-sCJdg5D,https://s.lazada.com.my/s.ZdYZhx?c=d&t=p-i2mBdJQ-sCJdg5D
data_promo_list_05.xlsx,73,[Bundle of 8] Enfagrow A+ Step 4 (4Y+) Original Milk Formula Powder (1.74kg x 8),4819607600,TIDAK,API_ERROR,Kod API: InvalidApiPath - The specified API Path is invalid,⚠️ PERLU SEMAKAN (Ralat API),https://s.lazada.com.my/s.ZdYZhC?c=d&t=p-i5GAa6S-sTmrMuS,https://s.lazada.com.my/s.ZdYZhC?c=d&t=p-i5GAa6S-sTmrMuS
data_promo_list_05.xlsx,74,Antibacterial Enzyme Baby Laundry Detergent,14930476138,TIDAK,API_ERROR,Kod API: InvalidApiPath - The specified API Path is invalid,⚠️ PERLU SEMAKAN (Ralat API),https://s.lazada.com.my/s.ZdYZhB?c=c&t=p-iGIQktG-s2G5di5Y,https://s.lazada.com.my/s.ZdYZhB?c=c&t=p-iGIQktG-s2G5di5Y
data_promo_list_05.xlsx,75,xy | Waterproof Oil Resistant Stain Resistant Wash-free Wipeable Children's Play Carpet,4856515527,TIDAK,API_ERROR,Kod API: InvalidApiPath - The specified API Path is invalid,⚠️ PERLU SEMAKAN (Ralat API),https://s.lazada.com.my/s.ZdYZhz?c=d&t=p-i5IfRXb-sUAakxx,https://s.lazada.com.my/s.ZdYZhz?c=d&t=p-i5IfRXb-sUAakxx
data_promo_list_05.xlsx,76,[Upgraded] Drypers DryPantz Baby Diapers M58/ L48/ XL42/ XXL36 (12 Packs) - Bubble Soft Fit Waist Baby Pants,14921658595,TIDAK,API_ERROR,Kod API: InvalidApiPath - The specified API Path is invalid,⚠️ PERLU SEMAKAN (Ralat API),https://s.lazada.com.my/s.ZdYZSa?c=c&t=p-iGHpl2p-s2G2SYVn,https://s.lazada.com.my/s.ZdYZSa?c=c&t=p-iGHpl2p-s2G2SYVn
data_promo_list_05.xlsx,77,MISU | Cartoon Embroidered Cotton Summer Blanket,14918203253,TIDAK,API_ERROR,Kod API: InvalidApiPath - The specified API Path is invalid,⚠️ PERLU SEMAKAN (Ralat API),https://s.lazada.com.my/s.ZdYZSZ?c=c&t=p-iGHbG9V-s2G1aQGy,https://s.lazada.com.my/s.ZdYZSZ?c=c&t=p-iGHbG9V-s2G1aQGy
data_promo_list_05.xlsx,78,[Old Packaging] Morinaga Chil-kid Step 3 (1 to 7 years) (No Sucrose) 6 tins X 900g [Free Morinaga Cooking Pot],14938707005,TIDAK,API_ERROR,Kod API: InvalidApiPath - The specified API Path is invalid,⚠️ PERLU SEMAKAN (Ralat API),https://s.lazada.com.my/s.ZdYZS0?c=c&t=p-iGIzI7B-s2G7tTP4,https://s.lazada.com.my/s.ZdYZS0?c=c&t=p-iGIzI7B-s2G7tTP4
data_promo_list_05.xlsx,79,Morinaga Chil-kid Step 3 (No Sucrose) 6 boxes x 700g [Free Memory Bottle Game],14952346107,TIDAK,API_ERROR,Kod API: InvalidApiPath - The specified API Path is invalid,⚠️ PERLU SEMAKAN (Ralat API),https://s.lazada.com.my/s.ZdYZSY?c=c&t=p-iGJuWGh-s2GCNen7,https://s.lazada.com.my/s.ZdYZSY?c=c&t=p-iGJuWGh-s2GCNen7
data_promo_list_05.xlsx,80,"Aptamil KID Step 3 Growing Up Formula 1 - 3 years 3KG X 2 (Susu, Milk Powder, 奶粉)",4382566052,TIDAK,API_ERROR,Kod API: InvalidApiPath - The specified API Path is invalid,⚠️ PERLU SEMAKAN (Ralat API),https://s.lazada.com.my/s.ZdYZS1?c=d&t=p-i4mandE-sQqQDXX,https://s.lazada.com.my/s.ZdYZS1?c=d&t=p-i4mandE-sQqQDXX
data_promo_list_05.xlsx,81,Beige Baby Stroller Compact Stroller baby 2 way Travel Cabin Compact Foldable Light Weight Newborn Trolley Plate trolley,4765461303,TIDAK,API_ERROR,Kod API: InvalidApiPath - The specified API Path is invalid,⚠️ PERLU SEMAKAN (Ralat API),https://s.lazada.com.my/s.ZdYZSX?c=c&t=p-i5CVOB5-sTJQyYP,https://s.lazada.com.my/s.ZdYZSX?c=c&t=p-i5CVOB5-sTJQyYP
data_promo_list_05.xlsx,82,ANMUM Essential Gold Step 3 Children Formula Milk Powder (1 - 3 Years Old) 1.65kg x 4,4048845349,TIDAK,API_ERROR,Kod API: InvalidApiPath - The specified API Path is invalid,⚠️ PERLU SEMAKAN (Ralat API),https://s.lazada.com.my/s.ZdYZSd?c=c&t=p-i4Q0XdF-sP1Sc4C,https://s.lazada.com.my/s.ZdYZSd?c=c&t=p-i4Q0XdF-sP1Sc4C
data_promo_list_05.xlsx,83,Chicco Bi-Seat Air I-size With Base Isofix 360 Rotation Newborn Car Seat,3771524680,TIDAK,API_ERROR,Kod API: InvalidApiPath - The specified API Path is invalid,⚠️ PERLU SEMAKAN (Ralat API),https://s.lazada.com.my/s.ZdYZS3?c=d&t=p-i47EvrE-sNQKgea,https://s.lazada.com.my/s.ZdYZS3?c=d&t=p-i47EvrE-sNQKgea
data_promo_list_05.xlsx,84,[READY STOCK-hot sale]Csection Postpartum Abdominal Belly Binder Recovery Belt Pure Cotton Slimming Bengkung Bersalin,14893605177,TIDAK,API_ERROR,Kod API: InvalidApiPath - The specified API Path is invalid,⚠️ PERLU SEMAKAN (Ralat API),https://s.lazada.com.my/s.ZdYZSe?c=c&t=p-iGFw34L-s2Fvhy84,https://s.lazada.com.my/s.ZdYZSe?c=c&t=p-iGFw34L-s2Fvhy84
data_promo_list_05.xlsx,85,Customizable Imported Pine Wooden Child Bed No Paint,14872731587,TIDAK,API_ERROR,Kod API: InvalidApiPath - The specified API Path is invalid,⚠️ PERLU SEMAKAN (Ralat API),https://s.lazada.com.my/s.ZdYZSV?c=d&t=p-iGEWStX-s2Fg61ux,https://s.lazada.com.my/s.ZdYZSV?c=d&t=p-iGEWStX-s2Fg61ux
data_promo_list_05.xlsx,86,Ascenda Catch-Up Growth Formula Milk 1.8kg X 4 (1 Carton),4583823121,TIDAK,API_ERROR,Kod API: InvalidApiPath - The specified API Path is invalid,⚠️ PERLU SEMAKAN (Ralat API),https://s.lazada.com.my/s.ZdYZS4?c=d&t=p-i50DFmz-sSEENPA,https://s.lazada.com.my/s.ZdYZS4?c=d&t=p-i50DFmz-sSEENPA
data_promo_list_05.xlsx,87,Ou Yun | Silk Breathable Summer Pillow,14931130491,TIDAK,API_ERROR,Kod API: InvalidApiPath - The specified API Path is invalid,⚠️ PERLU SEMAKAN (Ralat API),https://s.lazada.com.my/s.ZdYZSU?c=c&t=p-iGITV7L-s2G5zIpO,https://s.lazada.com.my/s.ZdYZSU?c=c&t=p-iGITV7L-s2G5zIpO
data_promo_list_05.xlsx,88,Suntory Sesamin EX | Sesame Oryza Plus Vitamin E Supplement SUNTORY Direct from Japan,14933091546,TIDAK,API_ERROR,Kod API: InvalidApiPath - The specified API Path is invalid,⚠️ PERLU SEMAKAN (Ralat API),https://s.lazada.com.my/s.ZdYZS5?c=c&t=p-iGIbjHG-s2G6nRZu,https://s.lazada.com.my/s.ZdYZS5?c=c&t=p-iGIbjHG-s2G6nRZu
data_promo_list_05.xlsx,89,SHANPUR | Cute Portable Three Drinking Modes Straw Cup,14926663236,TIDAK,API_ERROR,Kod API: InvalidApiPath - The specified API Path is invalid,⚠️ PERLU SEMAKAN (Ralat API),https://s.lazada.com.my/s.ZdYZST?c=d&t=p-iGIAkyq-s2G3wb5s,https://s.lazada.com.my/s.ZdYZST?c=d&t=p-iGIAkyq-s2G3wb5s
data_promo_list_05.xlsx,90,Baby Sterilizer Dryer Warmer 3-in-1,14905772226,TIDAK,API_ERROR,Kod API: InvalidApiPath - The specified API Path is invalid,⚠️ PERLU SEMAKAN (Ralat API),https://s.lazada.com.my/s.ZdYZS6?c=d&t=p-iGGl6H4-s2FyMPXq,https://s.lazada.com.my/s.ZdYZS6?c=d&t=p-iGGl6H4-s2FyMPXq
data_promo_list_05.xlsx,91,OneQbaby | Baby Food Processor Multi-Function Cooking Machine,4728241484,TIDAK,API_ERROR,Kod API: InvalidApiPath - The specified API Path is invalid,⚠️ PERLU SEMAKAN (Ralat API),https://s.lazada.com.my/s.ZdYZS7?c=c&t=p-i59zDbQ-sSzHg3A,https://s.lazada.com.my/s.ZdYZS7?c=c&t=p-i59zDbQ-sSzHg3A
data_promo_list_05.xlsx,92,Disposable Facial Towel For Babies,14964012023,TIDAK,API_ERROR,Kod API: InvalidApiPath - The specified API Path is invalid,⚠️ PERLU SEMAKAN (Ralat API),https://s.lazada.com.my/s.ZdYZSR?c=c&t=p-iGKhT6d-s2GFXSWf,https://s.lazada.com.my/s.ZdYZSR?c=c&t=p-iGKhT6d-s2GFXSWf
data_promo_list_05.xlsx,93,Pediasure Peptigro Plain 1.65kg x 6 packs (1 carton),4611591145,TIDAK,API_ERROR,Kod API: InvalidApiPath - The specified API Path is invalid,⚠️ PERLU SEMAKAN (Ralat API),https://s.lazada.com.my/s.ZdYZSj?c=d&t=p-i525lWL-sSMKskd,https://s.lazada.com.my/s.ZdYZSj?c=d&t=p-i525lWL-sSMKskd
data_promo_list_05.xlsx,94,YIHECHUYAO | Multifunctional Children's Tricycle,4810644083,TIDAK,API_ERROR,Kod API: InvalidApiPath - The specified API Path is invalid,⚠️ PERLU SEMAKAN (Ralat API),https://s.lazada.com.my/s.ZdYZSQ?c=c&t=p-i5FYyHb-sTfNLPv,https://s.lazada.com.my/s.ZdYZSQ?c=c&t=p-i5FYyHb-sTfNLPv
data_promo_list_05.xlsx,95,"Aptamil KID Step 3 Growing Up Formula 1 - 3 years 3KG X 3 (Susu, Milk Powder, 奶粉)",4622489027,TIDAK,API_ERROR,Kod API: InvalidApiPath - The specified API Path is invalid,⚠️ PERLU SEMAKAN (Ralat API),https://s.lazada.com.my/s.ZdYZSk?c=d&t=p-i52pUYd-sSOl8dp,https://s.lazada.com.my/s.ZdYZSk?c=d&t=p-i52pUYd-sSOl8dp
data_promo_list_05.xlsx,96,naturaorganic | Natural Organic Baby Wipes Original Embossed Smart Cap Type 100 Sheets 20 Packs,4795173119,TIDAK,API_ERROR,Kod API: InvalidApiPath - The specified API Path is invalid,⚠️ PERLU SEMAKAN (Ralat API),https://s.lazada.com.my/s.ZdYZSP?c=c&t=p-i5EW3Zv-sTWtR21,https://s.lazada.com.my/s.ZdYZSP?c=c&t=p-i5EW3Zv-sTWtR21
data_promo_list_05.xlsx,97,"Dumex Dugro Sure Original/Asli Tailored Nutrition Milk Formula 1 - 9 years 1.2kg X 6 (Susu, Milk Powder, 奶粉)",4070720812,TIDAK,API_ERROR,Kod API: InvalidApiPath - The specified API Path is invalid,⚠️ PERLU SEMAKAN (Ralat API),https://s.lazada.com.my/s.ZdYZSm?c=d&t=p-i4RUKRI-sPAZmn5,https://s.lazada.com.my/s.ZdYZSm?c=d&t=p-i4RUKRI-sPAZmn5
data_promo_list_05.xlsx,98,Offspring FeatherAir Comfort Baby Diapers Tape NB528/S448/M384 [8 Packs],4661984690,TIDAK,API_ERROR,Kod API: InvalidApiPath - The specified API Path is invalid,⚠️ PERLU SEMAKAN (Ralat API),https://s.lazada.com.my/s.ZdYZSM?c=c&t=p-i55VDBS-sSZQ6M8,https://s.lazada.com.my/s.ZdYZSM?c=c&t=p-i55VDBS-sSZQ6M8
data_promo_list_05.xlsx,99,"Crolla Ultra Max / Max Car Seat Kid (HighBack Booster Seat) with Harness Car Seat (9- 36kg)- Black, Crolla Car Seat, Isofix, Crolla Max",1482064574,TIDAK,API_ERROR,Kod API: InvalidApiPath - The specified API Path is invalid,⚠️ PERLU SEMAKAN (Ralat API),https://s.lazada.com.my/s.ZdYZSo?c=d&t=p-i1cIahK-sOQjrWH,https://s.lazada.com.my/s.ZdYZSo?c=d&t=p-i1cIahK-sOQjrWH
data_promo_list_05.xlsx,100,Joyoung | Baby Food Pot for Rice Oil and Nutritious Soup Stew,14842179524,TIDAK,API_ERROR,Kod API: InvalidApiPath - The specified API Path is invalid,⚠️ PERLU SEMAKAN (Ralat API),https://s.lazada.com.my/s.ZdYZSL?c=c&t=p-iGCSGuK-s2FBXSyW,https://s.lazada.com.my/s.ZdYZSL?c=c&t=p-iGCSGuK-s2FBXSyW
data_promo_list_05.xlsx,101,[China Plug Adapter Needed] Bear | Steam Sterilizer with Drying Function Baby Use,4723619759,TIDAK,API_ERROR,Kod API: InvalidApiPath - The specified API Path is invalid,⚠️ PERLU SEMAKAN (Ralat API),https://s.lazada.com.my/s.ZdYZSq?c=d&t=p-i59fpHT-s2G0Yn5f,https://s.lazada.com.my/s.ZdYZSq?c=d&t=p-i59fpHT-s2G0Yn5f
data_promo_list_05.xlsx,102,Multifunctional Portable Foldable Baby Crib,14957203527,TIDAK,API_ERROR,Kod API: InvalidApiPath - The specified API Path is invalid,⚠️ PERLU SEMAKAN (Ralat API),https://s.lazada.com.my/s.ZdYZSJ?c=d&t=p-iGKEtuB-s2GE4NWV,https://s.lazada.com.my/s.ZdYZSJ?c=d&t=p-iGKEtuB-s2GE4NWV
data_promo_list_05.xlsx,103,Insulated Baby Cup Thermal,14932860083,TIDAK,API_ERROR,Kod API: InvalidApiPath - The specified API Path is invalid,⚠️ PERLU SEMAKAN (Ralat API),https://s.lazada.com.my/s.ZdYZSr?c=d&t=p-iGIal3z-s2G5fYKy,https://s.lazada.com.my/s.ZdYZSr?c=d&t=p-iGIal3z-s2G5fYKy
data_promo_list_05.xlsx,104,[Whatsapp Redemption] Pediasure Vanilla 2.75kg x4 FREE RM40 TNG E-Wallet (Child Nutrition Supplement for Growth),4753981073,TIDAK,API_ERROR,Kod API: InvalidApiPath - The specified API Path is invalid,⚠️ PERLU SEMAKAN (Ralat API),https://s.lazada.com.my/s.ZdYZSt?c=c&t=p-i5BjDe5-sTCs9xh,https://s.lazada.com.my/s.ZdYZSt?c=c&t=p-i5BjDe5-sTCs9xh
data_promo_list_05.xlsx,105,Enfagrow A+ Step 3 Gentlease - 1.65kg x 4 Susu Milk Formula - For Sensitive Tummies,4615751017,TIDAK,API_ERROR,Kod API: InvalidApiPath - The specified API Path is invalid,⚠️ PERLU SEMAKAN (Ralat API),https://s.lazada.com.my/s.ZdYZSG?c=c&t=p-i52NDh3-sSNVEFZ,https://s.lazada.com.my/s.ZdYZSG?c=c&t=p-i52NDh3-sSNVEFZ
data_promo_list_05.xlsx,106,Hape | Light Sound Silent Tumble Resistant Twist Car,14947636974,TIDAK,API_ERROR,Kod API: InvalidApiPath - The specified API Path is invalid,⚠️ PERLU SEMAKAN (Ralat API),https://s.lazada.com.my/s.ZdYZSu?c=d&t=p-iGJalCw-s2GAQM7v,https://s.lazada.com.my/s.ZdYZSu?c=d&t=p-iGJalCw-s2GAQM7v
data_promo_list_05.xlsx,107,Multifunctional Wooden Low Stool Chair,14915069273,TIDAK,API_ERROR,Kod API: InvalidApiPath - The specified API Path is invalid,⚠️ PERLU SEMAKAN (Ralat API),https://s.lazada.com.my/s.ZdYZSv?c=d&t=p-iGHO6rR-s2G1QKZY,https://s.lazada.com.my/s.ZdYZSv?c=d&t=p-iGHO6rR-s2G1QKZY
data_promo_list_05.xlsx,108,Enfagrow A+ MindPro 2FL Step 3 Vanilla - 3.48kg,2948067634,TIDAK,API_ERROR,Kod API: InvalidApiPath - The specified API Path is invalid,⚠️ PERLU SEMAKAN (Ralat API),https://s.lazada.com.my/s.ZdYZSw?c=d&t=p-i3DVn3y-sFisXNC,https://s.lazada.com.my/s.ZdYZSw?c=d&t=p-i3DVn3y-sFisXNC
data_promo_list_05.xlsx,109,Huggies | Huggies Goodnites Children's Overnight Pants Diapers S/M/L 20 Count X 4 Packs,14892373503,TIDAK,API_ERROR,Kod API: InvalidApiPath - The specified API Path is invalid,⚠️ PERLU SEMAKAN (Ralat API),https://s.lazada.com.my/s.ZdYZSD?c=d&t=p-iGFqsed-s2FvFbiy,https://s.lazada.com.my/s.ZdYZSD?c=d&t=p-iGFqsed-s2FvFbiy
data_promo_list_05.xlsx,110,Balance Training Penguin Wobble Car,14938959087,TIDAK,API_ERROR,Kod API: InvalidApiPath - The specified API Path is invalid,⚠️ PERLU SEMAKAN (Ralat API),https://s.lazada.com.my/s.ZdYZSx?c=c&t=p-iGJ0Lh1-s2G7z5Jn,https://s.lazada.com.my/s.ZdYZSx?c=c&t=p-iGJ0Lh1-s2G7z5Jn
data_promo_list_05.xlsx,111,"[Lazada Exclusive] Dumex Dugro Sure Plus Tailored Nutrition Milk Formula 1 - 9 years 1.2kg x 18 (Susu, Milk Powder, 奶粉)",4850090107,TIDAK,API_ERROR,Kod API: InvalidApiPath - The specified API Path is invalid,⚠️ PERLU SEMAKAN (Ralat API),https://s.lazada.com.my/s.ZdYZSC?c=c&t=p-i5IETzn-sU53DOx,https://s.lazada.com.my/s.ZdYZSC?c=c&t=p-i5IETzn-sU53DOx
data_promo_list_03.xlsx,2,Daikin Humidifying Streamer Air Purifier with wireless remote controller MCK55UVMM (41m²) Streamer + Humidification + Active Plasma ions,708546,TIDAK,API_ERROR,Kod API: InvalidApiPath - The specified API Path is invalid,⚠️ PERLU SEMAKAN (Ralat API),https://s.lazada.com.my/s.ZdbZpY?c=d&t=p-i2yKA-s3NS9,https://s.lazada.com.my/s.ZdbZpY?c=d&t=p-i2yKA-s3NS9
data_promo_list_03.xlsx,3,SYSTANE BATH TOWEL - GWP,14860746198,TIDAK,API_ERROR,Kod API: InvalidApiPath - The specified API Path is invalid,⚠️ PERLU SEMAKAN (Ralat API),https://s.lazada.com.my/s.ZdbZpc?c=c&t=p-iGDiAwo-s2FXRhrP,https://s.lazada.com.my/s.ZdbZpc?c=c&t=p-iGDiAwo-s2FXRhrP
data_promo_list_03.xlsx,4,Commercial Electric Automatic Noodle and Dough Processing Machine,14942580697,TIDAK,API_ERROR,Kod API: InvalidApiPath - The specified API Path is invalid,⚠️ PERLU SEMAKAN (Ralat API),https://s.lazada.com.my/s.ZdbZpX?c=c&t=p-iGJFXq5-s2G9n2lS,https://s.lazada.com.my/s.ZdbZpX?c=c&t=p-iGJFXq5-s2G9n2lS
data_promo_list_03.xlsx,5,CAMEL | Evaporative Cooling Air Cooler,14936306832,TIDAK,API_ERROR,Kod API: InvalidApiPath - The specified API Path is invalid,⚠️ PERLU SEMAKAN (Ralat API),https://s.lazada.com.my/s.ZdbZp2?c=c&t=p-iGIpDii-s2G6t0rF,https://s.lazada.com.my/s.ZdbZp2?c=c&t=p-iGIpDii-s2G6t0rF
data_promo_list_03.xlsx,6,【NEW】 Roborock F25 Ace Pro | Wet & Dry Vacuum | 25000Pa | 0% Hair Tangle | 1L Tank,4785307531,TIDAK,API_ERROR,Kod API: InvalidApiPath - The specified API Path is invalid,⚠️ PERLU SEMAKAN (Ralat API),https://s.lazada.com.my/s.ZdbZpd?c=c&t=p-i5Dqf5X-sTSZ3sg,https://s.lazada.com.my/s.ZdbZpd?c=c&t=p-i5Dqf5X-sTSZ3sg
data_promo_list_03.xlsx,7,3M | Instant Heating RO Water Dispenser Purifier,14868817532,TIDAK,API_ERROR,Kod API: InvalidApiPath - The specified API Path is invalid,⚠️ PERLU SEMAKAN (Ralat API),https://s.lazada.com.my/s.ZdbZpW?c=d&t=p-iGEG2fc-s2Fcz54g,https://s.lazada.com.my/s.ZdbZpW?c=d&t=p-iGEG2fc-s2Fcz54g
data_promo_list_03.xlsx,8,[NEW] Bosch Series 4 Built-In Oven with Steam Assist | 76 L | 60 × 60 cm | Black - HUA736EA0K,14860562825,TIDAK,API_ERROR,Kod API: InvalidApiPath - The specified API Path is invalid,⚠️ PERLU SEMAKAN (Ralat API),https://s.lazada.com.my/s.ZdbZpV?c=d&t=p-iGDhPFB-s2FXTxym,https://s.lazada.com.my/s.ZdbZpV?c=d&t=p-iGDhPFB-s2FXTxym
data_promo_list_03.xlsx,9,Breville the Barista Pro™ BES878 Stainless Steel Silver Sea Salt Smoked Hickory Red Velvet Cake,2938939290,TIDAK,API_ERROR,Kod API: InvalidApiPath - The specified API Path is invalid,⚠️ PERLU SEMAKAN (Ralat API),https://s.lazada.com.my/s.ZdbZpf?c=c&t=p-i3CtUMc-s2G6NMQJ,https://s.lazada.com.my/s.ZdbZpf?c=c&t=p-i3CtUMc-s2G6NMQJ
data_promo_list_03.xlsx,10,Roborock Qrevo Curv 2 Flow | Robot Vacuum | 2.5x Mopping Pressure | 20000Pa | Anti-Tangle System,4777759339,TIDAK,API_ERROR,Kod API: InvalidApiPath - The specified API Path is invalid,⚠️ PERLU SEMAKAN (Ralat API),https://s.lazada.com.my/s.ZdbZpU?c=d&t=p-i5DKzSV-sTPDFTj,https://s.lazada.com.my/s.ZdbZpU?c=d&t=p-i5DKzSV-sTPDFTj
data_promo_list_03.xlsx,11,Dyson Airwrap™ Coanda2x Multi-Styler Complete Long (Jasper Plum) | No heat damage | Travel Friendly | Damage Free Styling | Penggaya Rambut Serbaguna,4758023020,TIDAK,API_ERROR,Kod API: InvalidApiPath - The specified API Path is invalid,⚠️ PERLU SEMAKAN (Ralat API),https://s.lazada.com.my/s.ZdbZp5?c=c&t=p-i5C0B8m-sTENTwL,https://s.lazada.com.my/s.ZdbZp5?c=c&t=p-i5C0B8m-sTENTwL
data_promo_list_03.xlsx,12,(ready stock!) THE BAKER 7 ARTISAN STAND MIXER 7LITER heavy duty mixer,2012006895,TIDAK,API_ERROR,Kod API: InvalidApiPath - The specified API Path is invalid,⚠️ PERLU SEMAKAN (Ralat API),https://s.lazada.com.my/s.ZdbZpg?c=c&t=p-i2CAAu7-sITptn0,https://s.lazada.com.my/s.ZdbZpg?c=c&t=p-i2CAAu7-sITptn0
data_promo_list_03.xlsx,13,Rinnai RH-TL65C-SSVR Hood,4289385172,TIDAK,API_ERROR,Kod API: InvalidApiPath - The specified API Path is invalid,⚠️ PERLU SEMAKAN (Ralat API),https://s.lazada.com.my/s.ZdbZpT?c=c&t=p-i4gHp1o-sQRKJUY,https://s.lazada.com.my/s.ZdbZpT?c=c&t=p-i4gHp1o-sQRKJUY
data_promo_list_03.xlsx,14,Shark EvoPower System NEO+ Cordless Vacuum with AUTO EMPTY DOCK 1.7KG - LC351,4608971145,TIDAK,API_ERROR,Kod API: InvalidApiPath - The specified API Path is invalid,⚠️ PERLU SEMAKAN (Ralat API),https://s.lazada.com.my/s.ZdbZp6?c=c&t=p-i51ulwH-sSLecCp,https://s.lazada.com.my/s.ZdbZp6?c=c&t=p-i51ulwH-sSLecCp
data_promo_list_03.xlsx,15,Samsung Air Purifier AX46BG5000GS 60㎡ 3 Way Air Flow and Multi-Steps Purification System Samsung Smart Air Purifier,514002,TIDAK,API_ERROR,Kod API: InvalidApiPath - The specified API Path is invalid,⚠️ PERLU SEMAKAN (Ralat API),https://s.lazada.com.my/s.ZdbZph?c=c&t=p-i29iM-s2QR9,https://s.lazada.com.my/s.ZdbZph?c=c&t=p-i29iM-s2QR9
data_promo_list_03.xlsx,16,Philips | New Home Use Steam Boost Handheld Steamer,14843774768,TIDAK,API_ERROR,Kod API: InvalidApiPath - The specified API Path is invalid,⚠️ PERLU SEMAKAN (Ralat API),https://s.lazada.com.my/s.ZdbZpS?c=d&t=p-iGCYxu4-s2Fz49GS,https://s.lazada.com.my/s.ZdbZpS?c=d&t=p-iGCYxu4-s2Fz49GS
data_promo_list_03.xlsx,17,Powerful Variable Speed Ventilator Exhaust Fan,14950059072,TIDAK,API_ERROR,Kod API: InvalidApiPath - The specified API Path is invalid,⚠️ PERLU SEMAKAN (Ralat API),https://s.lazada.com.my/s.ZdbZp7?c=c&t=p-iGJkvJ2-s2GC1IDv,https://s.lazada.com.my/s.ZdbZp7?c=c&t=p-iGJkvJ2-s2GC1IDv
data_promo_list_03.xlsx,18,Water Filtration Softening Treatment Tank,14947519104,TIDAK,API_ERROR,Kod API: InvalidApiPath - The specified API Path is invalid,⚠️ PERLU SEMAKAN (Ralat API),https://s.lazada.com.my/s.ZdbZpR?c=d&t=p-iGJaGXo-s2GAdqsP,https://s.lazada.com.my/s.ZdbZpR?c=d&t=p-iGJaGXo-s2GAdqsP
data_promo_list_03.xlsx,19,[China Plug Adapter Needed] ECOVACS | Domestic Cleaning And Mopping Robot 0 Hair Tangle Hot Water Wash Pro,14877575959,TIDAK,API_ERROR,Kod API: InvalidApiPath - The specified API Path is invalid,⚠️ PERLU SEMAKAN (Ralat API),https://s.lazada.com.my/s.ZdbZpj?c=d&t=p-iGEqn8Z-s2G0YKAm,https://s.lazada.com.my/s.ZdbZpj?c=d&t=p-iGEqn8Z-s2G0YKAm
data_promo_list_03.xlsx,20,Joyoung | Automatic Compact Multifunctional Smart Pasta Maker,14938247834,TIDAK,API_ERROR,Kod API: InvalidApiPath - The specified API Path is invalid,⚠️ PERLU SEMAKAN (Ralat API),https://s.lazada.com.my/s.ZdbZpQ?c=d&t=p-iGIxMfC-s2G8YAuk,https://s.lazada.com.my/s.ZdbZpQ?c=d&t=p-iGIxMfC-s2G8YAuk
data_promo_list_03.xlsx,21,"Imax 2 Door Display Chiller With NON-HEATER Glass | Meat, Fruit, Beverage, Vegetable, Flower (1 Year Manufacturer Warranty) 910L Showcase Chiller Fridge Refrigerator",3217980935,TIDAK,API_ERROR,Kod API: InvalidApiPath - The specified API Path is invalid,⚠️ PERLU SEMAKAN (Ralat API),https://s.lazada.com.my/s.ZdbZp9?c=c&t=p-i3VmJqJ-sHyRgj3,https://s.lazada.com.my/s.ZdbZp9?c=c&t=p-i3VmJqJ-sHyRgj3
data_promo_list_03.xlsx,22,FOTILE EPS-i Series Gas Hob GEG88306,14934156218,TIDAK,API_ERROR,Kod API: InvalidApiPath - The specified API Path is invalid,⚠️ PERLU SEMAKAN (Ralat API),https://s.lazada.com.my/s.ZdbZpk?c=d&t=p-iGIgCFO-s2G6xq9m,https://s.lazada.com.my/s.ZdbZpk?c=d&t=p-iGIgCFO-s2G6xq9m
data_promo_list_03.xlsx,23,"Philips PSG9050 Steam Generator Iron Smart, Powerful, Compact ActiveSense Tech - World's 1st AI Fabric Recognition  ActiveSense Tech - No Burns Built-In Camera & AI | Auto Steam & Temp Adjust | Powerful Crease Removal Large 1.8L Detachable Tank PSG9050/26",4007837042,TIDAK,API_ERROR,Kod API: InvalidApiPath - The specified API Path is invalid,⚠️ PERLU SEMAKAN (Ralat API),https://s.lazada.com.my/s.ZdbZpP?c=c&t=p-i4NETUw-sOubkXJ,https://s.lazada.com.my/s.ZdbZpP?c=c&t=p-i4NETUw-sOubkXJ
data_promo_list_03.xlsx,24,Noiseless Dehumidifier 10L,14957238181,TIDAK,API_ERROR,Kod API: InvalidApiPath - The specified API Path is invalid,⚠️ PERLU SEMAKAN (Ralat API),https://s.lazada.com.my/s.ZdbZpl?c=d&t=p-iGKF2v7-s2GCtyVx,https://s.lazada.com.my/s.ZdbZpl?c=d&t=p-iGKF2v7-s2GCtyVx
data_promo_list_03.xlsx,25,ELBA  470L Multi door | Dual inverter | ELBA refrigerator | Energy saving | Quiet | Fast cooling | Stylish EMR-R4738IN(GR),4564527370,TIDAK,API_ERROR,Kod API: InvalidApiPath - The specified API Path is invalid,⚠️ PERLU SEMAKAN (Ralat API),https://s.lazada.com.my/s.ZdbZpN?c=d&t=p-i4yuI5C-sS81IUM,https://s.lazada.com.my/s.ZdbZpN?c=d&t=p-i4yuI5C-sS81IUM
data_promo_list_03.xlsx,26,"Dreame Dishwasher Z2000 | 72°C Dual Spray Hot Wash, PTC Hot Air Drying, 99.9% UV Sterilization, 5 Smart Cleaning Modes",3599735329,TIDAK,API_ERROR,Kod API: InvalidApiPath - The specified API Path is invalid,⚠️ PERLU SEMAKAN (Ralat API),https://s.lazada.com.my/s.ZdbZpM?c=c&t=p-i3vc7bF-sSwK3jr,https://s.lazada.com.my/s.ZdbZpM?c=c&t=p-i3vc7bF-sSwK3jr
data_promo_list_03.xlsx,27,IPRO Heavy Duty Evaporative Air Cooler 200L with Ice Chamber & Wireless Remote Control | Commercial Air Cooling System - AIRFROST 200D,4688869506,TIDAK,API_ERROR,Kod API: InvalidApiPath - The specified API Path is invalid,⚠️ PERLU SEMAKAN (Ralat API),https://s.lazada.com.my/s.ZdbZpo?c=d&t=p-i57K19W-sShBHHc,https://s.lazada.com.my/s.ZdbZpo?c=d&t=p-i57K19W-sShBHHc
data_promo_list_03.xlsx,28,☆Toshiba 9.5KG  10.5KG Inverter Front Load Washing Machine with Steam Function Washer - Model TW-T21BU105UWM(MG)  TW-T21BU115UWM(MG)☬,4754026593,TIDAK,API_ERROR,Kod API: InvalidApiPath - The specified API Path is invalid,⚠️ PERLU SEMAKAN (Ralat API),https://s.lazada.com.my/s.ZdbZpL?c=d&t=p-i5BjPUH-sTCv49V,https://s.lazada.com.my/s.ZdbZpL?c=d&t=p-i5BjPUH-sTCv49V
data_promo_list_03.xlsx,29,"MOVA E40 Ultra Robot Vacuum | 19,000Pa | Hot-Air Self Cleaning | Extendable Mop | Anti-Tangle Side Brush | Smart Carpet Mode",4713438910,TIDAK,API_ERROR,Kod API: InvalidApiPath - The specified API Path is invalid,⚠️ PERLU SEMAKAN (Ralat API),https://s.lazada.com.my/s.ZdbZpJ?c=c&t=p-i58z6mE-sSqj4Us,https://s.lazada.com.my/s.ZdbZpJ?c=c&t=p-i58z6mE-sSqj4Us
data_promo_list_03.xlsx,30,Commercial 5000W Stir Frying Electric Stove 380V Three Phase,14914468006,TIDAK,API_ERROR,Kod API: InvalidApiPath - The specified API Path is invalid,⚠️ PERLU SEMAKAN (Ralat API),https://s.lazada.com.my/s.ZdbZpr?c=c&t=p-iGHLaRa-s2G1Ako1,https://s.lazada.com.my/s.ZdbZpr?c=c&t=p-iGHLaRa-s2G1Ako1
data_promo_list_03.xlsx,31,Wall-mounted Dual Tub Automatic Wash and Dry Small Washing Machine,14938668543,TIDAK,API_ERROR,Kod API: InvalidApiPath - The specified API Path is invalid,⚠️ PERLU SEMAKAN (Ralat API),https://s.lazada.com.my/s.ZdbZpI?c=d&t=p-iGIz86p-s2G8KIqs,https://s.lazada.com.my/s.ZdbZpI?c=d&t=p-iGIz86p-s2G8KIqs
data_promo_list_03.xlsx,32,Midea Chest Freezer MDRC698FZG01MY 660L Gross Capacity Chest Freezer,876937,TIDAK,API_ERROR,Kod API: InvalidApiPath - The specified API Path is invalid,⚠️ PERLU SEMAKAN (Ralat API),https://s.lazada.com.my/s.ZdbZps?c=c&t=p-i3g89-s4Aci,https://s.lazada.com.my/s.ZdbZps?c=c&t=p-i3g89-s4Aci
data_promo_list_03.xlsx,33,Toshiba 8.5kg/6kg Premium Front Load Washer Dryer Combo TWDT21BU95UWM(WW),14923382094,TIDAK,API_ERROR,Kod API: InvalidApiPath - The specified API Path is invalid,⚠️ PERLU SEMAKAN (Ralat API),https://s.lazada.com.my/s.ZdbZpt?c=c&t=p-iGHwzPC-s2G32LZy,https://s.lazada.com.my/s.ZdbZpt?c=c&t=p-iGHwzPC-s2G32LZy
data_promo_list_03.xlsx,34,MIUI | Silent Bedroom Dehumidifier 13L,14841509949,TIDAK,API_ERROR,Kod API: InvalidApiPath - The specified API Path is invalid,⚠️ PERLU SEMAKAN (Ralat API),https://s.lazada.com.my/s.ZdbZpG?c=d&t=p-iGCPSij-s2FB1gXo,https://s.lazada.com.my/s.ZdbZpG?c=d&t=p-iGCPSij-s2FB1gXo
data_promo_list_03.xlsx,35,Midea | IH Stainless Steel Electric Pressure Cooker,14933268702,TIDAK,API_ERROR,Kod API: InvalidApiPath - The specified API Path is invalid,⚠️ PERLU SEMAKAN (Ralat API),https://s.lazada.com.my/s.ZdbZpv?c=d&t=p-iGIcTMc-s2G5n5UL,https://s.lazada.com.my/s.ZdbZpv?c=d&t=p-iGIcTMc-s2G5n5UL
data_promo_list_03.xlsx,36,Offline Offer Only PRE-ORDER FLAIR PRO 2 ESPRESSO MAKER,1516392467,TIDAK,API_ERROR,Kod API: InvalidApiPath - The specified API Path is invalid,⚠️ PERLU SEMAKAN (Ralat API),https://s.lazada.com.my/s.ZdbZpE?c=c&t=p-i1eccx1-s5Vw4Lz,https://s.lazada.com.my/s.ZdbZpE?c=c&t=p-i1eccx1-s5Vw4Lz
data_promo_list_03.xlsx,37,JH-1806 Smart WiFi Air Purifier Precision Laser Sensor High-Efficiency 98% Formaldehyde & 99% Antibacterial Removal Free Filters Gift 365-Day Warranty,14837096350,TIDAK,API_ERROR,Kod API: InvalidApiPath - The specified API Path is invalid,⚠️ PERLU SEMAKAN (Ralat API),https://s.lazada.com.my/s.ZdbZpw?c=d&t=p-iGC6wXe-s2F80c3Y,https://s.lazada.com.my/s.ZdbZpw?c=d&t=p-iGC6wXe-s2F80c3Y
data_promo_list_03.xlsx,38,Toshiba GR-RT320WE-PMY(UK) 2 DOOR 310L Top Mount Refrigerator,4694701331,TIDAK,API_ERROR,Kod API: InvalidApiPath - The specified API Path is invalid,⚠️ PERLU SEMAKAN (Ralat API),https://s.lazada.com.my/s.ZdbZpD?c=d&t=p-i57iUHD-sSieHOK,https://s.lazada.com.my/s.ZdbZpD?c=d&t=p-i57iUHD-sSieHOK
data_promo_list_03.xlsx,39,Midea Front Loading Inverter Washing Machine High Speed RPM (7.5kg - 12kg) MF100W75 MF100W85B MF100W95B MF200W100WB MF200W120WB Front Load Washer,2783750686,TIDAK,API_ERROR,Kod API: InvalidApiPath - The specified API Path is invalid,⚠️ PERLU SEMAKAN (Ralat API),https://s.lazada.com.my/s.ZdbZpx?c=d&t=p-i32OKic-s2FwBOap,https://s.lazada.com.my/s.ZdbZpx?c=d&t=p-i32OKic-s2FwBOap
data_promo_list_03.xlsx,40,"Dreame Bot W10 Pro Self-Cleaning Smart Robot Vacuum and Mop Auto-Dry LDS Navigation + AI Action, 210 Mins Run Time WAH LEE STORE",3409374465,TIDAK,API_ERROR,Kod API: InvalidApiPath - The specified API Path is invalid,⚠️ PERLU SEMAKAN (Ralat API),https://s.lazada.com.my/s.ZdbZpC?c=c&t=p-i3ijO2j-sK1Rzgb,https://s.lazada.com.my/s.ZdbZpC?c=c&t=p-i3ijO2j-sK1Rzgb
data_promo_list_03.xlsx,41,Senz 75L Built in Oven 14 Functions SZ-OV7514-14F | 12 Functions SZ-OV7512-12F | Fully Soft Touch | Fully Digital Multi Oven,106909756,TIDAK,API_ERROR,Kod API: InvalidApiPath - The specified API Path is invalid,⚠️ PERLU SEMAKAN (Ralat API),https://s.lazada.com.my/s.ZdbZpB?c=d&t=p-i7Ea6u-s7M7P7,https://s.lazada.com.my/s.ZdbZpB?c=d&t=p-i7Ea6u-s7M7P7
data_promo_list_03.xlsx,42,Dyson Airwrap i.d.™ 6-in-1 multi-styler and dryer (Amber Silk) | Easier curling | Guided styling | Fast drying | Penggaya Rambut Serbaguna,3255897952,TIDAK,API_ERROR,Kod API: InvalidApiPath - The specified API Path is invalid,⚠️ PERLU SEMAKAN (Ralat API),https://s.lazada.com.my/s.ZdbZpz?c=c&t=p-i3YLPn6-sIXeBw9,https://s.lazada.com.my/s.ZdbZpz?c=c&t=p-i3YLPn6-sIXeBw9
data_promo_list_03.xlsx,43,"CUISINART SM-50 STAND MIXER PRECISION MASTER™ 5.5-QUART (FREE KITCHENAID 5 PCS BOXED SET, MEASURING CUPS & SPOONS WORTH RM 637!!!)",1500030550,TIDAK,API_ERROR,Kod API: InvalidApiPath - The specified API Path is invalid,⚠️ PERLU SEMAKAN (Ralat API),https://s.lazada.com.my/s.ZdbZpA?c=d&t=p-i1dVyT8-s8MjaPE,https://s.lazada.com.my/s.ZdbZpA?c=d&t=p-i1dVyT8-s8MjaPE
data_promo_list_03.xlsx,44,Midea 2.0HP MSXS19CRDN8 Xtreme Save R32 Inverter Air Conditioner / Aircond / Air Cond MSXS-19CRDN8,2447186874,TIDAK,API_ERROR,Kod API: InvalidApiPath - The specified API Path is invalid,⚠️ PERLU SEMAKAN (Ralat API),https://s.lazada.com.my/s.ZdbZKZ?c=c&t=p-i2fc962-sBc8nld,https://s.lazada.com.my/s.ZdbZKZ?c=c&t=p-i2fc962-sBc8nld
data_promo_list_03.xlsx,45,Samsung Front Load Wasing Machine with AI Ecobubble™ AI Control WW10T634DLH,3444405062,TIDAK,API_ERROR,Kod API: InvalidApiPath - The specified API Path is invalid,⚠️ PERLU SEMAKAN (Ralat API),https://s.lazada.com.my/s.ZdbZKb?c=c&t=p-i3l6N6M-sKPffsR,https://s.lazada.com.my/s.ZdbZKb?c=c&t=p-i3l6N6M-sKPffsR
data_promo_list_03.xlsx,46,"Dreame L10s Ultra Heat Robot Vacuum | 25,000Pa Vormax Suction, Hot Water Auto-Mop Wash & Dry, 10.5mm Intelligent Carpet Lift, AI Action Navigation, Dual-Mop Spinning, Multifunctional Self-Emptying & Water Refill Base Station",4090919854,TIDAK,API_ERROR,Kod API: InvalidApiPath - The specified API Path is invalid,⚠️ PERLU SEMAKAN (Ralat API),https://s.lazada.com.my/s.ZdbZKY?c=d&t=p-i4Sr58I-sQ7bzDC,https://s.lazada.com.my/s.ZdbZKY?c=d&t=p-i4Sr58I-sQ7bzDC
data_promo_list_03.xlsx,47,Mitsubishi 1.5hp Non Inverter Air conditioner SRK12CXP2-W4 & SRC12CXP2-W4 Mitsubishi Heavy Industries R32 Non-Inverter Air conditioner,406307,TIDAK,API_ERROR,Kod API: InvalidApiPath - The specified API Path is invalid,⚠️ PERLU SEMAKAN (Ralat API),https://s.lazada.com.my/s.ZdbZK1?c=c&t=p-i1hhL-s1pqU,https://s.lazada.com.my/s.ZdbZK1?c=c&t=p-i1hhL-s1pqU
data_promo_list_03.xlsx,48,Automatic Stone Mill Food Paste Machine,14874590869,TIDAK,API_ERROR,Kod API: InvalidApiPath - The specified API Path is invalid,⚠️ PERLU SEMAKAN (Ralat API),https://s.lazada.com.my/s.ZdbZKc?c=d&t=p-iGEeGZx-s2Fi9vhG,https://s.lazada.com.my/s.ZdbZKc?c=d&t=p-iGEeGZx-s2Fi9vhG
data_promo_list_03.xlsx,49,Midea 660L Inverter Quattro Side By Side Refrigerator MDRS710FIE56 / MDRS710FGE28 / MDRS712FIE61W / MDRS712FIE63B / Pensonic 560L Side by Side Refrigerator PSS-5601GDI,1257170470,TIDAK,API_ERROR,Kod API: InvalidApiPath - The specified API Path is invalid,⚠️ PERLU SEMAKAN (Ralat API),https://s.lazada.com.my/s.ZdbZKd?c=c&t=p-i1N4xT4-s470RJ4,https://s.lazada.com.my/s.ZdbZKd?c=c&t=p-i1N4xT4-s470RJ4
data_promo_list_03.xlsx,50,MORGAN MCF-6307L CHEST FREEZER DUAL DOOR 600L,2879046228,TIDAK,API_ERROR,Kod API: InvalidApiPath - The specified API Path is invalid,⚠️ PERLU SEMAKAN (Ralat API),https://s.lazada.com.my/s.ZdbZK3?c=d&t=p-i38qBRU-sFBDnmj,https://s.lazada.com.my/s.ZdbZK3?c=d&t=p-i38qBRU-sFBDnmj
data_promo_list_03.xlsx,51,SNOW ( NEW ARRIVAL) FREEZER (GROSS 540L/NET 505L) LY600LD - [FAST & SAFE DELIVERY] SNOW WARRANTY MALAYSIA,1341970330,TIDAK,API_ERROR,Kod API: InvalidApiPath - The specified API Path is invalid,⚠️ PERLU SEMAKAN (Ralat API),https://s.lazada.com.my/s.ZdbZKe?c=d&t=p-i1Solmk-s4XiT19,https://s.lazada.com.my/s.ZdbZKe?c=d&t=p-i1Solmk-s4XiT19
data_promo_list_03.xlsx,52,(OFFICIAL STORE) Innofood KT-BF1A Twin Turbo Fan Convection Oven Ideal For Bread and Biscuits Ready Stock,928614300,TIDAK,API_ERROR,Kod API: InvalidApiPath - The specified API Path is invalid,⚠️ PERLU SEMAKAN (Ralat API),https://s.lazada.com.my/s.ZdbZKV?c=d&t=p-i10qN00-s2Xl16X,https://s.lazada.com.my/s.ZdbZKV?c=d&t=p-i10qN00-s2Xl16X
data_promo_list_03.xlsx,53,IONCARES SUPER CLEAN IONFLUX OUTDOOR PVDF ULTRAFILTRATION MEMBRANE 6000L/H / 10000L/H (WITH INSTALLATION KL&SEL),4445766562,TIDAK,API_ERROR,Kod API: InvalidApiPath - The specified API Path is invalid,⚠️ PERLU SEMAKAN (Ralat API),https://s.lazada.com.my/s.ZdbZK4?c=d&t=p-i4qryyI-sRJKUof,https://s.lazada.com.my/s.ZdbZK4?c=d&t=p-i4qryyI-sRJKUof
data_promo_list_03.xlsx,54,Teka Built In Gas Hob GTI 78 2G AI AL,4324350568,TIDAK,API_ERROR,Kod API: InvalidApiPath - The specified API Path is invalid,⚠️ PERLU SEMAKAN (Ralat API),https://s.lazada.com.my/s.ZdbZKf?c=c&t=p-i4ieX7o-sQbGwvr,https://s.lazada.com.my/s.ZdbZKf?c=c&t=p-i4ieX7o-sQbGwvr
data_promo_list_03.xlsx,55,Supor | Multi-function Electric Oven AirFry,14842859786,TIDAK,API_ERROR,Kod API: InvalidApiPath - The specified API Path is invalid,⚠️ PERLU SEMAKAN (Ralat API),https://s.lazada.com.my/s.ZdbZKU?c=c&t=p-iGCV7sI-s2GF6EBN,https://s.lazada.com.my/s.ZdbZKU?c=c&t=p-iGCV7sI-s2GF6EBN
data_promo_list_03.xlsx,56,Midea | Low Fat Aromatic Electric Pressure Cooker 5L,14935481695,TIDAK,API_ERROR,Kod API: InvalidApiPath - The specified API Path is invalid,⚠️ PERLU SEMAKAN (Ralat API),https://s.lazada.com.my/s.ZdbZK5?c=d&t=p-iGIll43-s2G7hDp2,https://s.lazada.com.my/s.ZdbZK5?c=d&t=p-iGIll43-s2G7hDp2
data_promo_list_03.xlsx,57,Odor-Resistant Push Floor Cleaner,14933947030,TIDAK,API_ERROR,Kod API: InvalidApiPath - The specified API Path is invalid,⚠️ PERLU SEMAKAN (Ralat API),https://s.lazada.com.my/s.ZdbZKT?c=c&t=p-iGIfJpO-s2G6Goxo,https://s.lazada.com.my/s.ZdbZKT?c=c&t=p-iGIfJpO-s2G6Goxo
data_promo_list_03.xlsx,58,"[2026 NEW] ECOVACS DEEBOT T30C Max/Prime Omni Robot Vacuum| 25,000 Suction Power | ZeroTangle™ 3.0 | OZMO™Turbo 2.0 Mop",1266922599,TIDAK,API_ERROR,Kod API: InvalidApiPath - The specified API Path is invalid,⚠️ PERLU SEMAKAN (Ralat API),https://s.lazada.com.my/s.ZdbZK6?c=d&t=p-i1NjsRT-sQMsyXF,https://s.lazada.com.my/s.ZdbZK6?c=d&t=p-i1NjsRT-sQMsyXF
data_promo_list_03.xlsx,59,Mitsubishi 1.0hp Non Inverter Air conditioner SRK09CXP2-W4 & SRC09CXP2-W4 Mitsubishi Heavy Industries R32 Non-Inverter Air conditioner,406306,TIDAK,API_ERROR,Kod API: InvalidApiPath - The specified API Path is invalid,⚠️ PERLU SEMAKAN (Ralat API),https://s.lazada.com.my/s.ZdbZKS?c=c&t=p-i1hhK-s1pqT,https://s.lazada.com.my/s.ZdbZKS?c=c&t=p-i1hhK-s1pqT
data_promo_list_03.xlsx,60,Joyoung | Variable Frequency Quiet Multi-functional Traditional Nutrient Blender,14912920419,TIDAK,API_ERROR,Kod API: InvalidApiPath - The specified API Path is invalid,⚠️ PERLU SEMAKAN (Ralat API),https://s.lazada.com.my/s.ZdbZK7?c=c&t=p-iGHF5qV-s2G0rUDP,https://s.lazada.com.my/s.ZdbZK7?c=c&t=p-iGHF5qV-s2G0rUDP
data_promo_list_03.xlsx,61,Commercial Electric Multifunctional Meat Grinder for Sausage Filling,14909284077,TIDAK,API_ERROR,Kod API: InvalidApiPath - The specified API Path is invalid,⚠️ PERLU SEMAKAN (Ralat API),https://s.lazada.com.my/s.ZdbZKi?c=c&t=p-iGGzprp-s2FzNcOZ,https://s.lazada.com.my/s.ZdbZKi?c=c&t=p-iGGzprp-s2FzNcOZ
data_promo_list_03.xlsx,62,Electromagnetic Multifunction Nonstick Pan,14944971633,TIDAK,API_ERROR,Kod API: InvalidApiPath - The specified API Path is invalid,⚠️ PERLU SEMAKAN (Ralat API),https://s.lazada.com.my/s.ZdbZKR?c=c&t=p-iGJPZpZ-s2G9n4ae,https://s.lazada.com.my/s.ZdbZKR?c=c&t=p-iGJPZpZ-s2G9n4ae
data_promo_list_03.xlsx,63,[Demo] Viomi Alpha 3 Robot Vacuum Cleaner | Auto Self-Washing Mopping Master,4020377947,TIDAK,API_ERROR,Kod API: InvalidApiPath - The specified API Path is invalid,⚠️ PERLU SEMAKAN (Ralat API),https://s.lazada.com.my/s.ZdbZK8?c=c&t=p-i4O55xb-sOywpzh,https://s.lazada.com.my/s.ZdbZK8?c=c&t=p-i4O55xb-sOywpzh
data_promo_list_03.xlsx,64,"Dreame Aqua10 Roller Robot Vacuum | AquaRoll™ Self-Cleaning Mop, 30,000Pa Vormax™ Suction, 100°C ThermoHub™ Hot Wash, AutoSeal™ Carpet Guard, All-in-One PowerDock™ with Hot Air Drying & Auto Refills",3760774283,TIDAK,API_ERROR,Kod API: InvalidApiPath - The specified API Path is invalid,⚠️ PERLU SEMAKAN (Ralat API),https://s.lazada.com.my/s.ZdbZKj?c=c&t=p-i46VpBj-sSp4iZx,https://s.lazada.com.my/s.ZdbZKj?c=c&t=p-i46VpBj-sSp4iZx
data_promo_list_03.xlsx,65,RIPU | French Door Energy Efficient Frost-Free Refrigerator,14947272870,TIDAK,API_ERROR,Kod API: InvalidApiPath - The specified API Path is invalid,⚠️ PERLU SEMAKAN (Ralat API),https://s.lazada.com.my/s.ZdbZKQ?c=d&t=p-iGJZEUI-s2GB4uzm,https://s.lazada.com.my/s.ZdbZKQ?c=d&t=p-iGJZEUI-s2GB4uzm
data_promo_list_03.xlsx,66,[LAZADA EXCLUSIVE] Dyson Airstrait™ dryer and straightener (Amber Silk) | Wet to dry straightener | No hot plates | Save time | Pelurus Rambut Basah Kering,4020410466,TIDAK,API_ERROR,Kod API: InvalidApiPath - The specified API Path is invalid,⚠️ PERLU SEMAKAN (Ralat API),https://s.lazada.com.my/s.ZdbZK9?c=c&t=p-i4O5EQ6-sOyvgRt,https://s.lazada.com.my/s.ZdbZK9?c=c&t=p-i4O5EQ6-sOyvgRt
data_promo_list_03.xlsx,67,Daikin Streamer Humidifier Air Purifier MCK55UVMM  Air Purifiers,3718282208,TIDAK,API_ERROR,Kod API: InvalidApiPath - The specified API Path is invalid,⚠️ PERLU SEMAKAN (Ralat API),https://s.lazada.com.my/s.ZdbZKk?c=c&t=p-i43dX3g-sMzVVWy,https://s.lazada.com.my/s.ZdbZKk?c=c&t=p-i43dX3g-sMzVVWy
data_promo_list_03.xlsx,68,[China Plug Adapter Needed] CAMEL | Portable Water-Cooled Air Conditioner Fan,14900036443,TIDAK,API_ERROR,Kod API: InvalidApiPath - The specified API Path is invalid,⚠️ PERLU SEMAKAN (Ralat API),https://s.lazada.com.my/s.ZdbZKP?c=c&t=p-iGGN28R-s2FxrtdJ,https://s.lazada.com.my/s.ZdbZKP?c=c&t=p-iGGN28R-s2FxrtdJ
data_promo_list_03.xlsx,69,Bosch serie 6 BBS711ANM Rechargeable Vacuum Cleaner Unlimited 7 Pro Animal,3673648488,TIDAK,API_ERROR,Kod API: InvalidApiPath - The specified API Path is invalid,⚠️ PERLU SEMAKAN (Ralat API),https://s.lazada.com.my/s.ZdbZKO?c=c&t=p-i40cFmy-sMk2EUa,https://s.lazada.com.my/s.ZdbZKO?c=c&t=p-i40cFmy-sMk2EUa
data_promo_list_03.xlsx,70,VIBROFOOD 20Litre Commercial Food Mixer B20 C/W 2pcs 20Litre stainless steel bowl & 3 Attachments - 3 Months Warranty -,1809814754,TIDAK,API_ERROR,Kod API: InvalidApiPath - The specified API Path is invalid,⚠️ PERLU SEMAKAN (Ralat API),https://s.lazada.com.my/s.ZdbZKm?c=d&t=p-i1yTnUY-s7oYwuV,https://s.lazada.com.my/s.ZdbZKm?c=d&t=p-i1yTnUY-s7oYwuV
data_promo_list_03.xlsx,71,Senz SZ-CH9810DC VELOZ L Shape Design Heat Pro intelClean Cooker Hood 2000 M3/H 10 Speed Power SZ-GS9723FL SZCH9810DC Hud Memasak,4196247635,TIDAK,API_ERROR,Kod API: InvalidApiPath - The specified API Path is invalid,⚠️ PERLU SEMAKAN (Ralat API),https://s.lazada.com.my/s.ZdbZKN?c=c&t=p-i4Zz1hT-sPxYAuA,https://s.lazada.com.my/s.ZdbZKN?c=c&t=p-i4Zz1hT-sPxYAuA
data_promo_list_03.xlsx,72,Robam Range Hood A670,4290240511,TIDAK,API_ERROR,Kod API: InvalidApiPath - The specified API Path is invalid,⚠️ PERLU SEMAKAN (Ralat API),https://s.lazada.com.my/s.ZdbZKn?c=d&t=p-i4gLPXb-sQRdalH,https://s.lazada.com.my/s.ZdbZKn?c=d&t=p-i4gLPXb-sQRdalH
data_promo_list_03.xlsx,73,"eufy by Anker C28 Omni Robot Vacuum - HydroJet™ Self-Clean RollerMop，15000Pa Suction, Self-Clean Mop, iPath™ 2.0 Smart Nav, All-in-One Station，Active Obstacle Avoidance T",14930777345,TIDAK,API_ERROR,Kod API: InvalidApiPath - The specified API Path is invalid,⚠️ PERLU SEMAKAN (Ralat API),https://s.lazada.com.my/s.ZdbZKM?c=c&t=p-iGIS1FR-s2G62onK,https://s.lazada.com.my/s.ZdbZKM?c=c&t=p-iGIS1FR-s2G62onK
data_promo_list_03.xlsx,74,Philips | Philips Air Fryer Chef Edition Hd9880/90 Large Capacity 8.3L,14857261424,TIDAK,API_ERROR,Kod API: InvalidApiPath - The specified API Path is invalid,⚠️ PERLU SEMAKAN (Ralat API),https://s.lazada.com.my/s.ZdbZKo?c=c&t=p-iGDTYOm-s2FUmb6k,https://s.lazada.com.my/s.ZdbZKo?c=c&t=p-iGDTYOm-s2FUmb6k
data_promo_list_03.xlsx,75,FEST Fully Automatic Lemon Blasting Machine Fresh Fruit Smoothie Crushing Ice Lemon Blasting Machine Milk Tea Machine,4314853430,TIDAK,API_ERROR,Kod API: InvalidApiPath - The specified API Path is invalid,⚠️ PERLU SEMAKAN (Ralat API),https://s.lazada.com.my/s.ZdbZKL?c=d&t=p-i4i0gUA-sQYPeto,https://s.lazada.com.my/s.ZdbZKL?c=d&t=p-i4i0gUA-sQYPeto
data_promo_list_03.xlsx,76,LEVANZO HOOD LCH 6120 KITCHEN HOODS,4732170502,TIDAK,API_ERROR,Kod API: InvalidApiPath - The specified API Path is invalid,⚠️ PERLU SEMAKAN (Ralat API),https://s.lazada.com.my/s.ZdbZKp?c=c&t=p-i5AFhig-sT1MGrZ,https://s.lazada.com.my/s.ZdbZKp?c=c&t=p-i5AFhig-sT1MGrZ
data_promo_list_03.xlsx,77,《SEDA》Sharp 2.0HP  J- Tech Inverter Air Conditioner with Super Jet Mode AH-X18BED,1306380166,TIDAK,API_ERROR,Kod API: InvalidApiPath - The specified API Path is invalid,⚠️ PERLU SEMAKAN (Ralat API),https://s.lazada.com.my/s.ZdbZKK?c=d&t=p-i1QPR9q-s4Mb8qh,https://s.lazada.com.my/s.ZdbZKK?c=d&t=p-i1QPR9q-s4Mb8qh
data_promo_list_03.xlsx,78,CUCKOO Electric Digital High Pressure 10 People Rice Cooker Korea,3830643143,TIDAK,API_ERROR,Kod API: InvalidApiPath - The specified API Path is invalid,⚠️ PERLU SEMAKAN (Ralat API),https://s.lazada.com.my/s.ZdbZKq?c=c&t=p-i4BEzGp-s2FXWhav,https://s.lazada.com.my/s.ZdbZKq?c=c&t=p-i4BEzGp-s2FXWhav
data_promo_list_03.xlsx,79,HYDRIXX Countertop Smart LED Water Purifier - Multi-Stages Ultrafiltration Halal Filter,4557793423,TIDAK,API_ERROR,Kod API: InvalidApiPath - The specified API Path is invalid,⚠️ PERLU SEMAKAN (Ralat API),https://s.lazada.com.my/s.ZdbZKJ?c=d&t=p-i4yS2H9-sS5ydjd,https://s.lazada.com.my/s.ZdbZKJ?c=d&t=p-i4yS2H9-sS5ydjd
data_promo_list_03.xlsx,80,"【NEW】UWANT V800 Cordless Auto-Empty Vacuum Cleaner | 320AW Powerful Suction, 100-Day Auto-Empty Station, VibraSweep No-Tangle Brush, Push-In All-in-One Dock, 150° Green Light Dust Detection, 90min Runtime, 12-Stage HEPA Filtration",14906451440,TIDAK,API_ERROR,Kod API: InvalidApiPath - The specified API Path is invalid,⚠️ PERLU SEMAKAN (Ralat API),https://s.lazada.com.my/s.ZdbZKr?c=c&t=p-iGGnwy8-s2FygYuy,https://s.lazada.com.my/s.ZdbZKr?c=c&t=p-iGGnwy8-s2FygYuy
data_promo_list_03.xlsx,81,(JAKIM HALAL) Pureal Hot & Ambient PPA2111 Drinking Water Dispenser,3793341454,TIDAK,API_ERROR,Kod API: InvalidApiPath - The specified API Path is invalid,⚠️ PERLU SEMAKAN (Ralat API),https://s.lazada.com.my/s.ZdbZKI?c=d&t=p-i48iTOg-sNupfzN,https://s.lazada.com.my/s.ZdbZKI?c=d&t=p-i48iTOg-sNupfzN
data_promo_list_03.xlsx,82,SHENGXUE | Automatic Sensing 3-in-1 Hand Dryer for Commercial Use,4762065165,TIDAK,API_ERROR,Kod API: InvalidApiPath - The specified API Path is invalid,⚠️ PERLU SEMAKAN (Ralat API),https://s.lazada.com.my/s.ZdbZKs?c=c&t=p-i5CH8gf-sTH88Bx,https://s.lazada.com.my/s.ZdbZKs?c=c&t=p-i5CH8gf-sTH88Bx
data_promo_list_03.xlsx,83,"[Built-in Wifi] Daikin FTKU Series (R32) Deluxe Inverter Aircond, FTKU28B (1HP), FTKU35B (1.5HP), FTKU50B (2HP), FTKU60B (2.5HP), FTKU71B (3HP)",2999917575,TIDAK,API_ERROR,Kod API: InvalidApiPath - The specified API Path is invalid,⚠️ PERLU SEMAKAN (Ralat API),https://s.lazada.com.my/s.ZdbZKH?c=c&t=p-i3H1LbL-sG8bJ98,https://s.lazada.com.my/s.ZdbZKH?c=c&t=p-i3H1LbL-sG8bJ98
data_promo_list_03.xlsx,84,Mini Commercial Hot Electric Steak Grill,14956001188,TIDAK,API_ERROR,Kod API: InvalidApiPath - The specified API Path is invalid,⚠️ PERLU SEMAKAN (Ralat API),https://s.lazada.com.my/s.ZdbZKt?c=c&t=p-iGK9r7c-s2GDWERI,https://s.lazada.com.my/s.ZdbZKt?c=c&t=p-iGK9r7c-s2GDWERI
data_promo_list_03.xlsx,85,Midea 10kg Inverter Heat Pump Clothes Dryers MD200H100WB Dryer,4359505024,TIDAK,API_ERROR,Kod API: InvalidApiPath - The specified API Path is invalid,⚠️ PERLU SEMAKAN (Ralat API),https://s.lazada.com.my/s.ZdbZKG?c=c&t=p-i4l22PA-sQjC4bP,https://s.lazada.com.my/s.ZdbZKG?c=c&t=p-i4l22PA-sQjC4bP
data_promo_list_03.xlsx,86,[NEW] ECOVACS DEEBOT T80 Omni Floor Washing Robot Vacuum Cleaner | 18000 PA | OZMO ROLER ™Mop | 75°C Hot Water Wash  & Hot Air Dry | ZeroTangle Pet Hair | TruEdge 3D Sensor | Video Manager | AIVI 3D 3.0 Obstacle Avoidance [ 2 Years Warranty],2061184677,TIDAK,API_ERROR,Kod API: InvalidApiPath - The specified API Path is invalid,⚠️ PERLU SEMAKAN (Ralat API),https://s.lazada.com.my/s.ZdbZKu?c=d&t=p-i2FUWI9-sSOEutE,https://s.lazada.com.my/s.ZdbZKu?c=d&t=p-i2FUWI9-sSOEutE
data_promo_list_03.xlsx,87,Dyson Airwrap™ Origin multi-styler and dryer (Nickel/Copper) | No heat damage | Quick and fuss-free styling| Penggaya Rambut Serbaguna,3313924680,TIDAK,API_ERROR,Kod API: InvalidApiPath - The specified API Path is invalid,⚠️ PERLU SEMAKAN (Ralat API),https://s.lazada.com.my/s.ZdbZKF?c=c&t=p-i3cGtC4-sJMVihy,https://s.lazada.com.my/s.ZdbZKF?c=c&t=p-i3cGtC4-sJMVihy
data_promo_list_03.xlsx,88,[FREE SHIPPING] Midea 7.5KG Front Load Washing Machine MF100W75 Washer / 5 Star Mesin Basuh,4606448326,TIDAK,API_ERROR,Kod API: InvalidApiPath - The specified API Path is invalid,⚠️ PERLU SEMAKAN (Ralat API),https://s.lazada.com.my/s.ZdbZKv?c=d&t=p-i51kBde-sSKzUsD,https://s.lazada.com.my/s.ZdbZKv?c=d&t=p-i51kBde-sSKzUsD
data_promo_list_03.xlsx,89,Haier | Fresh Water Direct Drinking RO Purifier 1200G,14906471633,TIDAK,API_ERROR,Kod API: InvalidApiPath - The specified API Path is invalid,⚠️ PERLU SEMAKAN (Ralat API),https://s.lazada.com.my/s.ZdbZKE?c=d&t=p-iGGo2Dp-s2FzQ8GB,https://s.lazada.com.my/s.ZdbZKE?c=d&t=p-iGGo2Dp-s2FzQ8GB
data_promo_list_03.xlsx,90,Joyoung | Blender,14841656505,TIDAK,API_ERROR,Kod API: InvalidApiPath - The specified API Path is invalid,⚠️ PERLU SEMAKAN (Ralat API),https://s.lazada.com.my/s.ZdbZKw?c=c&t=p-iGCQ4qX-s2FB0VvG,https://s.lazada.com.my/s.ZdbZKw?c=c&t=p-iGCQ4qX-s2FB0VvG
data_promo_list_03.xlsx,91,"[2026 NEW] ECOVACS DEEBOT T50S Pro Omni Robot Vacuum | 25,000 PA | ZeroTangle™ 3.0 &  TruEdge™ 2.0 Edge Cleaning | 75°C Hot Water Wash & Hot Air Drying",4141955690,TIDAK,API_ERROR,Kod API: InvalidApiPath - The specified API Path is invalid,⚠️ PERLU SEMAKAN (Ralat API),https://s.lazada.com.my/s.ZdbZKD?c=c&t=p-i4WJDsw-s2FyqhS2,https://s.lazada.com.my/s.ZdbZKD?c=c&t=p-i4WJDsw-s2FyqhS2
data_promo_list_03.xlsx,92,De'Longhi Magnifica Evo Titanium Fully Automatic Coffee Machines (Black) - ECAM290.81.TB Delonghi WAH LEE STORE,3781236295,TIDAK,API_ERROR,Kod API: InvalidApiPath - The specified API Path is invalid,⚠️ PERLU SEMAKAN (Ralat API),https://s.lazada.com.my/s.ZdbZKx?c=d&t=p-i47tgIB-sNlu4Lu,https://s.lazada.com.my/s.ZdbZKx?c=d&t=p-i47tgIB-sNlu4Lu
data_promo_list_03.xlsx,93,【160°C HYPERSTEAM】Tineco Floor One S7 Stretch Steam Floor Washer | 80mins Runtime | 25kPa Suction Smart Wet Dry Vacuum Cleaner,4751807053,TIDAK,API_ERROR,Kod API: InvalidApiPath - The specified API Path is invalid,⚠️ PERLU SEMAKAN (Ralat API),https://s.lazada.com.my/s.ZdbZKC?c=c&t=p-i5Ba65F-sTBm82d,https://s.lazada.com.my/s.ZdbZKC?c=c&t=p-i5Ba65F-sTBm82d
data_promo_list_03.xlsx,94,MAIDACHU | High Power Commercial Electric Stovetop 30kw,4807794988,TIDAK,API_ERROR,Kod API: InvalidApiPath - The specified API Path is invalid,⚠️ PERLU SEMAKAN (Ralat API),https://s.lazada.com.my/s.ZdbZKy?c=d&t=p-i5FN16S-sTdGy4i,https://s.lazada.com.my/s.ZdbZKy?c=d&t=p-i5FN16S-sTdGy4i
data_promo_list_03.xlsx,95,Bosch Series 2 free-standing dishwasher 60 cm silver inox - SMS25AI00V,3814604766,TIDAK,API_ERROR,Kod API: InvalidApiPath - The specified API Path is invalid,⚠️ PERLU SEMAKAN (Ralat API),https://s.lazada.com.my/s.ZdbZKB?c=d&t=p-i4A9gxK-sO8G0QP,https://s.lazada.com.my/s.ZdbZKB?c=d&t=p-i4A9gxK-sO8G0QP
data_promo_list_03.xlsx,96,MUHUASHA | Commercial Refrigeration Workstation Set,14847919910,TIDAK,API_ERROR,Kod API: InvalidApiPath - The specified API Path is invalid,⚠️ PERLU SEMAKAN (Ralat API),https://s.lazada.com.my/s.ZdbZKz?c=d&t=p-iGCqMFC-s2FJYBgs,https://s.lazada.com.my/s.ZdbZKz?c=d&t=p-iGCqMFC-s2FJYBgs
data_promo_list_03.xlsx,97,Senz SZ-CH338I MultiHood Chimney Cooker Hood 1800m3/h Suction Power 4 Speed Power SZCH338I Hud Memasak,443202482,TIDAK,API_ERROR,Kod API: InvalidApiPath - The specified API Path is invalid,⚠️ PERLU SEMAKAN (Ralat API),https://s.lazada.com.my/s.ZdbZqa?c=d&t=p-iTzdD8-siS0qY,https://s.lazada.com.my/s.ZdbZqa?c=d&t=p-iTzdD8-siS0qY
data_promo_list_03.xlsx,98,[ONLINE EXCLUSIVE WITH FREE BABY BOTTLE STERILISER/DRYER WORTH RM399] PANASONIC NR-BX471HWKM ELECTRIC REFRIGERATOR HA5,4746430997,TIDAK,API_ERROR,Kod API: InvalidApiPath - The specified API Path is invalid,⚠️ PERLU SEMAKAN (Ralat API),https://s.lazada.com.my/s.ZdbZqZ?c=c&t=p-i5BDXWf-sT92htH,https://s.lazada.com.my/s.ZdbZqZ?c=c&t=p-i5BDXWf-sT92htH
data_promo_list_03.xlsx,99,The Morning Machine Nespresso-Compatible Coffee Capsule Machine,2387605514,TIDAK,API_ERROR,Kod API: InvalidApiPath - The specified API Path is invalid,⚠️ PERLU SEMAKAN (Ralat API),https://s.lazada.com.my/s.ZdbZq0?c=d&t=p-i2ba9GM-sBDEDmz,https://s.lazada.com.my/s.ZdbZq0?c=d&t=p-i2ba9GM-sBDEDmz
data_promo_list_03.xlsx,100,Samsung | Samsung Vs70H18Gzk Jet Fit 180W Nationwide /Free Cordless Vacuum Cleaner Lightweight Satin Black,14930614663,TIDAK,API_ERROR,Kod API: InvalidApiPath - The specified API Path is invalid,⚠️ PERLU SEMAKAN (Ralat API),https://s.lazada.com.my/s.ZdbZqb?c=c&t=p-iGIRKvX-s2G5iiB8,https://s.lazada.com.my/s.ZdbZqb?c=c&t=p-iGIRKvX-s2G5iiB8
data_promo_list_03.xlsx,101,Happypopper Commercial 1 Year Warranty Electric Waffle Machine Maker Double Heavy Duty Mesin Wafer 商用华夫炉松饼机,2979026816,TIDAK,API_ERROR,Kod API: InvalidApiPath - The specified API Path is invalid,⚠️ PERLU SEMAKAN (Ralat API),https://s.lazada.com.my/s.ZdbZqY?c=d&t=p-i3Fbgxc-sFyIFPL,https://s.lazada.com.my/s.ZdbZqY?c=d&t=p-i3Fbgxc-sFyIFPL
data_promo_list_03.xlsx,102,[2026 NEW] ECOVACS DEEBOT T90 Pro Omni Floor Washing Robot Vacuum| 30000PA | Ozmo Roller™ Mop 3.0 | PowerBoost Charging | ZeroTangle 4.0 Brush |  75°CHot Wash & Hot Air Drying | TruEdge Cleaning | TruePass 4cm Climb,3792322309,TIDAK,API_ERROR,Kod API: InvalidApiPath - The specified API Path is invalid,⚠️ PERLU SEMAKAN (Ralat API),https://s.lazada.com.my/s.ZdbZq1?c=d&t=p-i48eCGr-s2FATtxZ,https://s.lazada.com.my/s.ZdbZq1?c=d&t=p-i48eCGr-s2FATtxZ
data_promo_list_03.xlsx,103,Toshiba 9KG Fully Auto Top Load Washing Machine (Silver) AW-J1000FM(SG) Washer / Mesin Basuh 洗衣机,4606309985,TIDAK,API_ERROR,Kod API: InvalidApiPath - The specified API Path is invalid,⚠️ PERLU SEMAKAN (Ralat API),https://s.lazada.com.my/s.ZdbZqX?c=c&t=p-i51jbeL-sSKyz97,https://s.lazada.com.my/s.ZdbZqX?c=c&t=p-i51jbeL-sSKyz97
data_promo_list_03.xlsx,104,Ulike ReGlow LED Face Mask Facial Machine美容仪,3918482301,TIDAK,API_ERROR,Kod API: InvalidApiPath - The specified API Path is invalid,⚠️ PERLU SEMAKAN (Ralat API),https://s.lazada.com.my/s.ZdbZq2?c=c&t=p-i4HBYFR-sOharIt,https://s.lazada.com.my/s.ZdbZq2?c=c&t=p-i4HBYFR-sOharIt
data_promo_list_03.xlsx,105,[Sabah/Srwk Only] TCL Fridge 165L/460L/505L Top Mounted 4 Door Refrigerator 165 Mini Fridge Peti Sejuk TRTM-W1650S1 East Malaysia only,3672647130,TIDAK,API_ERROR,Kod API: InvalidApiPath - The specified API Path is invalid,⚠️ PERLU SEMAKAN (Ralat API),https://s.lazada.com.my/s.ZdbZqd?c=c&t=p-i40Y3I2-sTw39W0,https://s.lazada.com.my/s.ZdbZqd?c=c&t=p-i40Y3I2-sTw39W0
data_promo_list_03.xlsx,106,Hisense (1.0HP / 1.5HP/ 2.0HP / 2.5HP) AN10DKG / AN13DKG / AN20DKG / AN25DKG Standard Air Conditioner Non-Inverter R32 Aircond Penghawa Dingin,4075842532,TIDAK,API_ERROR,Kod API: InvalidApiPath - The specified API Path is invalid,⚠️ PERLU SEMAKAN (Ralat API),https://s.lazada.com.my/s.ZdbZqW?c=c&t=p-i4Rpopg-sPClkvd,https://s.lazada.com.my/s.ZdbZqW?c=c&t=p-i4Rpopg-sPClkvd
data_promo_list_03.xlsx,107,Pensonic 560L Dual Inverter Side by Side Refrigerator PSS-5601GDI,571784754,TIDAK,API_ERROR,Kod API: InvalidApiPath - The specified API Path is invalid,⚠️ PERLU SEMAKAN (Ralat API),https://s.lazada.com.my/s.ZdbZqe?c=c&t=p-ich9Kk-s1FNRR2,https://s.lazada.com.my/s.ZdbZqe?c=c&t=p-ich9Kk-s1FNRR2
data_promo_list_03.xlsx,108,Fotile Range Hood EMG9037,4291275353,TIDAK,API_ERROR,Kod API: InvalidApiPath - The specified API Path is invalid,⚠️ PERLU SEMAKAN (Ralat API),https://s.lazada.com.my/s.ZdbZqV?c=c&t=p-i4gPkkb-sQS42OE,https://s.lazada.com.my/s.ZdbZqV?c=c&t=p-i4gPkkb-sQS42OE
data_promo_list_03.xlsx,109,Brother | Fs101 Electronic Home Sewing Machine Launch Special,14861944166,TIDAK,API_ERROR,Kod API: InvalidApiPath - The specified API Path is invalid,⚠️ PERLU SEMAKAN (Ralat API),https://s.lazada.com.my/s.ZdbZq4?c=d&t=p-iGDnCas-s2FYD4RY,https://s.lazada.com.my/s.ZdbZq4?c=d&t=p-iGDnCas-s2FYD4RY
data_promo_list_03.xlsx,110,KARCHER HOME & GARDEN | SC4 EASYFIX KARCHER STEAM CLEANER | 3.5BAR STEAM PRESSURE WITH HEAT UP TIME 4MIN,319359232,TIDAK,API_ERROR,Kod API: InvalidApiPath - The specified API Path is invalid,⚠️ PERLU SEMAKAN (Ralat API),https://s.lazada.com.my/s.ZdbZqf?c=c&t=p-iLbzvM-s2PqosJ,https://s.lazada.com.my/s.ZdbZqf?c=c&t=p-iLbzvM-s2PqosJ
data_promo_list_03.xlsx,111,"Dreame D30 Ultra CE Robot Vacuum Mop | 25000Pa TurboForce Suction, PowerDock Auto Empty 100Days, Auto Mop Wash, Hot Air Dry, Auto Refill, DuoScrub Dual Rotating Mop, AceClean 99% Stain Removal, Anti-Tangle, Smart Mapping, Matter Smart Home",14912989065,TIDAK,API_ERROR,Kod API: InvalidApiPath - The specified API Path is invalid,⚠️ PERLU SEMAKAN (Ralat API),https://s.lazada.com.my/s.ZdbZqU?c=d&t=p-iGHFNhh-s2G0wuKD,https://s.lazada.com.my/s.ZdbZqU?c=d&t=p-iGHFNhh-s2G0wuKD
data_promo_list.xlsx,2,Playground Pretend Play Kitchen Toys Microwave Grill Spice Containers,14951452449,TIDAK,API_ERROR,Kod API: InvalidApiPath - The specified API Path is invalid,⚠️ PERLU SEMAKAN (Ralat API),https://s.lazada.com.my/s.Zd0wwC?c=c&t=p-iGJqlmr-s2GBHJBu,https://s.lazada.com.my/s.Zd0wwC?c=c&t=p-iGJqlmr-s2GBHJBu
data_promo_list.xlsx,3,Jellycat Yummy Bunny Pink Cream Plushie Sensory Toy for Kids,14959153920,TIDAK,API_ERROR,Kod API: InvalidApiPath - The specified API Path is invalid,⚠️ PERLU SEMAKAN (Ralat API),https://s.lazada.com.my/s.Zd0wwB?c=c&t=p-iGKN5I8-s2GESpT8,https://s.lazada.com.my/s.Zd0wwB?c=c&t=p-iGKN5I8-s2GESpT8
data_promo_list.xlsx,4,STEAM Science Experiment Set Hands-on Invention Intelligent Toys,14958752397,TIDAK,API_ERROR,Kod API: InvalidApiPath - The specified API Path is invalid,⚠️ PERLU SEMAKAN (Ralat API),https://s.lazada.com.my/s.Zd0wwz?c=c&t=p-iGKLOpx-s2GEGE7s,https://s.lazada.com.my/s.Zd0wwz?c=c&t=p-iGKLOpx-s2GEGE7s
data_promo_list.xlsx,5,JOJO CASTLE Big Size Cartoon Doll Lovely Plush Koala Dolls Kawaii Koala Bear Peluche Toys Stuffed Soft Birthday Gifts for Girlfriend,4096639137,TIDAK,API_ERROR,Kod API: InvalidApiPath - The specified API Path is invalid,⚠️ PERLU SEMAKAN (Ralat API),https://s.lazada.com.my/s.Zd0wDa?c=c&t=p-i4TF4yn-sPJkq1x,https://s.lazada.com.my/s.Zd0wDa?c=c&t=p-i4TF4yn-sPJkq1x
data_promo_list.xlsx,6,CHAOLECHUANG | Educational Building Blocks Toys for Boys and Girls,14867861392,TIDAK,API_ERROR,Kod API: InvalidApiPath - The specified API Path is invalid,⚠️ PERLU SEMAKAN (Ralat API),https://s.lazada.com.my/s.Zd0wD0?c=d&t=p-iGEC1w0-s2FcdL6y,https://s.lazada.com.my/s.Zd0wD0?c=d&t=p-iGEC1w0-s2FcdL6y
data_promo_list.xlsx,7,Bandai | Dragon Ball Wild Beast Son Gohan Shf Exclusive SDCC CJ Venue Limited Edition Shf Son Gohan Beast Action Figure Model Toys Gift,14881019490,TIDAK,API_ERROR,Kod API: InvalidApiPath - The specified API Path is invalid,⚠️ PERLU SEMAKAN (Ralat API),https://s.lazada.com.my/s.Zd0wDY?c=d&t=p-iGF5ExO-s2FnIZt5,https://s.lazada.com.my/s.Zd0wDY?c=d&t=p-iGF5ExO-s2FnIZt5
data_promo_list.xlsx,8,XIDIQI | DIY Birthday Gift Princess Style Toys for Girls,14930942909,TIDAK,API_ERROR,Kod API: InvalidApiPath - The specified API Path is invalid,⚠️ PERLU SEMAKAN (Ralat API),https://s.lazada.com.my/s.Zd0wDR?c=d&t=p-iGISiJp-s2G5opSp,https://s.lazada.com.my/s.Zd0wDR?c=d&t=p-iGISiJp-s2G5opSp
data_promo_list.xlsx,9,TG Interesting children's science and education toy model can be assembled by DIY,4375194477,TIDAK,API_ERROR,Kod API: InvalidApiPath - The specified API Path is invalid,⚠️ PERLU SEMAKAN (Ralat API),https://s.lazada.com.my/s.Zd0wD8?c=d&t=p-i4m5rwr-sTJ2X0F,https://s.lazada.com.my/s.Zd0wD8?c=d&t=p-i4m5rwr-sTJ2X0F
data_promo_list.xlsx,10,QY TOYS | Super Large 3x3 Magnetic Cube 18.8cm,14937899039,TIDAK,API_ERROR,Kod API: InvalidApiPath - The specified API Path is invalid,⚠️ PERLU SEMAKAN (Ralat API),https://s.lazada.com.my/s.Zd0wDj?c=c&t=p-iGIvtvT-s2G8OMEx,https://s.lazada.com.my/s.Zd0wDj?c=c&t=p-iGIvtvT-s2G8OMEx
data_promo_list.xlsx,11,Greedy Big Fat Cat EDC Haptic Slider PEI Mechanical Fidget Toys ADHD Anti-Anxiety Tool Office Stress Relief Toys Adult Gift,14885712112,TIDAK,API_ERROR,Kod API: InvalidApiPath - The specified API Path is invalid,⚠️ PERLU SEMAKAN (Ralat API),https://s.lazada.com.my/s.Zd0wD9?c=c&t=p-iGFOviq-s2FrPBlu,https://s.lazada.com.my/s.Zd0wD9?c=c&t=p-iGFOviq-s2FrPBlu
data_promo_list.xlsx,12,Full Set 18 Pieces AI Mountain Sea Novel Models Collectible Toys Children's Play Variants Rods Plastic Building Blocks Toys,4706852051,TIDAK,API_ERROR,Kod API: InvalidApiPath - The specified API Path is invalid,⚠️ PERLU SEMAKAN (Ralat API),https://s.lazada.com.my/s.Zd0wDk?c=d&t=p-i58XTEZ-sSnUTTr,https://s.lazada.com.my/s.Zd0wDk?c=d&t=p-i58XTEZ-sSnUTTr
data_promo_list.xlsx,13,VTech Ultimate Alphabet Train Ride On Outdoor Toys for Kids 1-3 years Boys Girls Ride-on Walker English Electronic Learning Train Toys Toddler Kids Toys for boys 1 years 2 years 3 years,476960066,TIDAK,API_ERROR,Kod API: InvalidApiPath - The specified API Path is invalid,⚠️ PERLU SEMAKAN (Ralat API),https://s.lazada.com.my/s.Zd0wDP?c=c&t=p-iWHH6I-sIhtfv9,https://s.lazada.com.my/s.Zd0wDP?c=c&t=p-iWHH6I-sIhtfv9
data_promo_list.xlsx,14,TAOXIAOHE | Transparent Acrylic Display Box For Plush Toys,4829330144,TIDAK,API_ERROR,Kod API: InvalidApiPath - The specified API Path is invalid,⚠️ PERLU SEMAKAN (Ralat API),https://s.lazada.com.my/s.Zd0wDv?c=c&t=p-i5GpNNg-s2Fw9paK,https://s.lazada.com.my/s.Zd0wDv?c=c&t=p-i5GpNNg-s2Fw9paK
data_promo_list.xlsx,15,Jellycat Malachy Dragon Soft Sage Green Plush Toy With Pink Spines Curled Up Cuddle Buddy For Newborn Baby Gift,14936811413,TIDAK,API_ERROR,Kod API: InvalidApiPath - The specified API Path is invalid,⚠️ PERLU SEMAKAN (Ralat API),https://s.lazada.com.my/s.Zd0wDE?c=d&t=p-iGIrKz7-s2G7ywh4,https://s.lazada.com.my/s.Zd0wDE?c=d&t=p-iGIrKz7-s2G7ywh4
data_promo_list.xlsx,16,MAIYUQI | Moveable Storage Box for Toys and Miscellaneous Items Large,14880985226,TIDAK,API_ERROR,Kod API: InvalidApiPath - The specified API Path is invalid,⚠️ PERLU SEMAKAN (Ralat API),https://s.lazada.com.my/s.Zd0wDw?c=d&t=p-iGF562k-s2FnkrW0,https://s.lazada.com.my/s.Zd0wDw?c=d&t=p-iGF562k-s2FnkrW0
data_promo_list.xlsx,17,Pokemon Eeveelution Espeon Sylveon Glaceon Leafeon Vaporeon Umbreon Flareon Anime Figure Model Blind Box Toys Birthday Gifts,14870767166,TIDAK,API_ERROR,Kod API: InvalidApiPath - The specified API Path is invalid,⚠️ PERLU SEMAKAN (Ralat API),https://s.lazada.com.my/s.Zd0wDD?c=c&t=p-iGEODrK-s2FeoTsI,https://s.lazada.com.my/s.Zd0wDD?c=c&t=p-iGEODrK-s2FeoTsI
data_promo_list.xlsx,18,Jellycat Bartholomew Bear Winter Pyjamas Soft Plush Toy With Personalized Embroidery Service,14955644416,TIDAK,API_ERROR,Kod API: InvalidApiPath - The specified API Path is invalid,⚠️ PERLU SEMAKAN (Ralat API),https://s.lazada.com.my/s.Zd0wDC?c=c&t=p-iGK8MJE-s2GDHMvO,https://s.lazada.com.my/s.Zd0wDC?c=c&t=p-iGK8MJE-s2GDHMvO
data_promo_list.xlsx,19,JIHU | Girl's Birthday Present Toys for Ages 6 and Up,14840001906,TIDAK,API_ERROR,Kod API: InvalidApiPath - The specified API Path is invalid,⚠️ PERLU SEMAKAN (Ralat API),https://s.lazada.com.my/s.Zd0wDz?c=c&t=p-iGCJ8PS-s2F9zHJf,https://s.lazada.com.my/s.Zd0wDz?c=c&t=p-iGCJ8PS-s2F9zHJf
data_promo_list.xlsx,20,(EPOCH) Whipple Sumikko Gurashi Macaron Set W-123 Ages 8 and up Toys(/ Shipped from Japan / Japanese Quality / Japanese Brand),4659229203,TIDAK,API_ERROR,Kod API: InvalidApiPath - The specified API Path is invalid,⚠️ PERLU SEMAKAN (Ralat API),https://s.lazada.com.my/s.Zd0wx6?c=d&t=p-i55JeM7-sSYYTPv,https://s.lazada.com.my/s.Zd0wx6?c=d&t=p-i55JeM7-sSYYTPv
data_promo_list.xlsx,21,hot toys | Scream KO Ghost Face Killer Articulated Action Figure 18CM Boxed Scream PVC Action Figures Collectible Model Toys Gift,14926581364,TIDAK,API_ERROR,Kod API: InvalidApiPath - The specified API Path is invalid,⚠️ PERLU SEMAKAN (Ralat API),https://s.lazada.com.my/s.Zd0wxh?c=d&t=p-iGIAPgK-s2G3v5VI,https://s.lazada.com.my/s.Zd0wxh?c=d&t=p-iGIAPgK-s2G3v5VI
data_promo_list.xlsx,22,Montessori Early Education Shape Matching Educational Toys,14945882544,TIDAK,API_ERROR,Kod API: InvalidApiPath - The specified API Path is invalid,⚠️ PERLU SEMAKAN (Ralat API),https://s.lazada.com.my/s.Zd0wx7?c=d&t=p-iGJTOng-s2GAcRYB,https://s.lazada.com.my/s.Zd0wx7?c=d&t=p-iGJTOng-s2GAcRYB
data_promo_list.xlsx,23,"Bafada Princess Lisa Happy Paradise makeup set safe and washable box sets gift Girls makeup kit for kids girls  play cosmetics set Children makeup toys,Makeup Set For Kids",941284239,TIDAK,API_ERROR,Kod API: InvalidApiPath - The specified API Path is invalid,⚠️ PERLU SEMAKAN (Ralat API),https://s.lazada.com.my/s.Zd0wx8?c=c&t=p-i11hX1r-sLTXJYZ,https://s.lazada.com.my/s.Zd0wx8?c=c&t=p-i11hX1r-sLTXJYZ
data_promo_list.xlsx,24,"Butter Squishy Toy, Soft Slow Rising Squeeze Butter Squishy, Realistic Texture Sensory Play Toy, Fun Desk Toy for Kids, Teens & Adults (Small)",14923293210,TIDAK,API_ERROR,Kod API: InvalidApiPath - The specified API Path is invalid,⚠️ PERLU SEMAKAN (Ralat API),https://s.lazada.com.my/s.Zd0wxj?c=c&t=p-iGHwcHa-s2G3vzuB,https://s.lazada.com.my/s.Zd0wxj?c=c&t=p-iGHwcHa-s2G3vzuB
data_promo_list.xlsx,25,PicassoTiles 70pc Magnetic Tile Marble Run Building Playset,14939401561,TIDAK,API_ERROR,Kod API: InvalidApiPath - The specified API Path is invalid,⚠️ PERLU SEMAKAN (Ralat API),https://s.lazada.com.my/s.Zd0wxQ?c=c&t=p-iGJ2Cnh-s2G89u2O,https://s.lazada.com.my/s.Zd0wxQ?c=c&t=p-iGJ2Cnh-s2G89u2O
data_promo_list.xlsx,26,VTech Save the Day Fire Station Vehicle Playset with 1 Fire Truck GO! GO! SMART WHEELS Vehicle Playests with Musical Fire Truck Kids Toys Toys for Boys and Girls 1 Years 2 Years 3 Years 4 Years 5 Years,2574955720,TIDAK,API_ERROR,Kod API: InvalidApiPath - The specified API Path is invalid,⚠️ PERLU SEMAKAN (Ralat API),https://s.lazada.com.my/s.Zd0wxu?c=d&t=p-i2oGFbs-sCXSHUg,https://s.lazada.com.my/s.Zd0wxu?c=d&t=p-i2oGFbs-sCXSHUg
data_promo_list.xlsx,27,BEI JESS | Intellectual Adventure Track Car Toys for Children,14934287027,TIDAK,API_ERROR,Kod API: InvalidApiPath - The specified API Path is invalid,⚠️ PERLU SEMAKAN (Ralat API),https://s.lazada.com.my/s.Zd0wxw?c=c&t=p-iGIgkHD-s2G6OX1Z,https://s.lazada.com.my/s.Zd0wxw?c=c&t=p-iGIgkHD-s2G6OX1Z
data_promo_list.xlsx,28,9 IN 1 Transformable Robot Car Model Action Figure Robot Mainan Budak Lelaki Toys Gift for Boys Kids,14888181977,TIDAK,API_ERROR,Kod API: InvalidApiPath - The specified API Path is invalid,⚠️ PERLU SEMAKAN (Ralat API),https://s.lazada.com.my/s.Zd0wxD?c=c&t=p-iGFZIFN-s2FtNhpX,https://s.lazada.com.my/s.Zd0wxD?c=c&t=p-iGFZIFN-s2FtNhpX
data_promo_list.xlsx,29,AULDEY | In Stock Selling Original Super Wings Anime Figurine Hangar Big Transformation Toys Robot Desktop Models Kid Holiday Gifts Hot,14890457217,TIDAK,API_ERROR,Kod API: InvalidApiPath - The specified API Path is invalid,⚠️ PERLU SEMAKAN (Ralat API),https://s.lazada.com.my/s.Zd0wxx?c=c&t=p-iGFiq8n-s2FthXcN,https://s.lazada.com.my/s.Zd0wxx?c=c&t=p-iGFiq8n-s2FthXcN
data_promo_list.xlsx,30,VTech 3 in 1 Starry Skies Sheep Soother Change Projector Pattern New Born Baby Toys Soothing Toys  Projector Crib Toys Soothing Light Projector （with Crying Sensor) Baby Toys Infant Toys for Boys and Girls (0 Months 3 Months 6 Months 9 Months,3259219250,TIDAK,API_ERROR,Kod API: InvalidApiPath - The specified API Path is invalid,⚠️ PERLU SEMAKAN (Ralat API),https://s.lazada.com.my/s.Zd0wxC?c=d&t=p-i3YZLoQ-sIaqOq9,https://s.lazada.com.my/s.Zd0wxC?c=d&t=p-i3YZLoQ-sIaqOq9
data_promo_list.xlsx,31,Q1 Q7 Q9 M1911 Desert EG eagle John Wick shell eject toy toys soft bullet boy toy nerf gun blasters toy gun glock gun plastic model pistol mainan foam transmitter outdoor toys mainan kanak lelaki,14938565280,TIDAK,API_ERROR,Kod API: InvalidApiPath - The specified API Path is invalid,⚠️ PERLU SEMAKAN (Ralat API),https://s.lazada.com.my/s.Zd0wCg?c=d&t=p-iGIyhFI-s2G8dqkX,https://s.lazada.com.my/s.Zd0wCg?c=d&t=p-iGIyhFI-s2G8dqkX
data_promo_list.xlsx,32,VTech 145 Pcs Marble Rush Ultimate Set Marble Run Tracks Building Block Toys STEAM Certification Building Block Set Kids Children Boys Girls 4 years + Electronic Ferris Wheel,2952833194,TIDAK,API_ERROR,Kod API: InvalidApiPath - The specified API Path is invalid,⚠️ PERLU SEMAKAN (Ralat API),https://s.lazada.com.my/s.Zd0wCT?c=c&t=p-i3Dpmnq-sFl2EGp,https://s.lazada.com.my/s.Zd0wCT?c=c&t=p-i3Dpmnq-sFl2EGp
data_promo_list.xlsx,33,Magnetic Puzzle Tiles 40/100/200PCS  Non-Toxic ABS + Super Magnet  Portable Travel Toy  Best for Home/School,4616463557,TIDAK,API_ERROR,Kod API: InvalidApiPath - The specified API Path is invalid,⚠️ PERLU SEMAKAN (Ralat API),https://s.lazada.com.my/s.Zd0wCS?c=c&t=p-i52QD3d-sSNaO1a,https://s.lazada.com.my/s.Zd0wCS?c=c&t=p-i52QD3d-sSNaO1a
data_promo_list.xlsx,34,Bandai | 26cm 10.2 inch Anime Master Roshi Action Figures Pvc Statue Desktop Ornamen Collection Statue Model Decoration Room Desk Toys Ch,14890368402,TIDAK,API_ERROR,Kod API: InvalidApiPath - The specified API Path is invalid,⚠️ PERLU SEMAKAN (Ralat API),https://s.lazada.com.my/s.Zd0wCR?c=c&t=p-iGFiT2I-s2FuFW7A,https://s.lazada.com.my/s.Zd0wCR?c=c&t=p-iGFiT2I-s2FuFW7A
data_promo_list.xlsx,35,NECA Pacific Rim: Storm Red Alert Mech Glowing Version PVC Articulated action figure model trendy toy,14962504888,TIDAK,API_ERROR,Kod API: InvalidApiPath - The specified API Path is invalid,⚠️ PERLU SEMAKAN (Ralat API),https://s.lazada.com.my/s.Zd0wCj?c=d&t=p-iGKb920-s2GEEDOr,https://s.lazada.com.my/s.Zd0wCj?c=d&t=p-iGKb920-s2GEEDOr
data_promo_list.xlsx,36,200/69pcs Magnetic Tiles Building Blocks Marble Run Strong Magnet Plastic Mainan Edukasi for Kids,4732105559,TIDAK,API_ERROR,Kod API: InvalidApiPath - The specified API Path is invalid,⚠️ PERLU SEMAKAN (Ralat API),https://s.lazada.com.my/s.Zd0wCQ?c=d&t=p-i5AFQpD-sT1Ibcf,https://s.lazada.com.my/s.Zd0wCQ?c=d&t=p-i5AFQpD-sT1Ibcf
data_promo_list.xlsx,37,RW-01 Rhino Warrior Kingdom Beast Transformation Rhinox Figure Toys,4304308339,TIDAK,API_ERROR,Kod API: InvalidApiPath - The specified API Path is invalid,⚠️ PERLU SEMAKAN (Ralat API),https://s.lazada.com.my/s.Zd0wCG?c=d&t=p-i4hIRE3-sQUOdb8,https://s.lazada.com.my/s.Zd0wCG?c=d&t=p-i4hIRE3-sQUOdb8
data_promo_list.xlsx,38,Children's Pretend Play Wooden Train Track Set,4312506827,TIDAK,API_ERROR,Kod API: InvalidApiPath - The specified API Path is invalid,⚠️ PERLU SEMAKAN (Ralat API),https://s.lazada.com.my/s.Zd0wCu?c=d&t=p-i4hqq1j-sQXDgBM,https://s.lazada.com.my/s.Zd0wCu?c=d&t=p-i4hqq1j-sQXDgBM
data_promo_list.xlsx,39,Fully automatic 4 Sucking  9 Vibrations Bluetooth Suction Cup Mount Phone Stand mastubrator for men sex for lelaki adults toy men toys for boy adult 飞机杯 toy for adult man  vibrators for men  alat pengocok lelaki  men mastubate cup soft toys for men,4583075624,TIDAK,API_ERROR,Kod API: InvalidApiPath - The specified API Path is invalid,⚠️ PERLU SEMAKAN (Ralat API),https://s.lazada.com.my/s.Zd0wCF?c=d&t=p-i50A7Ka-sSDqqLh,https://s.lazada.com.my/s.Zd0wCF?c=d&t=p-i50A7Ka-sSDqqLh
data_promo_list.xlsx,40,Bandai | 27cm Cloud Track - Super Four Son Goku Dragon Ball Anime Figure Tide Play Gk Model Statue Ornaments Collectibles Boys Toys Gifts,14880770771,TIDAK,API_ERROR,Kod API: InvalidApiPath - The specified API Path is invalid,⚠️ PERLU SEMAKAN (Ralat API),https://s.lazada.com.my/s.Zd0wCv?c=d&t=p-iGF4CFn-s2Fnxblp,https://s.lazada.com.my/s.Zd0wCv?c=d&t=p-iGF4CFn-s2Fnxblp
data_promo_list.xlsx,41,SWM Rak Simpan Mainan Modern Multi Tier Display Rack Book And Toy Storage Cabinet Organizer Space Saving Storage Shelf,14946364272,TIDAK,API_ERROR,Kod API: InvalidApiPath - The specified API Path is invalid,⚠️ PERLU SEMAKAN (Ralat API),https://s.lazada.com.my/s.Zd0wCw?c=d&t=p-iGJVQ7U-s2GAmWyo,https://s.lazada.com.my/s.Zd0wCw?c=d&t=p-iGJVQ7U-s2GAmWyo
data_promo_list.xlsx,42,Mini Portable Game Console 500 Games TV Connection Children's Electronic Toys Power Bank Gift Compact Size Gaming Device,4446892227,TIDAK,API_ERROR,Kod API: InvalidApiPath - The specified API Path is invalid,⚠️ PERLU SEMAKAN (Ralat API),https://s.lazada.com.my/s.Zd0wyV?c=d&t=p-i4qwhoB-sRJu0LW,https://s.lazada.com.my/s.Zd0wyV?c=d&t=p-i4qwhoB-sRJu0LW
data_promo_list.xlsx,43,VTech Twist & Play Cube Shape Sorter toys Early Learning Toys Baby Toys 1-3 Years,4319752397,TIDAK,API_ERROR,Kod API: InvalidApiPath - The specified API Path is invalid,⚠️ PERLU SEMAKAN (Ralat API),https://s.lazada.com.my/s.Zd0wyf?c=d&t=p-i4iLEvl-sQZdG5F,https://s.lazada.com.my/s.Zd0wyf?c=d&t=p-i4iLEvl-sQZdG5F
data_promo_list.xlsx,44,Bandai | 26cm/10.24in Anime Dragon Ball Figure Master Roshi Action Figures Pvc Kame Sennin Statue Collection Model Toys Gifts,14890359555,TIDAK,API_ERROR,Kod API: InvalidApiPath - The specified API Path is invalid,⚠️ PERLU SEMAKAN (Ralat API),https://s.lazada.com.my/s.Zd0wyU?c=c&t=p-iGFiQjb-s2FtbFWa,https://s.lazada.com.my/s.Zd0wyU?c=c&t=p-iGFiQjb-s2FtbFWa
data_promo_list.xlsx,45,Jurassic Park Dinosaur World Building Blocks Tyrannosaurus Rex Bricks Sets Brachiosaurus Boy Toys Children Christmas Gifts,4167827641,TIDAK,API_ERROR,Kod API: InvalidApiPath - The specified API Path is invalid,⚠️ PERLU SEMAKAN (Ralat API),https://s.lazada.com.my/s.Zd0wy5?c=d&t=p-i4Y3mMT-sPmmMNN,https://s.lazada.com.my/s.Zd0wy5?c=d&t=p-i4Y3mMT-sPmmMNN
data_promo_list.xlsx,46,3IN1 Massager g spot vibration woman 10 Licking dildo toys for girl and vibarator for women 10 Vibration Modes vibrater sex women vibrator for girls adults toys women,4219874285,TIDAK,API_ERROR,Kod API: InvalidApiPath - The specified API Path is invalid,⚠️ PERLU SEMAKAN (Ralat API),https://s.lazada.com.my/s.Zd0wy6?c=c&t=p-i4baA4T-sTL2snr,https://s.lazada.com.my/s.Zd0wy6?c=c&t=p-i4baA4T-sTL2snr
data_promo_list.xlsx,47,LIWAN | Transparent Storage Box For Clothes and Toys,4788461091,TIDAK,API_ERROR,Kod API: InvalidApiPath - The specified API Path is invalid,⚠️ PERLU SEMAKAN (Ralat API),https://s.lazada.com.my/s.Zd0wy7?c=c&t=p-i5E3tTP-sTU2Yl0,https://s.lazada.com.my/s.Zd0wy7?c=c&t=p-i5E3tTP-sTU2Yl0
data_promo_list.xlsx,48,LEGO Star Wars Millennium Falcon 75192 Building Kit (7500 Pieces) Construction Sets Building Toys Star Wars Toys Kids Toys Building Blocks,1480660249,TIDAK,API_ERROR,Kod API: InvalidApiPath - The specified API Path is invalid,⚠️ PERLU SEMAKAN (Ralat API),https://s.lazada.com.my/s.Zd0wyH?c=c&t=p-i1cChMv-s5JN9Q8,https://s.lazada.com.my/s.Zd0wyH?c=c&t=p-i1cChMv-s5JN9Q8
data_promo_list.xlsx,49,Herberry Cute Annie Series Dolls Dressed Rait Bunny Plush Toys Birthday Gifts,14961224015,TIDAK,API_ERROR,Kod API: InvalidApiPath - The specified API Path is invalid,⚠️ PERLU SEMAKAN (Ralat API),https://s.lazada.com.my/s.Zd0wyG?c=d&t=p-iGKVlol-s2GDqzM6,https://s.lazada.com.my/s.Zd0wyG?c=d&t=p-iGKVlol-s2GDqzM6
data_promo_list.xlsx,50,Hui Cheng Toys | Ultra Light Clay DIY Hamburger Shop Playset,14946581674,TIDAK,API_ERROR,Kod API: InvalidApiPath - The specified API Path is invalid,⚠️ PERLU SEMAKAN (Ralat API),https://s.lazada.com.my/s.Zd0wyv?c=c&t=p-iGJWKfy-s2GAKRr6,https://s.lazada.com.my/s.Zd0wyv?c=c&t=p-iGJWKfy-s2GAKRr6
data_promo_list.xlsx,51,ASCOR | Transparent Dustproof Display Stand for Handmade Toys and Building Blocks,4773289471,TIDAK,API_ERROR,Kod API: InvalidApiPath - The specified API Path is invalid,⚠️ PERLU SEMAKAN (Ralat API),https://s.lazada.com.my/s.Zd0wyE?c=d&t=p-i5D2Edr-sTNCQss,https://s.lazada.com.my/s.Zd0wyE?c=d&t=p-i5D2Edr-sTNCQss
data_promo_list.xlsx,52,Squishy Butter Stress Relief Toy - Soft & Squeezeable Butter Sensory Fun,14923692616,TIDAK,API_ERROR,Kod API: InvalidApiPath - The specified API Path is invalid,⚠️ PERLU SEMAKAN (Ralat API),https://s.lazada.com.my/s.Zd0wyx?c=c&t=p-iGHyIBc-s2G3w3f5,https://s.lazada.com.my/s.Zd0wyx?c=c&t=p-iGHyIBc-s2G3w3f5
data_promo_list.xlsx,53,100pc Pisau palsu mainan Pisau Prank tipu helah lucu mainan Pisau Pisau ditarik,4669463506,TIDAK,API_ERROR,Kod API: InvalidApiPath - The specified API Path is invalid,⚠️ PERLU SEMAKAN (Ralat API),https://s.lazada.com.my/s.Zd0wyB?c=d&t=p-i560alW-sSbsHHF,https://s.lazada.com.my/s.Zd0wyB?c=d&t=p-i560alW-sSbsHHF
data_promo_list.xlsx,54,52TOYS | Transformable Goat Model Toy,14927261976,TIDAK,API_ERROR,Kod API: InvalidApiPath - The specified API Path is invalid,⚠️ PERLU SEMAKAN (Ralat API),https://s.lazada.com.my/s.Zd0wBT?c=d&t=p-iGIDGjw-s2G3ytJ4,https://s.lazada.com.my/s.Zd0wBT?c=d&t=p-iGIDGjw-s2G3ytJ4
data_promo_list.xlsx,55,Flash sale-localKukaa L40-70cm Foldable Storage Box Snacks Toys Clothes Multi-Layer Storage Box With Rollers 雙卷門儲物箱,14889301843,TIDAK,API_ERROR,Kod API: InvalidApiPath - The specified API Path is invalid,⚠️ PERLU SEMAKAN (Ralat API),https://s.lazada.com.my/s.Zd0wB6?c=d&t=p-iGFdzZj-s2FtA8w7,https://s.lazada.com.my/s.Zd0wB6?c=d&t=p-iGFdzZj-s2FtA8w7
data_promo_list.xlsx,56,Original Authentic KOUCOMI I am the king Series Creative Collecting Figurines Doll Action Figure plush Cute doll plush pendant Toy,14940268202,TIDAK,API_ERROR,Kod API: InvalidApiPath - The specified API Path is invalid,⚠️ PERLU SEMAKAN (Ralat API),https://s.lazada.com.my/s.Zd0wBh?c=c&t=p-iGJ5qFm-s2G89UeC,https://s.lazada.com.my/s.Zd0wBh?c=c&t=p-iGJ5qFm-s2G89UeC
data_promo_list.xlsx,57,Hui Cheng Toys | Educational Ice Cream Machine Toy,14930974932,TIDAK,API_ERROR,Kod API: InvalidApiPath - The specified API Path is invalid,⚠️ PERLU SEMAKAN (Ralat API),https://s.lazada.com.my/s.Zd0wBS?c=d&t=p-iGISqeK-s2G554Yk,https://s.lazada.com.my/s.Zd0wBS?c=d&t=p-iGISqeK-s2G554Yk
data_promo_list.xlsx,58,Bandai | The Amazing Digital Circus Plush Pomni and Jax Plushie Doll Toys Cute Stuffed Animal Birthday for Kids Children Christmas,14922808091,TIDAK,API_ERROR,Kod API: InvalidApiPath - The specified API Path is invalid,⚠️ PERLU SEMAKAN (Ralat API),https://s.lazada.com.my/s.Zd0wBi?c=d&t=p-iGHua55-s2G2pG04,https://s.lazada.com.my/s.Zd0wBi?c=d&t=p-iGHua55-s2G2pG04
data_promo_list.xlsx,59,JIAAI | Mechanical Semi-transparent Extra-large Warship Building Blocks Toys for Boys High Difficulty,14841623194,TIDAK,API_ERROR,Kod API: InvalidApiPath - The specified API Path is invalid,⚠️ PERLU SEMAKAN (Ralat API),https://s.lazada.com.my/s.Zd0wBI?c=d&t=p-iGCPwBG-s2FKMjCr,https://s.lazada.com.my/s.Zd0wBI?c=d&t=p-iGCPwBG-s2FKMjCr
data_promo_list.xlsx,60,52TOYS | Transformable Goat Model Toy,14928900363,TIDAK,API_ERROR,Kod API: InvalidApiPath - The specified API Path is invalid,⚠️ PERLU SEMAKAN (Ralat API),https://s.lazada.com.my/s.Zd0wBH?c=c&t=p-iGIK8xX-s2G54plV,https://s.lazada.com.my/s.Zd0wBH?c=c&t=p-iGIK8xX-s2G54plV
data_promo_list.xlsx,61,KAKABEIER | Hand-Eye Coordination Baby Toys,14938685417,TIDAK,API_ERROR,Kod API: InvalidApiPath - The specified API Path is invalid,⚠️ PERLU SEMAKAN (Ralat API),https://s.lazada.com.my/s.Zd0wBt?c=d&t=p-iGIzCUz-s2G8jwTq,https://s.lazada.com.my/s.Zd0wBt?c=d&t=p-iGIzCUz-s2G8jwTq
data_promo_list.xlsx,62,hot toys | Roof Decoration Doll Base DIY Base Spider-Man Clown Heath Ledger Marvel Comics Suicide Squad Woody Car Base.,14932021653,TIDAK,API_ERROR,Kod API: InvalidApiPath - The specified API Path is invalid,⚠️ PERLU SEMAKAN (Ralat API),https://s.lazada.com.my/s.Zd0wBu?c=c&t=p-iGIXEwv-s2G5ci1L,https://s.lazada.com.my/s.Zd0wBu?c=c&t=p-iGIXEwv-s2G5ci1L
data_promo_list.xlsx,63,City Series Jungle Ruins Exploration Playground Building Blocks Toys,14930869179,TIDAK,API_ERROR,Kod API: InvalidApiPath - The specified API Path is invalid,⚠️ PERLU SEMAKAN (Ralat API),https://s.lazada.com.my/s.Zd0wBv?c=c&t=p-iGISP8d-s2G5Kq96,https://s.lazada.com.my/s.Zd0wBv?c=c&t=p-iGISP8d-s2G5Kq96
data_promo_list.xlsx,64,Fork Slider EDC Fidget Toys Stainless Steel Magnetic Haptic Slider Tuning Fork Fidget Slider ADHD Anti-Anxiety Tools Gift,14877562316,TIDAK,API_ERROR,Kod API: InvalidApiPath - The specified API Path is invalid,⚠️ PERLU SEMAKAN (Ralat API),https://s.lazada.com.my/s.Zd0wBE?c=c&t=p-iGEqjaW-s2Fk7otQ,https://s.lazada.com.my/s.Zd0wBE?c=c&t=p-iGEqjaW-s2Fk7otQ
data_promo_list.xlsx,65,VTech Spidey Learning Laptop Kids Laptop Toys 15 Learning Games Learn with Spidey and Friends 3-6 Years Kids Toys,4667227721,TIDAK,API_ERROR,Kod API: InvalidApiPath - The specified API Path is invalid,⚠️ PERLU SEMAKAN (Ralat API),https://s.lazada.com.my/s.Zd0wzV?c=d&t=p-i55rD8T-sSb0YaH,https://s.lazada.com.my/s.Zd0wzV?c=d&t=p-i55rD8T-sSb0YaH
data_promo_list.xlsx,66,【Trending Now】 Yu-Gi-Oh 5Ds flash Black Rose Stardust Dragon Archfiend DIY Relief series Anime Collection Action Toy Figures Gifts,14932824284,TIDAK,API_ERROR,Kod API: InvalidApiPath - The specified API Path is invalid,⚠️ PERLU SEMAKAN (Ralat API),https://s.lazada.com.my/s.Zd0wzf?c=c&t=p-iGIabka-s2G5fCxO,https://s.lazada.com.my/s.Zd0wzf?c=c&t=p-iGIabka-s2G5fCxO
data_promo_list.xlsx,67,"Butter Squishy, Soft Slow Rising Squeeze Toys, Butter Stick Squishy Fidget Toys and Stress Balls Squishies for Office Desk Toys, Party Favors & Birthday Gifts(Yellow)",14923279688,TIDAK,API_ERROR,Kod API: InvalidApiPath - The specified API Path is invalid,⚠️ PERLU SEMAKAN (Ralat API),https://s.lazada.com.my/s.Zd0wzU?c=d&t=p-iGHwYlU-s2G3w5hm,https://s.lazada.com.my/s.Zd0wzU?c=d&t=p-iGHwYlU-s2G3w5hm
data_promo_list.xlsx,68,Hot Wheels Racing Formula 1 Sprint Race Circuit Track Set With 3 Die-Cast Toy Cars (JDY15),4669311326,TIDAK,API_ERROR,Kod API: InvalidApiPath - The specified API Path is invalid,⚠️ PERLU SEMAKAN (Ralat API),https://s.lazada.com.my/s.Zd0wzg?c=d&t=p-i55zxB0-sSbq0Oo,https://s.lazada.com.my/s.Zd0wzg?c=d&t=p-i55zxB0-sSbq0Oo
data_promo_list.xlsx,69,Magnetic Transformable Robot Toys Mainan Robot Car Building Block 9 IN 1 Sliver/Red/White Kids Gift,14888446496,TIDAK,API_ERROR,Kod API: InvalidApiPath - The specified API Path is invalid,⚠️ PERLU SEMAKAN (Ralat API),https://s.lazada.com.my/s.Zd0wzh?c=d&t=p-iGFaP3o-s2FstklD,https://s.lazada.com.my/s.Zd0wzh?c=d&t=p-iGFaP3o-s2FstklD
data_promo_list.xlsx,70,WANJUTEGONGDUI | Magnetic STEM Construction Train Toys,14938690508,TIDAK,API_ERROR,Kod API: InvalidApiPath - The specified API Path is invalid,⚠️ PERLU SEMAKAN (Ralat API),https://s.lazada.com.my/s.Zd0wzq?c=c&t=p-iGIzDp6-s2G7XLOX,https://s.lazada.com.my/s.Zd0wzq?c=c&t=p-iGIzDp6-s2G7XLOX
data_promo_list.xlsx,71,[Ready Stock] PLAYMART 'Traditional Chinese Zhua Zhou Play Set' (3 yrs) Mainan Kayu Belajar Sambil Main Latih Tangan Mainan Budak,4798385192,TIDAK,API_ERROR,Kod API: InvalidApiPath - The specified API Path is invalid,⚠️ PERLU SEMAKAN (Ralat API),https://s.lazada.com.my/s.Zd0wzr?c=d&t=p-i5EjXBY-sTYIHOi,https://s.lazada.com.my/s.Zd0wzr?c=d&t=p-i5EjXBY-sTYIHOi
data_promo_list.xlsx,72,hot toys | 2026 New Toy Paris Love City Boys and Girls Set Valentine's Day Birthday Gift Home Decoration(Building Blocks Only),14929320669,TIDAK,API_ERROR,Kod API: InvalidApiPath - The specified API Path is invalid,⚠️ PERLU SEMAKAN (Ralat API),https://s.lazada.com.my/s.Zd0wzI?c=c&t=p-iGILuIf-s2G5GM1h,https://s.lazada.com.my/s.Zd0wzI?c=c&t=p-iGILuIf-s2G5GM1h
data_promo_list.xlsx,73,Trending Boys Birthday Gift Toys,14843150282,TIDAK,API_ERROR,Kod API: InvalidApiPath - The specified API Path is invalid,⚠️ PERLU SEMAKAN (Ralat API),https://s.lazada.com.my/s.Zd0wzH?c=d&t=p-iGCWLRi-s2FCXlSs,https://s.lazada.com.my/s.Zd0wzH?c=d&t=p-iGCWLRi-s2FCXlSs
data_promo_list.xlsx,74,LemonU Baby Magnetic Electric Track Car Anti Gravity Building Blocks Mainan Trek Magnet Elektrik,14946399486,TIDAK,API_ERROR,Kod API: InvalidApiPath - The specified API Path is invalid,⚠️ PERLU SEMAKAN (Ralat API),https://s.lazada.com.my/s.Zd0wzt?c=d&t=p-iGJVZHS-s2GB3McP,https://s.lazada.com.my/s.Zd0wzt?c=d&t=p-iGJVZHS-s2GB3McP
data_promo_list.xlsx,75,Rose Vibration g spot vibration woman 10 Species Tongue Licking 10 Species Vibration dildo toys for girl 按摩棒女用 vibrater sex women vibrator for girls,4675532103,TIDAK,API_ERROR,Kod API: InvalidApiPath - The specified API Path is invalid,⚠️ PERLU SEMAKAN (Ralat API),https://s.lazada.com.my/s.Zd0wzG?c=d&t=p-i56Q3U7-sSddRqR,https://s.lazada.com.my/s.Zd0wzG?c=d&t=p-i56Q3U7-sSddRqR
data_promo_list.xlsx,76,✈️Fast Shipping✈️ Kids Ride On Electric Motorcycle 6V Motor Polis Kanak Kanak A608MT Motor Mainan Elektrik Motor,3227750938,TIDAK,API_ERROR,Kod API: InvalidApiPath - The specified API Path is invalid,⚠️ PERLU SEMAKAN (Ralat API),https://s.lazada.com.my/s.Zd0wzu?c=d&t=p-i3WRJT0-sI8wp5K,https://s.lazada.com.my/s.Zd0wzu?c=d&t=p-i3WRJT0-sI8wp5K
data_promo_list.xlsx,77,52TOYS | Disguise Plush Hanging Ornament,14958087542,TIDAK,API_ERROR,Kod API: InvalidApiPath - The specified API Path is invalid,⚠️ PERLU SEMAKAN (Ralat API),https://s.lazada.com.my/s.Zd0wAW?c=c&t=p-iGKIbsU-s2GDNFsf,https://s.lazada.com.my/s.Zd0wAW?c=c&t=p-iGKIbsU-s2GDNFsf
data_promo_list.xlsx,78,KAKABEIER | Role Playing Kitchen Set Toys,14938786072,TIDAK,API_ERROR,Kod API: InvalidApiPath - The specified API Path is invalid,⚠️ PERLU SEMAKAN (Ralat API),https://s.lazada.com.my/s.Zd0wAe?c=c&t=p-iGIzcgS-s2G8NoVu,https://s.lazada.com.my/s.Zd0wAe?c=c&t=p-iGIzcgS-s2G8NoVu
data_promo_list.xlsx,79,PRETTY LOVE - Wild Rabbit Wireless Remote-Controlled Vibration Wearable (Chargeable - Purple) Adult Sex Toy Masturbation Vibrating Massager Toys For Couples,14911553077,TIDAK,API_ERROR,Kod API: InvalidApiPath - The specified API Path is invalid,⚠️ PERLU SEMAKAN (Ralat API),https://s.lazada.com.my/s.Zd0wAV?c=c&t=p-iGH9M8b-s2G0fnWk,https://s.lazada.com.my/s.Zd0wAV?c=c&t=p-iGH9M8b-s2G0fnWk
data_promo_list.xlsx,80,Teeker Plush Dog Doll Pillow Soft Stuffed Long Pillow Cute Cartoon Dog Stuffed Animal Toy Body Pillow,2894987929,TIDAK,API_ERROR,Kod API: InvalidApiPath - The specified API Path is invalid,⚠️ PERLU SEMAKAN (Ralat API),https://s.lazada.com.my/s.Zd0wAf?c=d&t=p-i39v4bh-sFHkQK8,https://s.lazada.com.my/s.Zd0wAf?c=d&t=p-i39v4bh-sFHkQK8
data_promo_list.xlsx,81,PRETTY LOVE - Dancing Butterfly Wireless Remote-Controlled Vibration Wearable (Chargeable - Purple) Adult Sex Toy Masturbation Vibrating Massager Toys For Couples,14911553084,TIDAK,API_ERROR,Kod API: InvalidApiPath - The specified API Path is invalid,⚠️ PERLU SEMAKAN (Ralat API),https://s.lazada.com.my/s.Zd0wA5?c=c&t=p-iGH9M8i-s2G0fo3m,https://s.lazada.com.my/s.Zd0wA5?c=c&t=p-iGH9M8i-s2G0fo3m
data_promo_list.xlsx,82,Bandai | Chucky Good Guys Figure He Wants You Be A Best Friend Chucky Figure Real Clothes Horror Toys Doll Christmas Gifts,14890232812,TIDAK,API_ERROR,Kod API: InvalidApiPath - The specified API Path is invalid,⚠️ PERLU SEMAKAN (Ralat API),https://s.lazada.com.my/s.Zd0wAg?c=d&t=p-iGFhtlM-s2FtevBg,https://s.lazada.com.my/s.Zd0wAg?c=d&t=p-iGFhtlM-s2FtevBg
data_promo_list.xlsx,83,SW02 Transformation Toys Autobot Ironhide SS84 Ratchet Bumblebee SS82 Deformation Movable Toy Figurine Model,4304469022,TIDAK,API_ERROR,Kod API: InvalidApiPath - The specified API Path is invalid,⚠️ PERLU SEMAKAN (Ralat API),https://s.lazada.com.my/s.Zd0wAK?c=c&t=p-i4hJ71i-sQUPrtl,https://s.lazada.com.my/s.Zd0wAK?c=c&t=p-i4hJ71i-sQUPrtl
data_promo_list.xlsx,84,Suction Vibrator/Remote VibratorAPP Control 6 Rotating Telescopic+Voice sex things man sex for lelaki Mastubrator for men 飞机杯真人倒膜toys for boy adult男用飞机杯toy for adult man飞机杯male sex toy cup vibrate massager adults toy men sex toy men viberate sex men toys,14937072674,TIDAK,API_ERROR,Kod API: InvalidApiPath - The specified API Path is invalid,⚠️ PERLU SEMAKAN (Ralat API),https://s.lazada.com.my/s.Zd0wAq?c=c&t=p-iGIsQx0-s2G7s6Eq,https://s.lazada.com.my/s.Zd0wAq?c=c&t=p-iGIsQx0-s2G7s6Eq
data_promo_list.xlsx,85,HUI NA TOYS | 4WD Multi-Function Remote Control Construction Toy Car,14875630279,TIDAK,API_ERROR,Kod API: InvalidApiPath - The specified API Path is invalid,⚠️ PERLU SEMAKAN (Ralat API),https://s.lazada.com.my/s.Zd0wAr?c=c&t=p-iGEicyd-s2FjBzXb,https://s.lazada.com.my/s.Zd0wAr?c=c&t=p-iGEicyd-s2FjBzXb
data_promo_list.xlsx,86,Hui Cheng Toys | Educational Train Set Toy,14865227554,TIDAK,API_ERROR,Kod API: InvalidApiPath - The specified API Path is invalid,⚠️ PERLU SEMAKAN (Ralat API),https://s.lazada.com.my/s.Zd0wAI?c=c&t=p-iGE0ykk-s2FaH3bN,https://s.lazada.com.my/s.Zd0wAI?c=c&t=p-iGE0ykk-s2FaH3bN
data_promo_list.xlsx,87,LULU Cup - Three Kingdoms Dual Sucking Masturbator (Da Qiao Edition) Adult Sex Toy Masturbation Vibrating Massager Toys For Couples,14943879152,TIDAK,API_ERROR,Kod API: InvalidApiPath - The specified API Path is invalid,⚠️ PERLU SEMAKAN (Ralat API),https://s.lazada.com.my/s.Zd0wAs?c=d&t=p-iGJKzcu-s2GALSyF,https://s.lazada.com.my/s.Zd0wAs?c=d&t=p-iGJKzcu-s2GALSyF
data_promo_list.xlsx,88,LEGO DUPLO Classic Brick Box 10913 Building Toy (65 Pieces),714506970,TIDAK,API_ERROR,Kod API: InvalidApiPath - The specified API Path is invalid,⚠️ PERLU SEMAKAN (Ralat API),https://s.lazada.com.my/s.Zd0Dac?c=c&t=p-imLzty-s1hodJQ,https://s.lazada.com.my/s.Zd0Dac?c=c&t=p-imLzty-s1hodJQ
data_promo_list.xlsx,89,LIWAN | Mini Real Cooking Simulation Kitchen Toys,4788522000,TIDAK,API_ERROR,Kod API: InvalidApiPath - The specified API Path is invalid,⚠️ PERLU SEMAKAN (Ralat API),https://s.lazada.com.my/s.Zd0DaX?c=c&t=p-i5E49Jo-sTUFdmd,https://s.lazada.com.my/s.Zd0DaX?c=c&t=p-i5E49Jo-sTUFdmd
data_promo_list.xlsx,90,hot toys | Anime Mem Cho Cosplay Anime Oshi No Ko Costume Skirt Blonde Hair Headwear Mem Wig Halloween Cho Mem Cosplay Costume,14881096604,TIDAK,API_ERROR,Kod API: InvalidApiPath - The specified API Path is invalid,⚠️ PERLU SEMAKAN (Ralat API),https://s.lazada.com.my/s.Zd0Da2?c=c&t=p-iGF5Z1A-s2FoKG1R,https://s.lazada.com.my/s.Zd0Da2?c=c&t=p-iGF5Z1A-s2FoKG1R
data_promo_list.xlsx,91,Magnetic blocks children's toys magnetic pieces puzzle puzzle early education multi-function DIY assembly,4588258292,TIDAK,API_ERROR,Kod API: InvalidApiPath - The specified API Path is invalid,⚠️ PERLU SEMAKAN (Ralat API),https://s.lazada.com.my/s.Zd0DaW?c=c&t=p-i50Vra0-sSFwTf8,https://s.lazada.com.my/s.Zd0DaW?c=c&t=p-i50Vra0-sSFwTf8
data_promo_list.xlsx,92,Big Water Play Toys Housekeeping Dishwasher,14958758677,TIDAK,API_ERROR,Kod API: InvalidApiPath - The specified API Path is invalid,⚠️ PERLU SEMAKAN (Ralat API),https://s.lazada.com.my/s.Zd0DaV?c=c&t=p-iGKLQTF-s2GDNqx2,https://s.lazada.com.my/s.Zd0DaV?c=c&t=p-iGKLQTF-s2GDNqx2
data_promo_list.xlsx,93,Jellycat Odell Octopus Plushie Cuddly Sea Animal Toy Gift Free Jellycat Blue Dust Bag,14962529987,TIDAK,API_ERROR,Kod API: InvalidApiPath - The specified API Path is invalid,⚠️ PERLU SEMAKAN (Ralat API),https://s.lazada.com.my/s.Zd0Da4?c=c&t=p-iGKbFYp-s2GEKRdC,https://s.lazada.com.my/s.Zd0Da4?c=c&t=p-iGKbFYp-s2GEKRdC
data_promo_list.xlsx,94,"Whack A Mole Game, Toys for 3+ Year Old Boys/Girls, Whack A Mole Game for Toddlers, Pounding Toy for 3 4 5 6 7 8+ Kids, Interactive Educational Toys with Sound and Light, PK Mode with 2 Hammers",3165504046,TIDAK,API_ERROR,Kod API: InvalidApiPath - The specified API Path is invalid,⚠️ PERLU SEMAKAN (Ralat API),https://s.lazada.com.my/s.Zd0Dan?c=d&t=p-i3SE8Cs-sO0dwuE,https://s.lazada.com.my/s.Zd0Dan?c=d&t=p-i3SE8Cs-sO0dwuE
data_promo_list.xlsx,95,Yimi | Smart Stunt Water Gun Remote Control Toys,14964778381,TIDAK,API_ERROR,Kod API: InvalidApiPath - The specified API Path is invalid,⚠️ PERLU SEMAKAN (Ralat API),https://s.lazada.com.my/s.Zd0DaM?c=c&t=p-iGKkgTF-s2GErFLu,https://s.lazada.com.my/s.Zd0DaM?c=c&t=p-iGKkgTF-s2GErFLu
data_promo_list.xlsx,96,Rak Pameran Multi-Layer Kids Book Cabinet Toys Storage Rack Ins Modern Design Corner Display Bookshelf Home Organizer,4779651801,TIDAK,API_ERROR,Kod API: InvalidApiPath - The specified API Path is invalid,⚠️ PERLU SEMAKAN (Ralat API),https://s.lazada.com.my/s.Zd0DaL?c=c&t=p-i5DSvm5-sTPwE5S,https://s.lazada.com.my/s.Zd0DaL?c=c&t=p-i5DSvm5-sTPwE5S
data_promo_list.xlsx,97,Original Authentic POP MART HIRONO ROAD JOURNAL Series Creative Collecting Figurines Doll Action Figure vinyl doll plush pendant TOY,14943144373,TIDAK,API_ERROR,Kod API: InvalidApiPath - The specified API Path is invalid,⚠️ PERLU SEMAKAN (Ralat API),https://s.lazada.com.my/s.Zd0DaK?c=d&t=p-iGJHuTd-s2G97YtK,https://s.lazada.com.my/s.Zd0DaK?c=d&t=p-iGJHuTd-s2G97YtK
data_promo_list.xlsx,98,PALONG | Gift Car Set Toys for Boys 3-6 Years,14930897083,TIDAK,API_ERROR,Kod API: InvalidApiPath - The specified API Path is invalid,⚠️ PERLU SEMAKAN (Ralat API),https://s.lazada.com.my/s.Zd0DaJ?c=c&t=p-iGISWOh-s2G5LSdc,https://s.lazada.com.my/s.Zd0DaJ?c=c&t=p-iGISWOh-s2G5LSdc
data_promo_list.xlsx,99,New Collection 2005 Norwegian Krone 50 banknote with green floral design and portrait. Toys & Games > Action Figures & Collectibles.,4084140452,TIDAK,API_ERROR,Kod API: InvalidApiPath - The specified API Path is invalid,⚠️ PERLU SEMAKAN (Ralat API),https://s.lazada.com.my/s.Zd0Dar?c=d&t=p-i4SOdV6-sPFd4Po,https://s.lazada.com.my/s.Zd0Dar?c=d&t=p-i4SOdV6-sPFd4Po
data_promo_list.xlsx,100,hot toys | Happy Halloween Neon Sign Led Lights Gothic Art Letter Room Decoration For Halloween Party Bar Home Bedroom Club Dimmable Lamp,14880836940,TIDAK,API_ERROR,Kod API: InvalidApiPath - The specified API Path is invalid,⚠️ PERLU SEMAKAN (Ralat API),https://s.lazada.com.my/s.Zd0DZ1?c=c&t=p-iGF4TT2-s2Fo6S2k,https://s.lazada.com.my/s.Zd0DZ1?c=c&t=p-iGF4TT2-s2Fo6S2k
data_promo_list.xlsx,101,Rak Pameran Berdiri Lantai Buku & Mainan Kanak Ins Style Floor Standing Display Rack Multi-Layer Bookshelf Mini Books Cabinet Kids Toys Storage Organizer Children Bedroom Study Desk Corner Shelf,4706178298,TIDAK,API_ERROR,Kod API: InvalidApiPath - The specified API Path is invalid,⚠️ PERLU SEMAKAN (Ralat API),https://s.lazada.com.my/s.Zd0DZ3?c=c&t=p-i58Udxa-sSnHMlX,https://s.lazada.com.my/s.Zd0DZ3?c=c&t=p-i58Udxa-sSnHMlX
data_promo_list.xlsx,102,PALONG | Intellectual Educational Toy Bow for Boys,4806995185,TIDAK,API_ERROR,Kod API: InvalidApiPath - The specified API Path is invalid,⚠️ PERLU SEMAKAN (Ralat API),https://s.lazada.com.my/s.Zd0DZe?c=c&t=p-i5FJf2P-sU1EUpW,https://s.lazada.com.my/s.Zd0DZe?c=c&t=p-i5FJf2P-sU1EUpW
data_promo_list.xlsx,103,1/10 Kyosho HPI Traxxas Monster Mk2 Tamiya Axial Remote Control Car Upgrade Parts Wheels for Boys And Girls Plastic Toys,14836908980,TIDAK,API_ERROR,Kod API: InvalidApiPath - The specified API Path is invalid,⚠️ PERLU SEMAKAN (Ralat API),https://s.lazada.com.my/s.Zd0DZU?c=c&t=p-iGC69nY-s2F7y3sr,https://s.lazada.com.my/s.Zd0DZU?c=c&t=p-iGC69nY-s2F7y3sr
data_promo_list.xlsx,104,Toys R Us | Kids Coloring & Drawing Starter Kit,14924259456,TIDAK,API_ERROR,Kod API: InvalidApiPath - The specified API Path is invalid,⚠️ PERLU SEMAKAN (Ralat API),https://s.lazada.com.my/s.Zd0DZM?c=c&t=p-iGI0feC-s2G4G56n,https://s.lazada.com.my/s.Zd0DZM?c=c&t=p-iGI0feC-s2G4G56n
data_promo_list.xlsx,105,Ghost Fidget Slider Tuning Fork Slider Metal Fidget Toys EDC Fidget Toys Metal Office Desk Toys Adult Stress Relief Toys Gifts,14875576123,TIDAK,API_ERROR,Kod API: InvalidApiPath - The specified API Path is invalid,⚠️ PERLU SEMAKAN (Ralat API),https://s.lazada.com.my/s.Zd0DZp?c=d&t=p-iGEiOt9-s2Fj9BFe,https://s.lazada.com.my/s.Zd0DZp?c=d&t=p-iGEiOt9-s2Fj9BFe
data_promo_list.xlsx,106,Sanrio | IN STOCK Kawaii Sanrio Hello Kitty Flip Phone Cartoon Cute Children White Pink Mini Phone Birthday Gifts For Kids Toys For Girls,14955958395,TIDAK,API_ERROR,Kod API: InvalidApiPath - The specified API Path is invalid,⚠️ PERLU SEMAKAN (Ralat API),https://s.lazada.com.my/s.Zd0DZK?c=d&t=p-iGK9fzP-s2GCUdQX,https://s.lazada.com.my/s.Zd0DZK?c=d&t=p-iGK9fzP-s2GCUdQX
data_promo_list.xlsx,107,Iconix Korea 6 PCS Tayo Special The Little Bus Friends Set Pull-Backs Vehicle Playsets UP,110410645,TIDAK,API_ERROR,Kod API: InvalidApiPath - The specified API Path is invalid,⚠️ PERLU SEMAKAN (Ralat API),https://s.lazada.com.my/s.Zd0DZq?c=d&t=p-i7TGqr-sP1vfso,https://s.lazada.com.my/s.Zd0DZq?c=d&t=p-i7TGqr-sP1vfso
data_promo_list.xlsx,108,180cm/1.8m Extra Large Love Teddy Bear with Ribbon Plush Toys Kids Doll Anak Patung Beruang Comel Bear Besar Birthday Gift Valentine Gift Surprise Delivevry,762300027,TIDAK,API_ERROR,Kod API: InvalidApiPath - The specified API Path is invalid,⚠️ PERLU SEMAKAN (Ralat API),https://s.lazada.com.my/s.Zd0DZJ?c=c&t=p-ipaX3j-sHf82iI,https://s.lazada.com.my/s.Zd0DZJ?c=c&t=p-ipaX3j-sHf82iI
data_promo_list.xlsx,109,"I know 3 IN 1 Multi-functional Music Walker for baby, Toddler. Activity table, Sit to stand early learning, education toys, gift for boys, girls.",4666404114,TIDAK,API_ERROR,Kod API: InvalidApiPath - The specified API Path is invalid,⚠️ PERLU SEMAKAN (Ralat API),https://s.lazada.com.my/s.Zd0D00?c=c&t=p-i55nksU-sSahIcZ,https://s.lazada.com.my/s.Zd0D00?c=c&t=p-i55nksU-sSahIcZ
data_promo_list.xlsx,110,"Goodpick Cube Storage Bins - Towel, Book, Cloth, Shoes, Closet Shelf Woven Baskets for Office, Baby Laundry, Toys, 13''x10''x9''",4682311474,TIDAK,API_ERROR,Kod API: InvalidApiPath - The specified API Path is invalid,⚠️ PERLU SEMAKAN (Ralat API),https://s.lazada.com.my/s.Zd0D0Y?c=c&t=p-i56sV6o-sSfRzDf,https://s.lazada.com.my/s.Zd0D0Y?c=c&t=p-i56sV6o-sSfRzDf
data_promo_list.xlsx,111,hot toys | Hot mov Iron Man MK85 Mystic Storm SD Q Version Painted Assembled Collectible Action Figure For Anime Fans Kids Collection Gifts,14890271535,TIDAK,API_ERROR,Kod API: InvalidApiPath - The specified API Path is invalid,⚠️ PERLU SEMAKAN (Ralat API),https://s.lazada.com.my/s.Zd0D01?c=c&t=p-iGFi3pv-s2FtZGhq,https://s.lazada.com.my/s.Zd0D01?c=c&t=p-iGFi3pv-s2FtZGhq
data_promo_list_07.xlsx,2,JOJO CASTLE Kawaii Fluffy Capybara Plush Transformation Capybara Dolls 25/35cm Stuffed Toy High Quality Cartoon  Animals Girls Birthday Gifts Decor  水豚鼠 卡皮巴拉,4143864081,TIDAK,API_ERROR,Kod API: InvalidApiPath - The specified API Path is invalid,⚠️ PERLU SEMAKAN (Ralat API),https://s.lazada.com.my/s.ZdY0qV?c=d&t=p-i4WRELR-sPeL5l4,https://s.lazada.com.my/s.ZdY0qV?c=d&t=p-i4WRELR-sPeL5l4
data_promo_list_07.xlsx,3,LEGO Super Heroes DC 76332 The Batman Batmobile (330 Pieces),14838161560,TIDAK,API_ERROR,Kod API: InvalidApiPath - The specified API Path is invalid,⚠️ PERLU SEMAKAN (Ralat API),https://s.lazada.com.my/s.ZdY0q4?c=c&t=p-iGCBPeS-s2F950A1,https://s.lazada.com.my/s.ZdY0q4?c=c&t=p-iGCBPeS-s2F950A1
data_promo_list_07.xlsx,4,LEGO Botanicals 10349 Happy Plants (217 Pieces),4523291028,TIDAK,API_ERROR,Kod API: InvalidApiPath - The specified API Path is invalid,⚠️ PERLU SEMAKAN (Ralat API),https://s.lazada.com.my/s.ZdY0qU?c=c&t=p-i4w7Gcu-sRtv9LY,https://s.lazada.com.my/s.ZdY0qU?c=c&t=p-i4w7Gcu-sRtv9LY
data_promo_list_07.xlsx,5,Mideer Big Size Magic Water Doodle Mat - The Very Hungry Caterpillar,4188134410,TIDAK,API_ERROR,Kod API: InvalidApiPath - The specified API Path is invalid,⚠️ PERLU SEMAKAN (Ralat API),https://s.lazada.com.my/s.ZdY0qN?c=d&t=p-i4ZQz50-sQVkdI0,https://s.lazada.com.my/s.ZdY0qN?c=d&t=p-i4ZQz50-sQVkdI0
data_promo_list_07.xlsx,6,"[NEW] Barbie Basics Collectible Doll, Model 06 With Brunette Hair in Shimmery Golden Skirt & Halter (JJX25)",14914776837,TIDAK,API_ERROR,Kod API: InvalidApiPath - The specified API Path is invalid,⚠️ PERLU SEMAKAN (Ralat API),https://s.lazada.com.my/s.ZdY0qn?c=c&t=p-iGHMsmj-s2G1GkvT,https://s.lazada.com.my/s.ZdY0qn?c=c&t=p-iGHMsmj-s2G1GkvT
data_promo_list_07.xlsx,7,VTech Ultimate Alphabet Train Ride On Outdoor Toys for Kids 1-3 years Boys Girls Ride-on Walker English Electronic Learning Train Toys Toddler Kids Toys for boys 1 years 2 years 3 years,476960066,TIDAK,API_ERROR,Kod API: InvalidApiPath - The specified API Path is invalid,⚠️ PERLU SEMAKAN (Ralat API),https://s.lazada.com.my/s.ZdY0qL?c=d&t=p-iWHH6I-sIhtfv9,https://s.lazada.com.my/s.ZdY0qL?c=d&t=p-iWHH6I-sIhtfv9
data_promo_list_07.xlsx,8,LEGO Icons Sherlock Holmes: Book Nook 10351,14924197333,TIDAK,API_ERROR,Kod API: InvalidApiPath - The specified API Path is invalid,⚠️ PERLU SEMAKAN (Ralat API),https://s.lazada.com.my/s.ZdY0qp?c=d&t=p-iGI0PUD-s2G3Nr6I,https://s.lazada.com.my/s.ZdY0qp?c=d&t=p-iGI0PUD-s2G3Nr6I
data_promo_list_07.xlsx,9,VTech Phonics Playtime Bus English Letter Phonics Electronic Learning Toys English Preschool Educational Early Learning Toys Children Kids Toys Girls and Boys Gift 1 years 2 years 3 years,445867399,TIDAK,API_ERROR,Kod API: InvalidApiPath - The specified API Path is invalid,⚠️ PERLU SEMAKAN (Ralat API),https://s.lazada.com.my/s.ZdY0qK?c=d&t=p-iUAoTf-s96tUS6,https://s.lazada.com.my/s.ZdY0qK?c=d&t=p-iUAoTf-s96tUS6
data_promo_list_07.xlsx,10,LEGO Speed Champions 77252 APXGP Team Race Car from F1 The Movie (268 Pieces),4800093251,TIDAK,API_ERROR,Kod API: InvalidApiPath - The specified API Path is invalid,⚠️ PERLU SEMAKAN (Ralat API),https://s.lazada.com.my/s.ZdY0qJ?c=d&t=p-i5EqhWt-sTZ0DA1,https://s.lazada.com.my/s.ZdY0qJ?c=d&t=p-i5EqhWt-sTZ0DA1
data_promo_list_07.xlsx,11,LEGO Creator 31146 Flatbed Truck with Helicopter Building Set Toys (270 Pieces),3883605643,TIDAK,API_ERROR,Kod API: InvalidApiPath - The specified API Path is invalid,⚠️ PERLU SEMAKAN (Ralat API),https://s.lazada.com.my/s.ZdY0qA?c=c&t=p-i4EpDEh-sOWJrig,https://s.lazada.com.my/s.ZdY0qA?c=c&t=p-i4EpDEh-sOWJrig
data_promo_list_07.xlsx,12,LEGO Minecraft 21585 Chicken Farm (233 Pieces),4799757856,TIDAK,API_ERROR,Kod API: InvalidApiPath - The specified API Path is invalid,⚠️ PERLU SEMAKAN (Ralat API),https://s.lazada.com.my/s.ZdY0JZ?c=d&t=p-i5EpIHI-sTZ0haT,https://s.lazada.com.my/s.ZdY0JZ?c=d&t=p-i5EpIHI-sTZ0haT
data_promo_list_07.xlsx,13,Fisher-Price Laugh & Learn Count & Shop Cash (JDL62),4655803729,TIDAK,API_ERROR,Kod API: InvalidApiPath - The specified API Path is invalid,⚠️ PERLU SEMAKAN (Ralat API),https://s.lazada.com.my/s.ZdY0Jb?c=c&t=p-i555HEX-sSXVZni,https://s.lazada.com.my/s.ZdY0Jb?c=c&t=p-i555HEX-sSXVZni
data_promo_list_07.xlsx,14,Mideer 3D Colorful Tangram style Magnetic Cube Building Blocks,4349402859,TIDAK,API_ERROR,Kod API: InvalidApiPath - The specified API Path is invalid,⚠️ PERLU SEMAKAN (Ralat API),https://s.lazada.com.my/s.ZdY0J1?c=d&t=p-i4kLeN1-sQgjSPc,https://s.lazada.com.my/s.ZdY0J1?c=d&t=p-i4kLeN1-sQgjSPc
data_promo_list_07.xlsx,15,LEGO Technic 42221 NASA Artemis Space Launch System Rocket (632 Pieces),4799850568,TIDAK,API_ERROR,Kod API: InvalidApiPath - The specified API Path is invalid,⚠️ PERLU SEMAKAN (Ralat API),https://s.lazada.com.my/s.ZdY0Jc?c=c&t=p-i5EpgOe-sTYyCvw,https://s.lazada.com.my/s.ZdY0Jc?c=c&t=p-i5EpgOe-sTYyCvw
data_promo_list_07.xlsx,16,VTech Save the Day Fire Station Vehicle Playset with 1 Fire Truck GO! GO! SMART WHEELS Vehicle Playests with Musical Fire Truck Kids Toys Toys for Boys and Girls 1 Years 2 Years 3 Years 4 Years 5 Years,2574955720,TIDAK,API_ERROR,Kod API: InvalidApiPath - The specified API Path is invalid,⚠️ PERLU SEMAKAN (Ralat API),https://s.lazada.com.my/s.ZdY0JX?c=d&t=p-i2oGFbs-sCXSHUg,https://s.lazada.com.my/s.ZdY0JX?c=d&t=p-i2oGFbs-sCXSHUg
data_promo_list_07.xlsx,17,VTech 3 in 1 Starry Skies Sheep Soother Change Projector Pattern New Born Baby Toys Soothing Toys  Projector Crib Toys Soothing Light Projector （with Crying Sensor) Baby Toys Infant Toys for Boys and Girls (0 Months 3 Months 6 Months 9 Months,3259219250,TIDAK,API_ERROR,Kod API: InvalidApiPath - The specified API Path is invalid,⚠️ PERLU SEMAKAN (Ralat API),https://s.lazada.com.my/s.ZdY0J2?c=d&t=p-i3YZLoQ-sIaqOq9,https://s.lazada.com.my/s.ZdY0J2?c=d&t=p-i3YZLoQ-sIaqOq9
data_promo_list_07.xlsx,18,VTech 145 Pcs Marble Rush Ultimate Set Marble Run Tracks Building Block Toys STEAM Certification Building Block Set Kids Children Boys Girls 4 years + Electronic Ferris Wheel,2952833194,TIDAK,API_ERROR,Kod API: InvalidApiPath - The specified API Path is invalid,⚠️ PERLU SEMAKAN (Ralat API),https://s.lazada.com.my/s.ZdY0JW?c=c&t=p-i3Dpmnq-sFl2EGp,https://s.lazada.com.my/s.ZdY0JW?c=c&t=p-i3Dpmnq-sFl2EGp
data_promo_list_07.xlsx,19,"VTech BLUEY WACKADOO WATCH - BLUEY, Watch, Clock, Toy. (80-554500)",4848738098,TIDAK,API_ERROR,Kod API: InvalidApiPath - The specified API Path is invalid,⚠️ PERLU SEMAKAN (Ralat API),https://s.lazada.com.my/s.ZdY0J9?c=c&t=p-i5I8oHC-sU44R6X,https://s.lazada.com.my/s.ZdY0J9?c=c&t=p-i5I8oHC-sU44R6X
data_promo_list_07.xlsx,20,"Gamegenic TCG ""Playmat Tube""",4514448922,TIDAK,API_ERROR,Kod API: InvalidApiPath - The specified API Path is invalid,⚠️ PERLU SEMAKAN (Ralat API),https://s.lazada.com.my/s.ZdY0Jk?c=d&t=p-i4vWAOI-sRqOshE,https://s.lazada.com.my/s.ZdY0Jk?c=d&t=p-i4vWAOI-sRqOshE
data_promo_list_07.xlsx,21,[GAN Official Store] GAN Monster Go Magnetic 3x3 Speed Cube Translucent Stickerless Learning Series Puzzle Game Toy for Kids Beginners All Series,2366819393,TIDAK,API_ERROR,Kod API: InvalidApiPath - The specified API Path is invalid,⚠️ PERLU SEMAKAN (Ralat API),https://s.lazada.com.my/s.ZdY0JO?c=c&t=p-i2aAvqL-sG6T9ht,https://s.lazada.com.my/s.ZdY0JO?c=c&t=p-i2aAvqL-sG6T9ht
data_promo_list_07.xlsx,22,LEGO Disney’s Frozen Olaf and Bruni’s Picnic Fun 43287,14923229936,TIDAK,API_ERROR,Kod API: InvalidApiPath - The specified API Path is invalid,⚠️ PERLU SEMAKAN (Ralat API),https://s.lazada.com.my/s.ZdY0Jm?c=d&t=p-iGHwLp2-s2G38yHh,https://s.lazada.com.my/s.ZdY0Jm?c=d&t=p-iGHwLp2-s2G38yHh
data_promo_list_07.xlsx,23,[100% Original] Disney Mickey MINISO Fun Clash Vinyl Plush Blind Box Bag Pendant—Random Style,4841512525,TIDAK,API_ERROR,Kod API: InvalidApiPath - The specified API Path is invalid,⚠️ PERLU SEMAKAN (Ralat API),https://s.lazada.com.my/s.ZdY0JN?c=d&t=p-i5HeUZh-sU0H1Cw,https://s.lazada.com.my/s.ZdY0JN?c=d&t=p-i5HeUZh-sU0H1Cw
data_promo_list_07.xlsx,24,Pokemon Dynamax Band (Yr.2),4576676288,TIDAK,API_ERROR,Kod API: InvalidApiPath - The specified API Path is invalid,⚠️ PERLU SEMAKAN (Ralat API),https://s.lazada.com.my/s.ZdY0JM?c=c&t=p-i4zjGZU-sSAys0m,https://s.lazada.com.my/s.ZdY0JM?c=c&t=p-i4zjGZU-sSAys0m
data_promo_list_07.xlsx,25,【Local Shipment】POP MART Hirono Road Journal Series-Plush Doll Pendant Blind Box,4801902156,TIDAK,API_ERROR,Kod API: InvalidApiPath - The specified API Path is invalid,⚠️ PERLU SEMAKAN (Ralat API),https://s.lazada.com.my/s.ZdY0Jp?c=d&t=p-i5EyI6m-sTZTCy9,https://s.lazada.com.my/s.ZdY0Jp?c=d&t=p-i5EyI6m-sTZTCy9
data_promo_list_07.xlsx,26,2026 New K8 Remote Control Airplane With LED Light RC Glider Airplane 2.4g Fighter RC Airplane Toy Boy Gift Foam Impact Resistant Glider Fightere Flight,575160681,TIDAK,API_ERROR,Kod API: InvalidApiPath - The specified API Path is invalid,⚠️ PERLU SEMAKAN (Ralat API),https://s.lazada.com.my/s.ZdY0Jy?c=c&t=p-icvJZB-sSdfUAK,https://s.lazada.com.my/s.ZdY0Jy?c=c&t=p-icvJZB-sSdfUAK
data_promo_list_07.xlsx,27,VTech Spidey On-the-Go (80-580303),4689422535,TIDAK,API_ERROR,Kod API: InvalidApiPath - The specified API Path is invalid,⚠️ PERLU SEMAKAN (Ralat API),https://s.lazada.com.my/s.ZdY0Jz?c=d&t=p-i57ML1L-sShJNqt,https://s.lazada.com.my/s.ZdY0Jz?c=d&t=p-i57ML1L-sShJNqt
data_promo_list_07.xlsx,28,Original UK Imported GB Century Pro Cue Tip Snooker Cue Tip [Ready Stock],2793274645,TIDAK,API_ERROR,Kod API: InvalidApiPath - The specified API Path is invalid,⚠️ PERLU SEMAKAN (Ralat API),https://s.lazada.com.my/s.ZdY0rZ?c=c&t=p-i332IKr-sEaBNyS,https://s.lazada.com.my/s.ZdY0rZ?c=c&t=p-i332IKr-sEaBNyS
data_promo_list_07.xlsx,29,LEGO DUPLO Town 10472 Animal Building Game (94 Pieces),14918007391,TIDAK,API_ERROR,Kod API: InvalidApiPath - The specified API Path is invalid,⚠️ PERLU SEMAKAN (Ralat API),https://s.lazada.com.my/s.ZdY0rb?c=c&t=p-iGHaRCR-s2G2KC8i,https://s.lazada.com.my/s.ZdY0rb?c=c&t=p-iGHaRCR-s2G2KC8i
data_promo_list_07.xlsx,30,[2026 NEW ARRIVAL] Mideer Kids DIY Butterfly Garden Craft Kit – Color Art Activity Toy,14881283808,TIDAK,API_ERROR,Kod API: InvalidApiPath - The specified API Path is invalid,⚠️ PERLU SEMAKAN (Ralat API),https://s.lazada.com.my/s.ZdY0rY?c=c&t=p-iGF6Lia-s2FnmRtl,https://s.lazada.com.my/s.ZdY0rY?c=c&t=p-iGF6Lia-s2FnmRtl
data_promo_list_07.xlsx,31,[2026 NEW ARRIVAL] Mideer Kids Burger Play Set – Pretend Fast Food Kitchen Food Toy,14870715782,TIDAK,API_ERROR,Kod API: InvalidApiPath - The specified API Path is invalid,⚠️ PERLU SEMAKAN (Ralat API),https://s.lazada.com.my/s.ZdY0rc?c=d&t=p-iGEO0UY-s2FeNokP,https://s.lazada.com.my/s.ZdY0rc?c=d&t=p-iGEO0UY-s2FeNokP
data_promo_list_07.xlsx,32,VTech Twist & Play Cube Shape Sorter toys Early Learning Toys Baby Toys 1-3 Years,4319752397,TIDAK,API_ERROR,Kod API: InvalidApiPath - The specified API Path is invalid,⚠️ PERLU SEMAKAN (Ralat API),https://s.lazada.com.my/s.ZdY0rX?c=d&t=p-i4iLEvl-sQZdG5F,https://s.lazada.com.my/s.ZdY0rX?c=d&t=p-i4iLEvl-sQZdG5F
data_promo_list_07.xlsx,33,LEGO Editions Sports Cristiano Ronaldo - Soccer Highlights 43012 *New Arrival * (#104763),14934356304,TIDAK,API_ERROR,Kod API: InvalidApiPath - The specified API Path is invalid,⚠️ PERLU SEMAKAN (Ralat API),https://s.lazada.com.my/s.ZdY0rW?c=c&t=p-iGIh2Ia-s2G6zEbz,https://s.lazada.com.my/s.ZdY0rW?c=c&t=p-iGIh2Ia-s2G6zEbz
data_promo_list_07.xlsx,34,TEQIN【Fast Delivery】Simulation Racing Car Model Ornaments 1:32 Alloy Sports Car With Sound And Light For Kids Collection,3852772396,TIDAK,API_ERROR,Kod API: InvalidApiPath - The specified API Path is invalid,⚠️ PERLU SEMAKAN (Ralat API),https://s.lazada.com.my/s.ZdY0r9?c=d&t=p-i4Cjq6G-sOGhVUm,https://s.lazada.com.my/s.ZdY0r9?c=d&t=p-i4Cjq6G-sOGhVUm
data_promo_list_07.xlsx,35,VTech English & ChineseLearning Friends 100 Words Book (108 words each) Electronic Learning Toys Kids English Book,1395368070,TIDAK,API_ERROR,Kod API: InvalidApiPath - The specified API Path is invalid,⚠️ PERLU SEMAKAN (Ralat API),https://s.lazada.com.my/s.ZdY0rk?c=c&t=p-i1WQoyc-sH0JWLe,https://s.lazada.com.my/s.ZdY0rk?c=c&t=p-i1WQoyc-sH0JWLe
data_promo_list_07.xlsx,36,Romboss 60PCS 6.5CM Magnetic tiles for Kids DIY Educational Toys Construction Magnetic Building Blocks Christmas Gift Only Triangle + Square Refill Set,4599330245,TIDAK,API_ERROR,Kod API: InvalidApiPath - The specified API Path is invalid,⚠️ PERLU SEMAKAN (Ralat API),https://s.lazada.com.my/s.ZdY0rP?c=c&t=p-i51GJtt-sSJ6KMy,https://s.lazada.com.my/s.ZdY0rP?c=c&t=p-i51GJtt-sSJ6KMy
data_promo_list_07.xlsx,37,VTech New Born Baby Toys Soothing Toys Hippo Projector Crib Toys Soothing Music and Light Projector （with Crying Sensor) Baby Toys Infant Toys for Boys and Girls (0 Months 3 Months 6 Months 9 Months) New Born Baby Gifts,445837210,TIDAK,API_ERROR,Kod API: InvalidApiPath - The specified API Path is invalid,⚠️ PERLU SEMAKAN (Ralat API),https://s.lazada.com.my/s.ZdY0rO?c=c&t=p-iUAgck-sBDwF4I,https://s.lazada.com.my/s.ZdY0rO?c=c&t=p-iUAgck-sBDwF4I
data_promo_list_07.xlsx,38,LEGO Botanicals 10343 Mini Orchid (274 Pieces),4414868502,TIDAK,API_ERROR,Kod API: InvalidApiPath - The specified API Path is invalid,⚠️ PERLU SEMAKAN (Ralat API),https://s.lazada.com.my/s.ZdY0rN?c=d&t=p-i4omKyU-sR44sTH,https://s.lazada.com.my/s.ZdY0rN?c=d&t=p-i4omKyU-sR44sTH
data_promo_list_07.xlsx,39,Play-Doh Fold and Go Playmat Starter Playset | F91435C00,4013370017,TIDAK,API_ERROR,Kod API: InvalidApiPath - The specified API Path is invalid,⚠️ PERLU SEMAKAN (Ralat API),https://s.lazada.com.my/s.ZdY0ru?c=c&t=p-i4NbgsT-sOwQujj,https://s.lazada.com.my/s.ZdY0ru?c=c&t=p-i4NbgsT-sOwQujj
data_promo_list_07.xlsx,40,LEGO Star Wars Millennium Falcon 75192 Building Kit (7500 Pieces) Construction Sets Building Toys Star Wars Toys Kids Toys Building Blocks,1480660249,TIDAK,API_ERROR,Kod API: InvalidApiPath - The specified API Path is invalid,⚠️ PERLU SEMAKAN (Ralat API),https://s.lazada.com.my/s.ZdY0rv?c=d&t=p-i1cChMv-s5JN9Q8,https://s.lazada.com.my/s.ZdY0rv?c=d&t=p-i1cChMv-s5JN9Q8
data_promo_list_07.xlsx,41,JOJO CASTLE 23cm Graduation Soft Toy New Graduation Teddy Bear with Sweatshirt Kawaii Doctor Bear Plush Toy Soft Stuffed Teddy Bears Plushies Doll Party Decor Student Graduation Gifts Souvenir Gifts for Children 毕业玩偶 毕业礼物,14864720193,TIDAK,API_ERROR,Kod API: InvalidApiPath - The specified API Path is invalid,⚠️ PERLU SEMAKAN (Ralat API),https://s.lazada.com.my/s.ZdY0rE?c=c&t=p-iGDyqlV-s2FaFKqO,https://s.lazada.com.my/s.ZdY0rE?c=c&t=p-iGDyqlV-s2FaFKqO
data_promo_list_07.xlsx,42,Rainbow Alligator,3655519912,TIDAK,API_ERROR,Kod API: InvalidApiPath - The specified API Path is invalid,⚠️ PERLU SEMAKAN (Ralat API),https://s.lazada.com.my/s.ZdY0rD?c=c&t=p-i3zOBia-sMbrle7,https://s.lazada.com.my/s.ZdY0rD?c=c&t=p-i3zOBia-sMbrle7
data_promo_list_07.xlsx,43,"[NEW] Barbie Basics Collectible Doll, Model 08 With Brunette Hair In Tan Dress & Strappy Heels (JJX27)",14914766908,TIDAK,API_ERROR,Kod API: InvalidApiPath - The specified API Path is invalid,⚠️ PERLU SEMAKAN (Ralat API),https://s.lazada.com.my/s.ZdY0rC?c=d&t=p-iGHMqCa-s2G0VfnK,https://s.lazada.com.my/s.ZdY0rC?c=d&t=p-iGHMqCa-s2G0VfnK
data_promo_list_07.xlsx,44,[100% Authentic] MINISO Official Stitch GenZ Street Series Blind Box Trendy Cute Doll Pendant Gift,4796205136,TIDAK,API_ERROR,Kod API: InvalidApiPath - The specified API Path is invalid,⚠️ PERLU SEMAKAN (Ralat API),https://s.lazada.com.my/s.ZdY0ry?c=c&t=p-i5EaO3M-sTXwjq5,https://s.lazada.com.my/s.ZdY0ry?c=c&t=p-i5EaO3M-sTXwjq5
data_promo_list_07.xlsx,45,LEGO Super Mario 72050 Mario Kart – Luigi & Mach 8 (2234 Pieces),14917917775,TIDAK,API_ERROR,Kod API: InvalidApiPath - The specified API Path is invalid,⚠️ PERLU SEMAKAN (Ralat API),https://s.lazada.com.my/s.ZdY0rz?c=d&t=p-iGHa3t1-s2G1WPww,https://s.lazada.com.my/s.ZdY0rz?c=d&t=p-iGHa3t1-s2G1WPww
data_promo_list_07.xlsx,46,Monopoly Board Game | Family Board Games for Adults and Kids | Ages 8 and Up | 2 to 6 Players | Strategy Games | Family Gifts,14876337513,TIDAK,API_ERROR,Kod API: InvalidApiPath - The specified API Path is invalid,⚠️ PERLU SEMAKAN (Ralat API),https://s.lazada.com.my/s.ZdY0IU?c=d&t=p-iGElaxd-s2Fjc6Z2,https://s.lazada.com.my/s.ZdY0IU?c=d&t=p-iGElaxd-s2Fjc6Z2
data_promo_list_07.xlsx,47,"Bafada for 1:32 Bugatti Chiron Alloy Car Model Diecast Cars, Toy Vehicles Car Model Miniature Scale Model Car Toys For Children Truck Toys for Kids Cars Toys Monster Truck Toys",2016818696,TIDAK,API_ERROR,Kod API: InvalidApiPath - The specified API Path is invalid,⚠️ PERLU SEMAKAN (Ralat API),https://s.lazada.com.my/s.ZdY0I5?c=d&t=p-i2CUMfo-s8k7a1C,https://s.lazada.com.my/s.ZdY0I5?c=d&t=p-i2CUMfo-s8k7a1C
data_promo_list_07.xlsx,48,LEGO Classic 10696 Medium Creative Brick Box (484 Pieces),405010125,TIDAK,API_ERROR,Kod API: InvalidApiPath - The specified API Path is invalid,⚠️ PERLU SEMAKAN (Ralat API),https://s.lazada.com.my/s.ZdY0Ig?c=d&t=p-iRPNdN-sdbC7J,https://s.lazada.com.my/s.ZdY0Ig?c=d&t=p-iRPNdN-sdbC7J
data_promo_list_07.xlsx,49,VTech Baby Toys Musical Rhymes Book Educational Toys for 6 months 9 months 1/ 2/ 3 year old toys kids Early Learning Toys Baby Book for Baby Early Development Toys infant and toddler boys and girls Music Book Kids e-book Nursery Rhymes Book Baby Xmas Toys,445836610,TIDAK,API_ERROR,Kod API: InvalidApiPath - The specified API Path is invalid,⚠️ PERLU SEMAKAN (Ralat API),https://s.lazada.com.my/s.ZdY0IS?c=c&t=p-iUAgT4-sCeBXsF,https://s.lazada.com.my/s.ZdY0IS?c=c&t=p-iUAgT4-sCeBXsF
data_promo_list_07.xlsx,50,August Pay Day Mystery Gift 2,14959961290,TIDAK,API_ERROR,Kod API: InvalidApiPath - The specified API Path is invalid,⚠️ PERLU SEMAKAN (Ralat API),https://s.lazada.com.my/s.ZdY0Ii?c=c&t=p-iGKQTKE-s2GEdxwz,https://s.lazada.com.my/s.ZdY0Ii?c=c&t=p-iGKQTKE-s2GEdxwz
data_promo_list_07.xlsx,51,Hot Wheels JMN15 Team Transport Legends (Honda Civic Type R) *New Arrival * (#12963),14935919144,TIDAK,API_ERROR,Kod API: InvalidApiPath - The specified API Path is invalid,⚠️ PERLU SEMAKAN (Ralat API),https://s.lazada.com.my/s.ZdY0IR?c=d&t=p-iGInarg-s2G7mxrz,https://s.lazada.com.my/s.ZdY0IR?c=d&t=p-iGInarg-s2G7mxrz
data_promo_list_07.xlsx,52,LEGO Speed Champions 77256 Time Machine from Back to the Future (357 Pieces),4799849654,TIDAK,API_ERROR,Kod API: InvalidApiPath - The specified API Path is invalid,⚠️ PERLU SEMAKAN (Ralat API),https://s.lazada.com.my/s.ZdY0IJ?c=d&t=p-i5Epg9u-sTZ0i6f,https://s.lazada.com.my/s.ZdY0IJ?c=d&t=p-i5Epg9u-sTZ0i6f
data_promo_list_07.xlsx,53,LEGO Technic 42228 McLaren MCL39 F1 Car (1675 Pieces),14838055873,TIDAK,API_ERROR,Kod API: InvalidApiPath - The specified API Path is invalid,⚠️ PERLU SEMAKAN (Ralat API),https://s.lazada.com.my/s.ZdY0II?c=c&t=p-iGCAy9p-s2F95BZi,https://s.lazada.com.my/s.ZdY0II?c=c&t=p-iGCAy9p-s2F95BZi
data_promo_list_07.xlsx,54,LEGO Creator 3in1 31134 Space Shuttle Building Toy Set (144 Pieces),3430700032,TIDAK,API_ERROR,Kod API: InvalidApiPath - The specified API Path is invalid,⚠️ PERLU SEMAKAN (Ralat API),https://s.lazada.com.my/s.ZdY0IH?c=c&t=p-i3kArnU-sKF4zqP,https://s.lazada.com.my/s.ZdY0IH?c=c&t=p-i3kArnU-sKF4zqP
data_promo_list_07.xlsx,55,LEGO Icons 10326 Natural History Museum (4014 Pieces),3981818766,TIDAK,API_ERROR,Kod API: InvalidApiPath - The specified API Path is invalid,⚠️ PERLU SEMAKAN (Ralat API),https://s.lazada.com.my/s.ZdY0It?c=c&t=p-i4LTIxK-sOq0ga4,https://s.lazada.com.my/s.ZdY0It?c=c&t=p-i4LTIxK-sOq0ga4
data_promo_list_07.xlsx,56,JOJO CASTLE Cute Round Fat Calico Cat Plush Toys 22cm Soft Stuffed Cartoon Animal Doll Cartoon Kitten Ball Table Rest Pillow  Toys Kawaii Gifts,4709088233,TIDAK,API_ERROR,Kod API: InvalidApiPath - The specified API Path is invalid,⚠️ PERLU SEMAKAN (Ralat API),https://s.lazada.com.my/s.ZdY0Iu?c=c&t=p-i58gqy1-sSoMgpA,https://s.lazada.com.my/s.ZdY0Iu?c=c&t=p-i58gqy1-sSoMgpA
data_promo_list_07.xlsx,57,LEGO Star Wars TM 75375 Millennium Falcon (921 Pieces),3981891358,TIDAK,API_ERROR,Kod API: InvalidApiPath - The specified API Path is invalid,⚠️ PERLU SEMAKAN (Ralat API),https://s.lazada.com.my/s.ZdY0IF?c=d&t=p-i4LTbqA-sOq0Zzk,https://s.lazada.com.my/s.ZdY0IF?c=d&t=p-i4LTbqA-sOq0Zzk
data_promo_list_07.xlsx,58,VTech Spidey Learning Laptop Kids Laptop Toys 15 Learning Games Learn with Spidey and Friends 3-6 Years Kids Toys,4667227721,TIDAK,API_ERROR,Kod API: InvalidApiPath - The specified API Path is invalid,⚠️ PERLU SEMAKAN (Ralat API),https://s.lazada.com.my/s.ZdY0IE?c=d&t=p-i55rD8T-sSb0YaH,https://s.lazada.com.my/s.ZdY0IE?c=d&t=p-i55rD8T-sSb0YaH
data_promo_list_07.xlsx,59,LEGO Botanicals 11509 Flowering Cactus (482 Pieces),4800147181,TIDAK,API_ERROR,Kod API: InvalidApiPath - The specified API Path is invalid,⚠️ PERLU SEMAKAN (Ralat API),https://s.lazada.com.my/s.ZdY0Iw?c=d&t=p-i5EqvYj-sTZ0eRH,https://s.lazada.com.my/s.ZdY0Iw?c=d&t=p-i5EqvYj-sTZ0eRH
data_promo_list_07.xlsx,60,LEGO Super Heroes Marvel 76344 Iron Man Mark 3 Collectors' Edition (1297 Pieces),4799814678,TIDAK,API_ERROR,Kod API: InvalidApiPath - The specified API Path is invalid,⚠️ PERLU SEMAKAN (Ralat API),https://s.lazada.com.my/s.ZdY0ID?c=d&t=p-i5EpX3m-sTZ1EaP,https://s.lazada.com.my/s.ZdY0ID?c=d&t=p-i5EpX3m-sTZ1EaP
data_promo_list_07.xlsx,61,Hot Wheels Racing Formula 1 Sprint Race Circuit Track Set With 3 Die-Cast Toy Cars (JDY15),4669311326,TIDAK,API_ERROR,Kod API: InvalidApiPath - The specified API Path is invalid,⚠️ PERLU SEMAKAN (Ralat API),https://s.lazada.com.my/s.ZdY0s3?c=c&t=p-i55zxB0-sSbq0Oo,https://s.lazada.com.my/s.ZdY0s3?c=c&t=p-i55zxB0-sSbq0Oo
data_promo_list_07.xlsx,62,LEGO Botanicals 10328 Bouquet of Roses Building Set (822 Pieces),3883713477,TIDAK,API_ERROR,Kod API: InvalidApiPath - The specified API Path is invalid,⚠️ PERLU SEMAKAN (Ralat API),https://s.lazada.com.my/s.ZdY0se?c=c&t=p-i4EpfHx-sOWJnWl,https://s.lazada.com.my/s.ZdY0se?c=c&t=p-i4EpfHx-sOWJnWl
data_promo_list_07.xlsx,63,LEGO Star Wars 75447 The Razor Crest (930 Pieces),14871040043,TIDAK,API_ERROR,Kod API: InvalidApiPath - The specified API Path is invalid,⚠️ PERLU SEMAKAN (Ralat API),https://s.lazada.com.my/s.ZdY0sV?c=d&t=p-iGEPMqZ-s2Ff2P81,https://s.lazada.com.my/s.ZdY0sV?c=d&t=p-iGEPMqZ-s2Ff2P81
data_promo_list_07.xlsx,64,"Barbie Dream Besties Barbie “Malibu” Doll & Accessories, Posable Fashion Doll & Themed Pieces (JKP50)",4848257608,TIDAK,API_ERROR,Kod API: InvalidApiPath - The specified API Path is invalid,⚠️ PERLU SEMAKAN (Ralat API),https://s.lazada.com.my/s.ZdY0sf?c=d&t=p-i5I6nHM-sU3sLr7,https://s.lazada.com.my/s.ZdY0sf?c=d&t=p-i5I6nHM-sU3sLr7
data_promo_list_07.xlsx,65,Catan (6th Edition)【Original】,881054890,TIDAK,API_ERROR,Kod API: InvalidApiPath - The specified API Path is invalid,⚠️ PERLU SEMAKAN (Ralat API),https://s.lazada.com.my/s.ZdY0sU?c=d&t=p-ixcock-sSm1yjX,https://s.lazada.com.my/s.ZdY0sU?c=d&t=p-ixcock-sSm1yjX
data_promo_list_07.xlsx,66,LEGO Botanicals 10374 Bouquet of Pink Roses (789 Pieces),4716326323,TIDAK,API_ERROR,Kod API: InvalidApiPath - The specified API Path is invalid,⚠️ PERLU SEMAKAN (Ralat API),https://s.lazada.com.my/s.ZdY0s5?c=d&t=p-i59BDvP-sSsR6Xy,https://s.lazada.com.my/s.ZdY0s5?c=d&t=p-i59BDvP-sSsR6Xy
data_promo_list_07.xlsx,67,"LYNXZ Kids AI Learning Clock Smart Alarm Clock for Children with AI Q&A, English Practice, Focus Boost Timer, 50 Alarm Reminders, 2500mAh Battery, Back to School Gift",14946853957,TIDAK,API_ERROR,Kod API: InvalidApiPath - The specified API Path is invalid,⚠️ PERLU SEMAKAN (Ralat API),https://s.lazada.com.my/s.ZdY0s6?c=d&t=p-iGJXTVd-s2GASvkm,https://s.lazada.com.my/s.ZdY0s6?c=d&t=p-iGJXTVd-s2GASvkm
data_promo_list_07.xlsx,68,VTech 67 Pcs Marble Rush Spiral Starter Set Marble Run Tracks Building Block Toys STEAM Certification Building Block Set Kids Children Boys Girls 4 years +,2954896808,TIDAK,API_ERROR,Kod API: InvalidApiPath - The specified API Path is invalid,⚠️ PERLU SEMAKAN (Ralat API),https://s.lazada.com.my/s.ZdY0so?c=d&t=p-i3DyRdw-sFmASvr,https://s.lazada.com.my/s.ZdY0so?c=d&t=p-i3DyRdw-sFmASvr
data_promo_list_07.xlsx,69,LEGO Technic 42173 Koenigsegg Jesko Absolut Grey Hypercar (801 Pieces),4161770556,TIDAK,API_ERROR,Kod API: InvalidApiPath - The specified API Path is invalid,⚠️ PERLU SEMAKAN (Ralat API),https://s.lazada.com.my/s.ZdY0sp?c=c&t=p-i4XeMdY-sPkbDZV,https://s.lazada.com.my/s.ZdY0sp?c=c&t=p-i4XeMdY-sPkbDZV
data_promo_list_07.xlsx,70,Jar Melo Washable Dot Marker for Kid | Non-Toxic & Easy Clean Early Learning Fine Motor Development,2871873569,TIDAK,API_ERROR,Kod API: InvalidApiPath - The specified API Path is invalid,⚠️ PERLU SEMAKAN (Ralat API),https://s.lazada.com.my/s.ZdY0sJ?c=c&t=p-i38M5VR-sJW0HuL,https://s.lazada.com.my/s.ZdY0sJ?c=c&t=p-i38M5VR-sJW0HuL
data_promo_list_07.xlsx,71,VTech 30-in-1 Kids Laptop My Laptop Electronic Learning Toys for Kids Toys for Boys Toys for Girls 3 years 4 years 5 years 6 years,521506789,TIDAK,API_ERROR,Kod API: InvalidApiPath - The specified API Path is invalid,⚠️ PERLU SEMAKAN (Ralat API),https://s.lazada.com.my/s.ZdY0sI?c=c&t=p-iZIBjp-sCe8k17,https://s.lazada.com.my/s.ZdY0sI?c=c&t=p-iZIBjp-sCe8k17
data_promo_list_07.xlsx,72,LemonU Baby Magnetic Electric Track Car Anti Gravity Building Blocks Mainan Trek Magnet Elektrik,14946399486,TIDAK,API_ERROR,Kod API: InvalidApiPath - The specified API Path is invalid,⚠️ PERLU SEMAKAN (Ralat API),https://s.lazada.com.my/s.ZdY0sG?c=d&t=p-iGJVZHS-s2GB3McP,https://s.lazada.com.my/s.ZdY0sG?c=d&t=p-iGJVZHS-s2GB3McP
data_promo_list_07.xlsx,73,Batik air Aircraft Model,4316007511,TIDAK,API_ERROR,Kod API: InvalidApiPath - The specified API Path is invalid,⚠️ PERLU SEMAKAN (Ralat API),https://s.lazada.com.my/s.ZdY0su?c=d&t=p-i4i5WiN-sRTHxCc,https://s.lazada.com.my/s.ZdY0su?c=d&t=p-i4i5WiN-sRTHxCc
data_promo_list_07.xlsx,74,PARKLON LaPure Soft Baby Playmat Kids Carpet Playmate (L130CM x W190CM x T1.2CM) Tilam Baby Tebal,4623391364,TIDAK,API_ERROR,Kod API: InvalidApiPath - The specified API Path is invalid,⚠️ PERLU SEMAKAN (Ralat API),https://s.lazada.com.my/s.ZdY0sF?c=d&t=p-i52tHIS-sTcFe12,https://s.lazada.com.my/s.ZdY0sF?c=d&t=p-i52tHIS-sTcFe12
data_promo_list_07.xlsx,75,LEGO Star Wars 75452 BB-8 Astromech Droid (569 Pieces),4799884595,TIDAK,API_ERROR,Kod API: InvalidApiPath - The specified API Path is invalid,⚠️ PERLU SEMAKAN (Ralat API),https://s.lazada.com.my/s.ZdY0sE?c=d&t=p-i5EppFT-sTZ0n2Z,https://s.lazada.com.my/s.ZdY0sE?c=d&t=p-i5EppFT-sTZ0n2Z
data_promo_list_07.xlsx,76,Le Toy Van Red Barn Premium Sustainable Wooden Toys Children Pretend Play For 3 Years+,3451870219,TIDAK,API_ERROR,Kod API: InvalidApiPath - The specified API Path is invalid,⚠️ PERLU SEMAKAN (Ralat API),https://s.lazada.com.my/s.ZdY0HX?c=d&t=p-i3lbh87-sKUVEWY,https://s.lazada.com.my/s.ZdY0HX?c=d&t=p-i3lbh87-sKUVEWY
data_promo_list_07.xlsx,77,LEGO Technic 42202 Ducati Panigale V4 S Motorcycle (1603 Pieces),4414769820,TIDAK,API_ERROR,Kod API: InvalidApiPath - The specified API Path is invalid,⚠️ PERLU SEMAKAN (Ralat API),https://s.lazada.com.my/s.ZdY0H2?c=d&t=p-i4olvIq-sR46osb,https://s.lazada.com.my/s.ZdY0H2?c=d&t=p-i4olvIq-sR46osb
data_promo_list_07.xlsx,78,LEGO City 60482 Rides – Fire Engine (67 Pieces),4799780748,TIDAK,API_ERROR,Kod API: InvalidApiPath - The specified API Path is invalid,⚠️ PERLU SEMAKAN (Ralat API),https://s.lazada.com.my/s.ZdY0Hd?c=d&t=p-i5EpOEW-sTZ2fHm,https://s.lazada.com.my/s.ZdY0Hd?c=d&t=p-i5EpOEW-sTZ2fHm
data_promo_list_07.xlsx,79,SKISOPGO Dinosaur Skeleton Headgear Adult/Kids Plush Hat Cosplay Party Halloween Gifts,14838290900,TIDAK,API_ERROR,Kod API: InvalidApiPath - The specified API Path is invalid,⚠️ PERLU SEMAKAN (Ralat API),https://s.lazada.com.my/s.ZdY0HW?c=d&t=p-iGCBxIa-s2F958IQ,https://s.lazada.com.my/s.ZdY0HW?c=d&t=p-iGCBxIa-s2F958IQ
data_promo_list_07.xlsx,80,LEGO Speed Champions 77239 Porsche 911 GT3 RS Super Car  (348 Pieces),4666309441,TIDAK,API_ERROR,Kod API: InvalidApiPath - The specified API Path is invalid,⚠️ PERLU SEMAKAN (Ralat API),https://s.lazada.com.my/s.ZdY0H3?c=d&t=p-i55nMFV-sSag7uO,https://s.lazada.com.my/s.ZdY0H3?c=d&t=p-i55nMFV-sSag7uO
data_promo_list_07.xlsx,81,MEGA Bloks Big Building Bag 80pcs (DCH63),3806490213,TIDAK,API_ERROR,Kod API: InvalidApiPath - The specified API Path is invalid,⚠️ PERLU SEMAKAN (Ralat API),https://s.lazada.com.my/s.ZdY0He?c=d&t=p-i49bdzR-sO3g3aP,https://s.lazada.com.my/s.ZdY0He?c=d&t=p-i49bdzR-sO3g3aP
data_promo_list_07.xlsx,82,LEGO Editions Football 43032 FIFA World Cup 2026 Official Emblem (298 Pieces),14899695405,TIDAK,API_ERROR,Kod API: InvalidApiPath - The specified API Path is invalid,⚠️ PERLU SEMAKAN (Ralat API),https://s.lazada.com.my/s.ZdY0H4?c=d&t=p-iGGLbPp-s2FxqHdC,https://s.lazada.com.my/s.ZdY0H4?c=d&t=p-iGGLbPp-s2FxqHdC
data_promo_list_07.xlsx,83,JOJO CASTLE Big Size New Sanrio Cartoon Mini Skirt Kuromi Plushies Kawaii My Melody Kuromi Sofa Pillow Cushion Stuffed Toy Girl Birthday Gift for Girlfriend  库洛米 美乐蒂,3332299869,TIDAK,API_ERROR,Kod API: InvalidApiPath - The specified API Path is invalid,⚠️ PERLU SEMAKAN (Ralat API),https://s.lazada.com.my/s.ZdY0HN?c=d&t=p-i3dVzQ5-sTW7n8E,https://s.lazada.com.my/s.ZdY0HN?c=d&t=p-i3dVzQ5-sTW7n8E
data_promo_list_07.xlsx,84,LEGO Technic 42212 Ferrari FXX K (897 Pieces),4666244680,TIDAK,API_ERROR,Kod API: InvalidApiPath - The specified API Path is invalid,⚠️ PERLU SEMAKAN (Ralat API),https://s.lazada.com.my/s.ZdY0Hn?c=d&t=p-i55n5Oy-sSafhi5,https://s.lazada.com.my/s.ZdY0Hn?c=d&t=p-i55n5Oy-sSafhi5
data_promo_list_07.xlsx,85,LEGO Icons 10350 Tudor Corner (3266 Pieces),4523067962,TIDAK,API_ERROR,Kod API: InvalidApiPath - The specified API Path is invalid,⚠️ PERLU SEMAKAN (Ralat API),https://s.lazada.com.my/s.ZdY0Ho?c=d&t=p-i4w6Kb4-sRtuyrY,https://s.lazada.com.my/s.ZdY0Ho?c=d&t=p-i4w6Kb4-sRtuyrY
data_promo_list_07.xlsx,86,LEGO DUPLO Classic Brick Box 10913 Building Toy (65 Pieces),714506970,TIDAK,API_ERROR,Kod API: InvalidApiPath - The specified API Path is invalid,⚠️ PERLU SEMAKAN (Ralat API),https://s.lazada.com.my/s.ZdY0HK?c=d&t=p-imLzty-s1hodJQ,https://s.lazada.com.my/s.ZdY0HK?c=d&t=p-imLzty-s1hodJQ
data_promo_list_07.xlsx,87,LEGO Creator 3 in 1 31377 Turtle with a Water Lily Flower (124 Pieces),4799768776,TIDAK,API_ERROR,Kod API: InvalidApiPath - The specified API Path is invalid,⚠️ PERLU SEMAKAN (Ralat API),https://s.lazada.com.my/s.ZdY0Hq?c=c&t=p-i5EpL7Q-sTYymnW,https://s.lazada.com.my/s.ZdY0Hq?c=c&t=p-i5EpL7Q-sTYymnW
data_promo_list_07.xlsx,88,NIKO Magnetic Tangram Puzzle Wooden Jigsaw Puzzle Toys Educational Toys Montessori Toys For Kids Boys Girls Gifts,14869391342,TIDAK,API_ERROR,Kod API: InvalidApiPath - The specified API Path is invalid,⚠️ PERLU SEMAKAN (Ralat API),https://s.lazada.com.my/s.ZdY0Hr?c=d&t=p-iGEIRwc-s2FdO7To,https://s.lazada.com.my/s.ZdY0Hr?c=d&t=p-iGEIRwc-s2FdO7To
data_promo_list_07.xlsx,89,LEGO Architecture 21064 Paris – City of Love (958 Pieces),4799739788,TIDAK,API_ERROR,Kod API: InvalidApiPath - The specified API Path is invalid,⚠️ PERLU SEMAKAN (Ralat API),https://s.lazada.com.my/s.ZdY0HI?c=c&t=p-i5EpDZs-sTZ0ejV,https://s.lazada.com.my/s.ZdY0HI?c=c&t=p-i5EpDZs-sTZ0ejV
data_promo_list_07.xlsx,90,Sylvanian Families - Family Campervan #5454,1114612138,TIDAK,API_ERROR,Kod API: InvalidApiPath - The specified API Path is invalid,⚠️ PERLU SEMAKAN (Ralat API),https://s.lazada.com.my/s.ZdY0Hs?c=c&t=p-i1DQnX8-s3Q0oEu,https://s.lazada.com.my/s.ZdY0Hs?c=c&t=p-i1DQnX8-s3Q0oEu
data_promo_list_07.xlsx,91,TEQIN IN stock 28cm Talking Tom Cat Children Plush Doll Lovely Cartoon Character Design Kids Birthday Gift,3795003166,TIDAK,API_ERROR,Kod API: InvalidApiPath - The specified API Path is invalid,⚠️ PERLU SEMAKAN (Ralat API),https://s.lazada.com.my/s.ZdY0HH?c=c&t=p-i48pRgU-sNvqi8J,https://s.lazada.com.my/s.ZdY0HH?c=c&t=p-i48pRgU-sNvqi8J
data_promo_list_07.xlsx,92,LEGO Icons 10375 How to Train Your Dragon: Toothless (784 Pieces),4765036685,TIDAK,API_ERROR,Kod API: InvalidApiPath - The specified API Path is invalid,⚠️ PERLU SEMAKAN (Ralat API),https://s.lazada.com.my/s.ZdY0HC?c=c&t=p-i5CTbiP-sTJJjPe,https://s.lazada.com.my/s.ZdY0HC?c=c&t=p-i5CTbiP-sTJJjPe
data_promo_list_07.xlsx,93,LEGO Technic 42210 2 Fast 2 Furious Nissan Skyline GT-R (R34) Car (1410 Pieces),4523122652,TIDAK,API_ERROR,Kod API: InvalidApiPath - The specified API Path is invalid,⚠️ PERLU SEMAKAN (Ralat API),https://s.lazada.com.my/s.ZdY0t2?c=c&t=p-i4w6YpA-sRtuugZ,https://s.lazada.com.my/s.ZdY0t2?c=c&t=p-i4w6YpA-sRtuugZ
data_promo_list_07.xlsx,94,LEGO Super Mario 72046 Game Boy (421 Pieces),4716269507,TIDAK,API_ERROR,Kod API: InvalidApiPath - The specified API Path is invalid,⚠️ PERLU SEMAKAN (Ralat API),https://s.lazada.com.my/s.ZdY0tW?c=c&t=p-i59Az91-sSs9cMJ,https://s.lazada.com.my/s.ZdY0tW?c=c&t=p-i59Az91-sSs9cMJ
data_promo_list_07.xlsx,95,LEGO Botanicals 11508 Daisies (133 Pieces),4799813683,TIDAK,API_ERROR,Kod API: InvalidApiPath - The specified API Path is invalid,⚠️ PERLU SEMAKAN (Ralat API),https://s.lazada.com.my/s.ZdY0tV?c=d&t=p-i5EpWnj-sTZ0kR3,https://s.lazada.com.my/s.ZdY0tV?c=d&t=p-i5EpWnj-sTZ0kR3
data_promo_list_07.xlsx,96,LEGO Botanicals 11502 Sunflower Bouquet (686 Pieces),14838264866,TIDAK,API_ERROR,Kod API: InvalidApiPath - The specified API Path is invalid,⚠️ PERLU SEMAKAN (Ralat API),https://s.lazada.com.my/s.ZdY0tf?c=c&t=p-iGCBqWg-s2F95aeK,https://s.lazada.com.my/s.ZdY0tf?c=c&t=p-iGCBqWg-s2F95aeK
data_promo_list_07.xlsx,97,Zuru Fuggler Krbb Care Bears - Blind Box (1 Pc) *New Arrival * (#97273),14936735978,TIDAK,API_ERROR,Kod API: InvalidApiPath - The specified API Path is invalid,⚠️ PERLU SEMAKAN (Ralat API),https://s.lazada.com.my/s.ZdY0tg?c=c&t=p-iGIr1MQ-s2G7AsUK,https://s.lazada.com.my/s.ZdY0tg?c=c&t=p-iGIr1MQ-s2G7AsUK
data_promo_list_07.xlsx,98,Oldlaiben Kids Tent Large Playhouse Princess Castle Portable Children Yurt Tents Khemah Kanak-Kanak,4842568398,TIDAK,API_ERROR,Kod API: InvalidApiPath - The specified API Path is invalid,⚠️ PERLU SEMAKAN (Ralat API),https://s.lazada.com.my/s.ZdY0tn?c=d&t=p-i5HivFu-sU0pGEi,https://s.lazada.com.my/s.ZdY0tn?c=d&t=p-i5HivFu-sU0pGEi
data_promo_list_07.xlsx,99,mideer Family Duet Karaoke Set,4579313883,TIDAK,API_ERROR,Kod API: InvalidApiPath - The specified API Path is invalid,⚠️ PERLU SEMAKAN (Ralat API),https://s.lazada.com.my/s.ZdY0to?c=c&t=p-i4zuKjL-sSByhu8,https://s.lazada.com.my/s.ZdY0to?c=c&t=p-i4zuKjL-sSByhu8
data_promo_list_07.xlsx,100,LEGO Icons 11370 Stranger Things: The Creel House (2593 Pieces),14871283026,TIDAK,API_ERROR,Kod API: InvalidApiPath - The specified API Path is invalid,⚠️ PERLU SEMAKAN (Ralat API),https://s.lazada.com.my/s.ZdY0tL?c=d&t=p-iGEQO3e-s2Ff1pGi,https://s.lazada.com.my/s.ZdY0tL?c=d&t=p-iGEQO3e-s2Ff1pGi
data_promo_list_07.xlsx,101,LEGO Icons 11376 Ford Model T (1060 Pieces),14838293048,TIDAK,API_ERROR,Kod API: InvalidApiPath - The specified API Path is invalid,⚠️ PERLU SEMAKAN (Ralat API),https://s.lazada.com.my/s.ZdY0tK?c=c&t=p-iGCBxrE-s2F9542F,https://s.lazada.com.my/s.ZdY0tK?c=c&t=p-iGCBxrE-s2F9542F
data_promo_list_07.xlsx,102,LEGO Editions Football 43015 Lionel Messi – Football Legend (958 Pieces),14899703382,TIDAK,API_ERROR,Kod API: InvalidApiPath - The specified API Path is invalid,⚠️ PERLU SEMAKAN (Ralat API),https://s.lazada.com.my/s.ZdY0tq?c=c&t=p-iGGLdUU-s2Fx7iGj,https://s.lazada.com.my/s.ZdY0tq?c=c&t=p-iGGLdUU-s2Fx7iGj
data_promo_list_07.xlsx,103,LEGO Technic 42172 McLaren P1 (3893 Pieces),4210786320,TIDAK,API_ERROR,Kod API: InvalidApiPath - The specified API Path is invalid,⚠️ PERLU SEMAKAN (Ralat API),https://s.lazada.com.my/s.ZdY0tr?c=c&t=p-i4ay1sO-sQ2hjn4,https://s.lazada.com.my/s.ZdY0tr?c=c&t=p-i4ay1sO-sQ2hjn4
data_promo_list_07.xlsx,104,LEGO Editions Football 43012 Cristiano Ronaldo – Football Highlights (490 Pieces),14899599460,TIDAK,API_ERROR,Kod API: InvalidApiPath - The specified API Path is invalid,⚠️ PERLU SEMAKAN (Ralat API),https://s.lazada.com.my/s.ZdY0tI?c=c&t=p-iGGLCSK-s2FxpnXu,https://s.lazada.com.my/s.ZdY0tI?c=c&t=p-iGGLCSK-s2FxpnXu
data_promo_list_07.xlsx,105,LEGO Botanicals 11501 Tulip Bouquet (576 Pieces),4799880607,TIDAK,API_ERROR,Kod API: InvalidApiPath - The specified API Path is invalid,⚠️ PERLU SEMAKAN (Ralat API),https://s.lazada.com.my/s.ZdY0ts?c=d&t=p-i5EpoD9-sTZ0kR4,https://s.lazada.com.my/s.ZdY0ts?c=d&t=p-i5EpoD9-sTZ0kR4
data_promo_list_07.xlsx,106,Rummikub Board Game Bring People Together Large Size Version Family Puzzle Educational Happy Board Game 2-4 Players Ages 8 Up,3442039743,TIDAK,API_ERROR,Kod API: InvalidApiPath - The specified API Path is invalid,⚠️ PERLU SEMAKAN (Ralat API),https://s.lazada.com.my/s.ZdY0GY?c=d&t=p-i3kwRm3-sKONjpI,https://s.lazada.com.my/s.ZdY0GY?c=d&t=p-i3kwRm3-sKONjpI
data_promo_list_07.xlsx,107,"Hape 8247 Wonderful Beech Block Set - 101 pcs, suitable for Toddler 12 month +",1489128523,TIDAK,API_ERROR,Kod API: InvalidApiPath - The specified API Path is invalid,⚠️ PERLU SEMAKAN (Ralat API),https://s.lazada.com.my/s.ZdY0G1?c=c&t=p-i1cmELz-s5MWDc7,https://s.lazada.com.my/s.ZdY0G1?c=c&t=p-i1cmELz-s5MWDc7
data_promo_list_07.xlsx,108,LEGO Editions Kylian Mbappe - Football Highlights 43013 *New Arrival * (#104776),14933778213,TIDAK,API_ERROR,Kod API: InvalidApiPath - The specified API Path is invalid,⚠️ PERLU SEMAKAN (Ralat API),https://s.lazada.com.my/s.ZdY0GX?c=c&t=p-iGIebuX-s2G5xPUa,https://s.lazada.com.my/s.ZdY0GX?c=c&t=p-iGIebuX-s2G5xPUa
data_promo_list_07.xlsx,109,Folding Mini Mahjong Table Set Portable Outdoor Camping Travel Puzzle Board Games Box and 144 Tiles,4824986106,TIDAK,API_ERROR,Kod API: InvalidApiPath - The specified API Path is invalid,⚠️ PERLU SEMAKAN (Ralat API),https://s.lazada.com.my/s.ZdY0G2?c=c&t=p-i5GX9IY-sTpJvfx,https://s.lazada.com.my/s.ZdY0G2?c=c&t=p-i5GX9IY-sTpJvfx
data_promo_list_07.xlsx,110,LEGO Editions Sports 43019 Football (1498 Pieces),14838265160,TIDAK,API_ERROR,Kod API: InvalidApiPath - The specified API Path is invalid,⚠️ PERLU SEMAKAN (Ralat API),https://s.lazada.com.my/s.ZdY0Gd?c=d&t=p-iGCBqbQ-s2F95BZh,https://s.lazada.com.my/s.ZdY0Gd?c=d&t=p-iGCBqbQ-s2F95BZh
data_promo_list_07.xlsx,111,"Hot Wheels Formula 1 5-Pack, Set Of 5 Die-Cast Toy F1 Cars in 1:64 Scale (JLN11)",4857449233,TIDAK,API_ERROR,Kod API: InvalidApiPath - The specified API Path is invalid,⚠️ PERLU SEMAKAN (Ralat API),https://s.lazada.com.my/s.ZdY0GW?c=d&t=p-i5IjMRN-sUBKsAS,https://s.lazada.com.my/s.ZdY0GW?c=d&t=p-i5IjMRN-sUBKsAS
data_promo_list_02.xlsx,2,"Bathroom & Kitchen Organizer, No Drill Installation, Space-Saving Wall Mop Holder, Sturdy Over Door Hooks, Multi-Functional, Brushes & Jewelry Storage, for Brooms",4769106471,TIDAK,API_ERROR,Kod API: InvalidApiPath - The specified API Path is invalid,⚠️ PERLU SEMAKAN (Ralat API),https://s.lazada.com.my/s.ZdbZQt?c=d&t=p-i5CkgS7-sTL6QTx,https://s.lazada.com.my/s.ZdbZQt?c=d&t=p-i5CkgS7-sTL6QTx
data_promo_list_02.xlsx,3,Lazy corner home  3000g x 0.1g + 2 Trays Electronic Kitchen Scale Weight Food Diet Postal Kitchen Scale Stainless Steel Food Portable Digital Kitchen Weighing Machine Scale Jewellery Scale Bakery Weighing Machine,4651776503,TIDAK,API_ERROR,Kod API: InvalidApiPath - The specified API Path is invalid,⚠️ PERLU SEMAKAN (Ralat API),https://s.lazada.com.my/s.ZdbZQG?c=c&t=p-i54oNZH-sSWIKvD,https://s.lazada.com.my/s.ZdbZQG?c=c&t=p-i54oNZH-sSWIKvD
data_promo_list_02.xlsx,4,Banbloy Shrimp Paste 200g - 100% Natural - Asian Cooking Sauce - Keto-Friendly - Food Staple - Groceries - Cooking Essentials - Condiments - Dressings - Pastes - Sauces,3060014825,TIDAK,API_ERROR,Kod API: InvalidApiPath - The specified API Path is invalid,⚠️ PERLU SEMAKAN (Ralat API),https://s.lazada.com.my/s.ZdbZQu?c=c&t=p-i3L5Vdp-s2GCjDsX,https://s.lazada.com.my/s.ZdbZQu?c=c&t=p-i3L5Vdp-s2GCjDsX
data_promo_list_02.xlsx,5,Simple student desktop stationery groceries folding storage box data cable power cord finishing box cable organizer,2967088276,TIDAK,API_ERROR,Kod API: InvalidApiPath - The specified API Path is invalid,⚠️ PERLU SEMAKAN (Ralat API),https://s.lazada.com.my/s.ZdbZQF?c=d&t=p-i3EnbCW-sNpmxvm,https://s.lazada.com.my/s.ZdbZQF?c=d&t=p-i3EnbCW-sNpmxvm
data_promo_list_02.xlsx,6,Fypo 5kg/1g Kitchen Scales with Tray  balance Cuisine Foods Measuring weighing Jewelry Medicine scales LED Measures electronic scales,1844286197,TIDAK,API_ERROR,Kod API: InvalidApiPath - The specified API Path is invalid,⚠️ PERLU SEMAKAN (Ralat API),https://s.lazada.com.my/s.ZdbZQv?c=d&t=p-i20oR5Z-s80xzY9,https://s.lazada.com.my/s.ZdbZQv?c=d&t=p-i20oR5Z-s80xzY9
data_promo_list_02.xlsx,7,JustLiving Multigrain Storage Tank 2500ml Food Storage Box Kitchen Clear with Cover Double-Grid Sealed Jar Food Grade Compartment Dry Goods Storage Transparent Sealed Cans Japanese-Style Rice Bin,3812295187,TIDAK,API_ERROR,Kod API: InvalidApiPath - The specified API Path is invalid,⚠️ PERLU SEMAKAN (Ralat API),https://s.lazada.com.my/s.ZdbZQE?c=c&t=p-i4A0083-sO6srog,https://s.lazada.com.my/s.ZdbZQE?c=c&t=p-i4A0083-sO6srog
data_promo_list_02.xlsx,8,(FREE BATTERY) WJS 200g 0.01g Mini Portable Scale Pocket Scale Digital Scale Jewellery Weighing Pocket Scale Travel Scale Kitchen Scale Weighing Tool [FREE RM50 VOUCHER],479506187,TIDAK,API_ERROR,Kod API: InvalidApiPath - The specified API Path is invalid,⚠️ PERLU SEMAKAN (Ralat API),https://s.lazada.com.my/s.ZdbZQD?c=c&t=p-iWRxSl-srvoT7,https://s.lazada.com.my/s.ZdbZQD?c=c&t=p-iWRxSl-srvoT7
data_promo_list_02.xlsx,9,Kitchen Spice Rack Container Organizer Wall Mounted Punch Free Seasoning Shelf Storage Kitchen Rak Dapur Untuk Letak Barang 調味料置物架| DaQueen,2446056716,TIDAK,API_ERROR,Kod API: InvalidApiPath - The specified API Path is invalid,⚠️ PERLU SEMAKAN (Ralat API),https://s.lazada.com.my/s.ZdbZQx?c=d&t=p-i2fXP5g-sBbl1nJ,https://s.lazada.com.my/s.ZdbZQx?c=d&t=p-i2fXP5g-sBbl1nJ
data_promo_list_02.xlsx,10,BEST SELLER Multipurpose Basket Holder CY-1055 Bathroom Toiletries Shampoo Shower Storage Kitchen Counter Bakul Serbaguna Bekas Bilik Air Syampu Sabun Bekas Barang Dapur,3431834864,TIDAK,API_ERROR,Kod API: InvalidApiPath - The specified API Path is invalid,⚠️ PERLU SEMAKAN (Ralat API),https://s.lazada.com.my/s.ZdbZQy?c=c&t=p-i3kFd1E-sKFkHYd,https://s.lazada.com.my/s.ZdbZQy?c=c&t=p-i3kFd1E-sKFkHYd
data_promo_list_02.xlsx,11,Z-Gadget⚡3KG Digital Kitchen Scale Penimbang Digital Scale Mini Pocket Jewelry Scale Cooking Food Scale Stainless Steel Digital Kitchen Scale High Accuracy Precision Weight Electronic Cooking Baking Food Penimbang Timbang,4299218200,TIDAK,API_ERROR,Kod API: InvalidApiPath - The specified API Path is invalid,⚠️ PERLU SEMAKAN (Ralat API),https://s.lazada.com.my/s.ZdbZQz?c=c&t=p-i4gx532-sQT1Flz,https://s.lazada.com.my/s.ZdbZQz?c=c&t=p-i4gx532-sQT1Flz
data_promo_list_02.xlsx,12,Miniature Vintage Retro Kitchen Items,4814187757,TIDAK,API_ERROR,Kod API: InvalidApiPath - The specified API Path is invalid,⚠️ PERLU SEMAKAN (Ralat API),https://s.lazada.com.my/s.ZdbZQA?c=d&t=p-i5Fnq9d-sTjkM9Z,https://s.lazada.com.my/s.ZdbZQA?c=d&t=p-i5Fnq9d-sTjkM9Z
data_promo_list_02.xlsx,13,【Top Picks】 100g 500g x 0.01g High Precision Digital Kitchen Scale Jewelry Gold Balance Weight Gram LCD Pocket Weighting Electronic Scales,14954844161,TIDAK,API_ERROR,Kod API: InvalidApiPath - The specified API Path is invalid,⚠️ PERLU SEMAKAN (Ralat API),https://s.lazada.com.my/s.ZdbZ9a?c=d&t=p-iGK507t-s2GD4WJv,https://s.lazada.com.my/s.ZdbZ9a?c=d&t=p-iGK507t-s2GD4WJv
data_promo_list_02.xlsx,14,AMKado Rak Penyimpanan Bergaya Moden Bakul Besi Iron Storage Basket Metal Container Kitchen Bathroom Organizer Multipurpose Rack Wooden Handle Durable Construction Space Saving Design Perfect For Toiletries Cosmetics Household Items 金属储物篮 AMK,4736984574,TIDAK,API_ERROR,Kod API: InvalidApiPath - The specified API Path is invalid,⚠️ PERLU SEMAKAN (Ralat API),https://s.lazada.com.my/s.ZdbZ9Z?c=c&t=p-i5AZu50-sT3zduK,https://s.lazada.com.my/s.ZdbZ9Z?c=c&t=p-i5AZu50-sT3zduK
data_promo_list_02.xlsx,15,【Free gift】3-4 Tiers Pot Rack Multi-Purpose kitchen cabinet organizer rack Under Sink Rack kitchen assessories rak dapur untuk letak barang,3125495888,TIDAK,API_ERROR,Kod API: InvalidApiPath - The specified API Path is invalid,⚠️ PERLU SEMAKAN (Ralat API),https://s.lazada.com.my/s.ZdbZ90?c=c&t=p-i3PWGG0-sNxbFgm,https://s.lazada.com.my/s.ZdbZ90?c=c&t=p-i3PWGG0-sNxbFgm
data_promo_list_02.xlsx,16,"Beg Tote Kanvas Wanita / Wednesday Frog MILF – Canvas Bag /Beg Sandangfor School, Gym, Shopping, Beach & Groceries CB97",14938497788,TIDAK,API_ERROR,Kod API: InvalidApiPath - The specified API Path is invalid,⚠️ PERLU SEMAKAN (Ralat API),https://s.lazada.com.my/s.ZdbZ9b?c=c&t=p-iGIyPgi-s2G8ihMD,https://s.lazada.com.my/s.ZdbZ9b?c=c&t=p-iGIyPgi-s2G8ihMD
data_promo_list_02.xlsx,17,"1pc Clear Plastic Seasoning Storage Box with Adjustable Divider | Versatile Kitchen Organizer for Spices, Snacks and Small Items",4743630556,TIDAK,API_ERROR,Kod API: InvalidApiPath - The specified API Path is invalid,⚠️ PERLU SEMAKAN (Ralat API),https://s.lazada.com.my/s.ZdbZ9Y?c=c&t=p-i5B1n0G-sT7m8kB,https://s.lazada.com.my/s.ZdbZ9Y?c=c&t=p-i5B1n0G-sT7m8kB
data_promo_list_02.xlsx,18,HALAL 100% PURE GINGER POWDER / SERBUK HALIA ASLI / NATURAL ORGANIC SPICE REMPAH SEASONING HERBS GROCERIES,2196280571,TIDAK,API_ERROR,Kod API: InvalidApiPath - The specified API Path is invalid,⚠️ PERLU SEMAKAN (Ralat API),https://s.lazada.com.my/s.ZdbZ91?c=c&t=p-i2OdMuB-sQP1Okx,https://s.lazada.com.my/s.ZdbZ91?c=c&t=p-i2OdMuB-sQP1Okx
data_promo_list_02.xlsx,19,Boxera Bakul Besi Berkualiti Tinggi Pemegang Kayu Iron Storage Basket Kitchen Bathroom Organizer Rack Metal Container Multifunctional Shelf Space Saving Solution Declutter Home Perfect For Toiletries Cosmetics Towels Household Items 铁艺网格收纳篮 ABS,4737007384,TIDAK,API_ERROR,Kod API: InvalidApiPath - The specified API Path is invalid,⚠️ PERLU SEMAKAN (Ralat API),https://s.lazada.com.my/s.ZdbZ9X?c=d&t=p-i5Aa00u-sT3yCmM,https://s.lazada.com.my/s.ZdbZ9X?c=d&t=p-i5Aa00u-sT3yCmM
data_promo_list_02.xlsx,20,HOT ITEM ‼️ (5KG) Electronic Digital Kitchen Scale Bowl Weighing Kitchen Tool,1435776263,TIDAK,API_ERROR,Kod API: InvalidApiPath - The specified API Path is invalid,⚠️ PERLU SEMAKAN (Ralat API),https://s.lazada.com.my/s.ZdbZ9W?c=d&t=p-i1ZAMzf-s2G9QdsI,https://s.lazada.com.my/s.ZdbZ9W?c=d&t=p-i1ZAMzf-s2G9QdsI
data_promo_list_02.xlsx,21,Multipurpose Storage Rack 2/3/4 Tiers/ Rak Barang Serbaguna / Rak Pelbagai Fungsi / Organizer Kitchen Rack / Rak Bawang,3188906265,TIDAK,API_ERROR,Kod API: InvalidApiPath - The specified API Path is invalid,⚠️ PERLU SEMAKAN (Ralat API),https://s.lazada.com.my/s.ZdbZ9e?c=c&t=p-i3ToKC1-sHdxvsO,https://s.lazada.com.my/s.ZdbZ9e?c=c&t=p-i3ToKC1-sHdxvsO
data_promo_list_02.xlsx,22,Rack Dapur Hook Towel Bar Kitchen Mounted Wall Spice Rak Rak Barang,14939110993,TIDAK,API_ERROR,Kod API: InvalidApiPath - The specified API Path is invalid,⚠️ PERLU SEMAKAN (Ralat API),https://s.lazada.com.my/s.ZdbZ94?c=d&t=p-iGJ0zD7-s2G8WrlO,https://s.lazada.com.my/s.ZdbZ94?c=d&t=p-iGJ0zD7-s2G8WrlO
data_promo_list_02.xlsx,23,Rack Dapur Hook Towel Bar Kitchen Spice Rak Wall Mounted Rak Barang,14946766008,TIDAK,API_ERROR,Kod API: InvalidApiPath - The specified API Path is invalid,⚠️ PERLU SEMAKAN (Ralat API),https://s.lazada.com.my/s.ZdbZ9f?c=d&t=p-iGJX6d6-s2GAsY1d,https://s.lazada.com.my/s.ZdbZ9f?c=d&t=p-iGJX6d6-s2GAsY1d
data_promo_list_02.xlsx,24,🔥 READY STOCK 🔥 Dried Peach pic kering asam dried fruits groceries snack food snek makanan buah,2450258808,TIDAK,API_ERROR,Kod API: InvalidApiPath - The specified API Path is invalid,⚠️ PERLU SEMAKAN (Ralat API),https://s.lazada.com.my/s.ZdbZ9U?c=c&t=p-i2fp2FM-sBoqHjb,https://s.lazada.com.my/s.ZdbZ9U?c=c&t=p-i2fp2FM-sBoqHjb
data_promo_list_02.xlsx,25,Dishwasher Basket For Small Items Accessories Cleaning Storage Box Kitchen Storage Small Tools18x18x2.3cm,14885776072,TIDAK,API_ERROR,Kod API: InvalidApiPath - The specified API Path is invalid,⚠️ PERLU SEMAKAN (Ralat API),https://s.lazada.com.my/s.ZdbZ9g?c=c&t=p-iGFPCMS-s2FqmSIw,https://s.lazada.com.my/s.ZdbZ9g?c=c&t=p-iGFPCMS-s2FqmSIw
data_promo_list_02.xlsx,26,New Cartoon Sanrio Hellokitty Storage Box Plastic PP Folding Combination Desktop Toy Simple Groceries Creative Box Gifts,14951729974,TIDAK,API_ERROR,Kod API: InvalidApiPath - The specified API Path is invalid,⚠️ PERLU SEMAKAN (Ralat API),https://s.lazada.com.my/s.ZdbZ9T?c=c&t=p-iGJrvz4-s2GCQbjI,https://s.lazada.com.my/s.ZdbZ9T?c=c&t=p-iGJrvz4-s2GCQbjI
data_promo_list_02.xlsx,27,Kaman | Home Organization Box for Snacks and Kitchen Items,14882894459,TIDAK,API_ERROR,Kod API: InvalidApiPath - The specified API Path is invalid,⚠️ PERLU SEMAKAN (Ralat API),https://s.lazada.com.my/s.ZdbZ96?c=d&t=p-iGFD6ip-s2FqLPbi,https://s.lazada.com.my/s.ZdbZ96?c=d&t=p-iGFD6ip-s2FqLPbi
data_promo_list_02.xlsx,28,iDECO™ Foldable Gym School Outing Camping Laundry Travelling Bag Big Capacity Heavy Duty Carry Clothes Groceries Easy Storing,4552296973,TIDAK,API_ERROR,Kod API: InvalidApiPath - The specified API Path is invalid,⚠️ PERLU SEMAKAN (Ralat API),https://s.lazada.com.my/s.ZdbZ9h?c=d&t=p-i4y4yOj-sS3pWbj,https://s.lazada.com.my/s.ZdbZ9h?c=d&t=p-i4y4yOj-sS3pWbj
data_promo_list_02.xlsx,29,500g x 0.01g High Precision Digital Pocket Scale Portable Mini Electronic Weight Balance Jewelry Diamond Kitchen Penimbang Digital Mini Jewelry Scale,438432518,TIDAK,API_ERROR,Kod API: InvalidApiPath - The specified API Path is invalid,⚠️ PERLU SEMAKAN (Ralat API),https://s.lazada.com.my/s.ZdbZ9S?c=d&t=p-iTfcKE-s1Njn8N,https://s.lazada.com.my/s.ZdbZ9S?c=d&t=p-iTfcKE-s1Njn8N
data_promo_list_02.xlsx,30,BABY'Z KEK LAPIS (20 FLAVOUR) - Assorted Flavors - Cake - Jelly & Pudding - Snacks & Confectionery - Groceries,4666018297,TIDAK,API_ERROR,Kod API: InvalidApiPath - The specified API Path is invalid,⚠️ PERLU SEMAKAN (Ralat API),https://s.lazada.com.my/s.ZdbZ9i?c=d&t=p-i55m8Vd-sSaWq14,https://s.lazada.com.my/s.ZdbZ9i?c=d&t=p-i55m8Vd-sSaWq14
data_promo_list_02.xlsx,31,King Best Quality Himalayan Salt 10 Pack Ready Stock Malaysia Groceries Food Staples Cooking Essentials Cooking Sauces Condiments Dressings Salt,14928197833,TIDAK,API_ERROR,Kod API: InvalidApiPath - The specified API Path is invalid,⚠️ PERLU SEMAKAN (Ralat API),https://s.lazada.com.my/s.ZdbZ9R?c=d&t=p-iGIHCCP-s2G4BQde,https://s.lazada.com.my/s.ZdbZ9R?c=d&t=p-iGIHCCP-s2G4BQde
data_promo_list_02.xlsx,32,Melaka Meet U Black & White 4 in 1 Coffee 12s x 38g - Strong Rich Coffee - 50 Years Old Factory - 15 Packs - Groceries Drinks Coffee 3-in-1 Coffee,448375834,TIDAK,API_ERROR,Kod API: InvalidApiPath - The specified API Path is invalid,⚠️ PERLU SEMAKAN (Ralat API),https://s.lazada.com.my/s.ZdbZ98?c=d&t=p-iULL2I-sjkug4,https://s.lazada.com.my/s.ZdbZ98?c=d&t=p-iULL2I-sjkug4
data_promo_list_02.xlsx,33,"Dried Olive Snack - Jin Lan Tiao 100g - 500g - Groceries > Snacks & Confectionery > Snacks > Dried Fruit, Nuts & Seeds",4504205623,TIDAK,API_ERROR,Kod API: InvalidApiPath - The specified API Path is invalid,⚠️ PERLU SEMAKAN (Ralat API),https://s.lazada.com.my/s.ZdbZ9j?c=c&t=p-i4upBdn-sRmIC0o,https://s.lazada.com.my/s.ZdbZ9j?c=c&t=p-i4upBdn-sRmIC0o
data_promo_list_02.xlsx,34,[ Mnzz ] Fresh Pomegranate Organic Fruits Spain Buah Delima Segar Organik Groceries Buahan 红石榴新鲜水果,2930208908,TIDAK,API_ERROR,Kod API: InvalidApiPath - The specified API Path is invalid,⚠️ PERLU SEMAKAN (Ralat API),https://s.lazada.com.my/s.ZdbZ99?c=d&t=p-i3CIrC0-sFZIzV4,https://s.lazada.com.my/s.ZdbZ99?c=d&t=p-i3CIrC0-sFZIzV4
data_promo_list_02.xlsx,35,Mini Digital Scale High Accuracy Jewelry Weight Pocket Scales 300g 0.01g/0.1g LCD Display Electronic Kitchen Scale,4801601316,TIDAK,API_ERROR,Kod API: InvalidApiPath - The specified API Path is invalid,⚠️ PERLU SEMAKAN (Ralat API),https://s.lazada.com.my/s.ZdbZ9k?c=c&t=p-i5Ex1qW-sTZQ2U6,https://s.lazada.com.my/s.ZdbZ9k?c=c&t=p-i5Ex1qW-sTZQ2U6
data_promo_list_02.xlsx,36,3000g x 0.1g Digital Kitchen Scale Cooking Food Scale Jewellery Scale Cooking Baking Food scale Stainless Steel Penimbang Timbang 电子厨房秤,4380529411,TIDAK,API_ERROR,Kod API: InvalidApiPath - The specified API Path is invalid,⚠️ PERLU SEMAKAN (Ralat API),https://s.lazada.com.my/s.ZdbZ9P?c=d&t=p-i4mSFoB-sQq7wWJ,https://s.lazada.com.my/s.ZdbZ9P?c=d&t=p-i4mSFoB-sQq7wWJ
data_promo_list_02.xlsx,37,"I know Kitchen multifunctional shelf, chopping board, pot cover, tableware storage box, multi compartment",3350117625,TIDAK,API_ERROR,Kod API: InvalidApiPath - The specified API Path is invalid,⚠️ PERLU SEMAKAN (Ralat API),https://s.lazada.com.my/s.ZdbZ9l?c=d&t=p-i3eikdF-sJd7adQ,https://s.lazada.com.my/s.ZdbZ9l?c=d&t=p-i3eikdF-sJd7adQ
data_promo_list_02.xlsx,38,【Free Shipping】1PCS Mini Kids Supermarket Shopping Cart Groceries Trolley Toys For Girls Kitchen Play House Game Fruits Vegetables Pretend Baby Toy,3774642193,TIDAK,API_ERROR,Kod API: InvalidApiPath - The specified API Path is invalid,⚠️ PERLU SEMAKAN (Ralat API),https://s.lazada.com.my/s.ZdbZ9O?c=d&t=p-i47S0rh-sNVp5bX,https://s.lazada.com.my/s.ZdbZ9O?c=d&t=p-i47S0rh-sNVp5bX
data_promo_list_02.xlsx,39,🐻DAILY2U🐻 Digital Kitchen Weighing Scale Stainless Steel Food Scale Baking Weighing Machine Penimbang Digital Scale Mini Pocket Jewelry Scale Cooking Food Scale Stainless Steel Digital Kitchen Scale High Accuracy Precision Weight Electronic Cooking Baki,4299282463,TIDAK,API_ERROR,Kod API: InvalidApiPath - The specified API Path is invalid,⚠️ PERLU SEMAKAN (Ralat API),https://s.lazada.com.my/s.ZdbZ9m?c=d&t=p-i4gxLlX-sQT3VmZ,https://s.lazada.com.my/s.ZdbZ9m?c=d&t=p-i4gxLlX-sQT3VmZ
data_promo_list_02.xlsx,40,New 0.01g High Precision Mini Scale 200G/100G Digital Scale Car Key Jewelry Weigher Kitchen Scales,1896834599,TIDAK,API_ERROR,Kod API: InvalidApiPath - The specified API Path is invalid,⚠️ PERLU SEMAKAN (Ralat API),https://s.lazada.com.my/s.ZdbZ9n?c=d&t=p-i24MvKR-s8J9Nd3,https://s.lazada.com.my/s.ZdbZ9n?c=d&t=p-i24MvKR-s8J9Nd3
data_promo_list_02.xlsx,41,💥 TRANSFORM 💥 Big Foldable Travel Laundry Gym  Bag Storing Clothes Groceries Large Space Portable Bring Anywhere,3414711350,TIDAK,API_ERROR,Kod API: InvalidApiPath - The specified API Path is invalid,⚠️ PERLU SEMAKAN (Ralat API),https://s.lazada.com.my/s.ZdbZ9M?c=c&t=p-i3j5mPW-sK4NoEY,https://s.lazada.com.my/s.ZdbZ9M?c=c&t=p-i3j5mPW-sK4NoEY
data_promo_list_02.xlsx,42,8Pcs Kitchen Cutlery Storage Tray Divide Drawer Storage Organizer Box Jewellery HolderMakeup Organization Divider Container Home Organizer,3041399124,TIDAK,API_ERROR,Kod API: InvalidApiPath - The specified API Path is invalid,⚠️ PERLU SEMAKAN (Ralat API),https://s.lazada.com.my/s.ZdbZ9K?c=d&t=p-i3JpOqa-sGULym5,https://s.lazada.com.my/s.ZdbZ9K?c=d&t=p-i3JpOqa-sGULym5
data_promo_list_02.xlsx,43,"Beg Tote Kanvas Wanita / CUTE CAT– Canvas Bag /Beg Sandangfor School, Gym, Shopping, Beach & Groceries CB56",14939482643,TIDAK,API_ERROR,Kod API: InvalidApiPath - The specified API Path is invalid,⚠️ PERLU SEMAKAN (Ralat API),https://s.lazada.com.my/s.ZdbZ9J?c=d&t=p-iGJ2XtT-s2G8iVRB,https://s.lazada.com.my/s.ZdbZ9J?c=d&t=p-iGJ2XtT-s2G8iVRB
data_promo_list_02.xlsx,44,[Deepavali Decorations]3D Peacock Carpet ruang tamu Floor Mat Living Room Kitchen Floor Mat with Design Entrance Door Mat carpet for bedroom Deepavali Decoration items Diwali Decorations Home Decor 地毯防滑吸水,3855238327,TIDAK,API_ERROR,Kod API: InvalidApiPath - The specified API Path is invalid,⚠️ PERLU SEMAKAN (Ralat API),https://s.lazada.com.my/s.ZdbZ9r?c=c&t=p-i4CuBbL-sOHoQEU,https://s.lazada.com.my/s.ZdbZ9r?c=c&t=p-i4CuBbL-sOHoQEU
data_promo_list_02.xlsx,45,"Bathroom & Kitchen Organizer, Sturdy Over Door Hooks, Space-Saving Wall Mop Holder, Multi-Functional, No Drill Installation, Jewelry Storage, Brushes & Brooms",4774881654,TIDAK,API_ERROR,Kod API: InvalidApiPath - The specified API Path is invalid,⚠️ PERLU SEMAKAN (Ralat API),https://s.lazada.com.my/s.ZdbZ9I?c=d&t=p-i5D8uqE-sTO4vga,https://s.lazada.com.my/s.ZdbZ9I?c=d&t=p-i5D8uqE-sTO4vga
data_promo_list_02.xlsx,46,Mini Electronic Food Scale Portable Digital Kitchen Weighing Machine Scale Jewellery,4448610426,TIDAK,API_ERROR,Kod API: InvalidApiPath - The specified API Path is invalid,⚠️ PERLU SEMAKAN (Ralat API),https://s.lazada.com.my/s.ZdbZ9s?c=c&t=p-i4r3un4-sRKalPl,https://s.lazada.com.my/s.ZdbZ9s?c=c&t=p-i4r3un4-sRKalPl
data_promo_list_02.xlsx,47,"Tamar Cocoa 450g Hot Chocolate Powder with Dates - Premium Cocoa with Dates - Ready to Drink - Groceries > Minuman > Coklat, Malt & Bijirin Panas > Hot Chocolate > Hot Chocolate Powder",4230891680,TIDAK,API_ERROR,Kod API: InvalidApiPath - The specified API Path is invalid,⚠️ PERLU SEMAKAN (Ralat API),https://s.lazada.com.my/s.ZdbZ9H?c=d&t=p-i4cKOCO-sQ9dAMz,https://s.lazada.com.my/s.ZdbZ9H?c=d&t=p-i4cKOCO-sQ9dAMz
data_promo_list_02.xlsx,48,"Beg Tote Kanvas Wanita / Nezuko Demon  – Canvas Bag /Beg Sandangfor School, Gym, Shopping, Beach & Groceries CB87",14939470654,TIDAK,API_ERROR,Kod API: InvalidApiPath - The specified API Path is invalid,⚠️ PERLU SEMAKAN (Ralat API),https://s.lazada.com.my/s.ZdbZ9t?c=d&t=p-iGJ2Um6-s2G7tEHg,https://s.lazada.com.my/s.ZdbZ9t?c=d&t=p-iGJ2Um6-s2G7tEHg
data_promo_list_02.xlsx,49,Portable Grocery Cart Folding Shopping Bag Hand Pull Trolley Home Use green handbag Buy groceries and get express delivery,4776509426,TIDAK,API_ERROR,Kod API: InvalidApiPath - The specified API Path is invalid,⚠️ PERLU SEMAKAN (Ralat API),https://s.lazada.com.my/s.ZdbZ9G?c=c&t=p-i5DFkIc-sTOZ3Be,https://s.lazada.com.my/s.ZdbZ9G?c=c&t=p-i5DFkIc-sTOZ3Be
data_promo_list_02.xlsx,50,I know refrigerator sticker storage box kitchen multi-functional sleeve sticker refrigerator magnet magnet magnet sticker,14875591555,TIDAK,API_ERROR,Kod API: InvalidApiPath - The specified API Path is invalid,⚠️ PERLU SEMAKAN (Ralat API),https://s.lazada.com.my/s.ZdbZ9F?c=c&t=p-iGEiSu3-s2Fj2X7R,https://s.lazada.com.my/s.ZdbZ9F?c=c&t=p-iGEiSu3-s2Fj2X7R
data_promo_list_02.xlsx,51,Rack Towel Hook Dapur Wall Kitchen Spice Rak Rak Barang,14932821397,TIDAK,API_ERROR,Kod API: InvalidApiPath - The specified API Path is invalid,⚠️ PERLU SEMAKAN (Ralat API),https://s.lazada.com.my/s.ZdbZ9E?c=d&t=p-iGIab01-s2G5t407,https://s.lazada.com.my/s.ZdbZ9E?c=d&t=p-iGIab01-s2G5t407
data_promo_list_02.xlsx,52,Ramadan Cookie Mold Set 10Pcs Castle Moon Camel Shape Biscuit Cutter Baking Tools Kitchen Accessories Barang Dapur,14861084105,TIDAK,API_ERROR,Kod API: InvalidApiPath - The specified API Path is invalid,⚠️ PERLU SEMAKAN (Ralat API),https://s.lazada.com.my/s.ZdbZ9w?c=c&t=p-iGDjaqv-s2FXazRc,https://s.lazada.com.my/s.ZdbZ9w?c=c&t=p-iGDjaqv-s2FXazRc
data_promo_list_02.xlsx,53,Libera Valley Musang King Durian Coffee 30g x15 sachets - Instant Coffee - 3-in-1 Durian Musang King - Groceries > Drinks > Coffee > Instant Coffee,14917420474,TIDAK,API_ERROR,Kod API: InvalidApiPath - The specified API Path is invalid,⚠️ PERLU SEMAKAN (Ralat API),https://s.lazada.com.my/s.ZdbZ9D?c=d&t=p-iGHXyW2-s2G1tvh4,https://s.lazada.com.my/s.ZdbZ9D?c=d&t=p-iGHXyW2-s2G1tvh4
data_promo_list_02.xlsx,54,"Bathroom & Kitchen Organizer, Sturdy Over Door Hooks, Space-Saving Wall Mop Holder, No Drill Installation, Multi-Functional, Brushes & Jewelry Storage, for Brooms",4777896649,TIDAK,API_ERROR,Kod API: InvalidApiPath - The specified API Path is invalid,⚠️ PERLU SEMAKAN (Ralat API),https://s.lazada.com.my/s.ZdbZ9C?c=c&t=p-i5DLZBB-sTPHtXW,https://s.lazada.com.my/s.ZdbZ9C?c=c&t=p-i5DLZBB-sTPHtXW
data_promo_list_02.xlsx,55,"Beg Tote Kanvas Wanita / Demon Slayer – Canvas Bag /Beg Sandangfor School, Gym, Shopping, Beach & Groceries CB85",14939464709,TIDAK,API_ERROR,Kod API: InvalidApiPath - The specified API Path is invalid,⚠️ PERLU SEMAKAN (Ralat API),https://s.lazada.com.my/s.ZdbZ9y?c=c&t=p-iGJ2TED-s2G7tGpF,https://s.lazada.com.my/s.ZdbZ9y?c=c&t=p-iGJ2TED-s2G7tGpF
data_promo_list_02.xlsx,56,"Space-Saving Wall Mop Holder - No Drill Easy Installation, Multi-Functional Bathroom & Kitchen Organizer, Heavy-Duty Over The Door Hooks for Brooms, Brushes, Cleaning Supplies & Jewelry Storage Rack",4764093407,TIDAK,API_ERROR,Kod API: InvalidApiPath - The specified API Path is invalid,⚠️ PERLU SEMAKAN (Ralat API),https://s.lazada.com.my/s.ZdbZ9z?c=d&t=p-i5CPeKF-sTIyymx,https://s.lazada.com.my/s.ZdbZ9z?c=d&t=p-i5CPeKF-sTIyymx
data_promo_list_02.xlsx,57,"HEI HWANG Organic Soya Bean Powder, NO sugar (400g) [HALAL] - Organic Groceries - Soya Bean Powder - 400g - No Sugar - Halal - Kait Lifestyle Store - Freshness Guarantee - 24H Service",579458711,TIDAK,API_ERROR,Kod API: InvalidApiPath - The specified API Path is invalid,⚠️ PERLU SEMAKAN (Ralat API),https://s.lazada.com.my/s.ZdbZka?c=c&t=p-idDLgF-s1GVxuH,https://s.lazada.com.my/s.ZdbZka?c=c&t=p-idDLgF-s1GVxuH
data_promo_list_02.xlsx,58,Rice Strainer With Handle Rice Wash Strainer Bowl With Lid Convenient Multifunctional Kitchen Items For Grain Beans High Quality,4857021187,TIDAK,API_ERROR,Kod API: InvalidApiPath - The specified API Path is invalid,⚠️ PERLU SEMAKAN (Ralat API),https://s.lazada.com.my/s.ZdbZkZ?c=c&t=p-i5IhZ5P-sUB5YgC,https://s.lazada.com.my/s.ZdbZkZ?c=c&t=p-i5IhZ5P-sUB5YgC
data_promo_list_02.xlsx,59,Tang Pineapple Flavoured Juice 375g - Vitamin C Source - 97 Calories - 16 Servings - Fruit Juice - Groceries Drinks Fruit & Vegetable Juices,4375763615,TIDAK,API_ERROR,Kod API: InvalidApiPath - The specified API Path is invalid,⚠️ PERLU SEMAKAN (Ralat API),https://s.lazada.com.my/s.ZdbZkb?c=c&t=p-i4m8G0V-sR6PTlZ,https://s.lazada.com.my/s.ZdbZkb?c=c&t=p-i4m8G0V-sR6PTlZ
data_promo_list_02.xlsx,60,Round Multipurpose Small Rack / Rak Barang Serbaguna Kecil (2/3/4 Tier) / Kitchen Rack / Rak Bawang / Rak Dapur Kecil,3175372849,TIDAK,API_ERROR,Kod API: InvalidApiPath - The specified API Path is invalid,⚠️ PERLU SEMAKAN (Ralat API),https://s.lazada.com.my/s.ZdbZkY?c=d&t=p-i3StXX7-sHXtJk7,https://s.lazada.com.my/s.ZdbZkY?c=d&t=p-i3StXX7-sHXtJk7
data_promo_list_02.xlsx,61,2000g/0.1g High Precision Digital Kitchen Scale Pocket Weight Jewelry Scales with 6 Measure Modes / Penimbang Dapur,14932550044,TIDAK,API_ERROR,Kod API: InvalidApiPath - The specified API Path is invalid,⚠️ PERLU SEMAKAN (Ralat API),https://s.lazada.com.my/s.ZdbZk1?c=d&t=p-iGIZSPM-s2G6OLHG,https://s.lazada.com.my/s.ZdbZk1?c=d&t=p-iGIZSPM-s2G6OLHG
data_promo_list_02.xlsx,62,"Korean style sleeveless lace apron, women's fashion, cotton vest, kitchen household items, breathable, oil-resistant, kitchen work clothes.",14941927916,TIDAK,API_ERROR,Kod API: InvalidApiPath - The specified API Path is invalid,⚠️ PERLU SEMAKAN (Ralat API),https://s.lazada.com.my/s.ZdbZkX?c=d&t=p-iGJCo1M-s2G9sGwW,https://s.lazada.com.my/s.ZdbZkX?c=d&t=p-iGJCo1M-s2G9sGwW
data_promo_list_02.xlsx,63,"MYSOORE DHAL - SAMBAR DHAL 1 KG, orange lentils, dried, food staple, cooking essential, groceries, dried goods.",478682615,TIDAK,API_ERROR,Kod API: InvalidApiPath - The specified API Path is invalid,⚠️ PERLU SEMAKAN (Ralat API),https://s.lazada.com.my/s.ZdbZk2?c=d&t=p-iWOVDL-srmdA7,https://s.lazada.com.my/s.ZdbZk2?c=d&t=p-iWOVDL-srmdA7
data_promo_list_02.xlsx,64,Stainless Steel Handheld Cheese Grater Multi-PurposeKitchen Food Graters For Chocolate Butter Fruit Vegetable Kitchen Items,4855023014,TIDAK,API_ERROR,Kod API: InvalidApiPath - The specified API Path is invalid,⚠️ PERLU SEMAKAN (Ralat API),https://s.lazada.com.my/s.ZdbZkW?c=d&t=p-i5IZBGo-sU8zDYO,https://s.lazada.com.my/s.ZdbZkW?c=d&t=p-i5IZBGo-sU8zDYO
data_promo_list_02.xlsx,65,Rack Dapur Hook Towel Bar Kitchen Spice Rack Wall Mounted Rak Barang,14938233590,TIDAK,API_ERROR,Kod API: InvalidApiPath - The specified API Path is invalid,⚠️ PERLU SEMAKAN (Ralat API),https://s.lazada.com.my/s.ZdbZkV?c=c&t=p-iGIxIxS-s2G7hwUY,https://s.lazada.com.my/s.ZdbZkV?c=c&t=p-iGIxIxS-s2G7hwUY
data_promo_list_02.xlsx,66,"Traditional Herbal Daun Jambu Kedah (BIAK) 200gram, Energy Herb, Fast Shipping 24 Hours, Groceries, Cooking Sauces Condiments Dressings, Herbs Spices.",4085561717,TIDAK,API_ERROR,Kod API: InvalidApiPath - The specified API Path is invalid,⚠️ PERLU SEMAKAN (Ralat API),https://s.lazada.com.my/s.ZdbZkf?c=d&t=p-i4SUbEj-sPGTVXJ,https://s.lazada.com.my/s.ZdbZkf?c=d&t=p-i4SUbEj-sPGTVXJ
data_promo_list_02.xlsx,67,Rack Dapur Hook Towel Bar Kitchen Spice Rak Wall Mounted Rak Barang,14942409306,TIDAK,API_ERROR,Kod API: InvalidApiPath - The specified API Path is invalid,⚠️ PERLU SEMAKAN (Ralat API),https://s.lazada.com.my/s.ZdbZkU?c=c&t=p-iGJEpFi-s2G9y52A,https://s.lazada.com.my/s.ZdbZkU?c=c&t=p-iGJEpFi-s2G9y52A
data_promo_list_02.xlsx,68,Eco-Friendly Portable Foldable Oxford Cloth Shopping Bag Large Size Canvas Bag for Groceries Handheld Retro Artistic Style,4231825197,TIDAK,API_ERROR,Kod API: InvalidApiPath - The specified API Path is invalid,⚠️ PERLU SEMAKAN (Ralat API),https://s.lazada.com.my/s.ZdbZk5?c=d&t=p-i4cOJ37-s2FZYJm2,https://s.lazada.com.my/s.ZdbZk5?c=d&t=p-i4cOJ37-s2FZYJm2
data_promo_list_02.xlsx,69,"Beg Tote Kanvas Wanita /  SUPER TEACHER  Canvas Bag /Beg Sandangfor School, Gym, Shopping, Beach & Groceries CB60 Tote Bags",14932676447,TIDAK,API_ERROR,Kod API: InvalidApiPath - The specified API Path is invalid,⚠️ PERLU SEMAKAN (Ralat API),https://s.lazada.com.my/s.ZdbZkg?c=d&t=p-iGIZzI7-s2G5d1gG,https://s.lazada.com.my/s.ZdbZkg?c=d&t=p-iGIZzI7-s2G5d1gG
data_promo_list_02.xlsx,70,Miniature Dollhouse Furniture Set Kitchen Scene Decoration Toys for Children Age 3-6 Wood Material Simulation Playhouse Items,4482003930,TIDAK,API_ERROR,Kod API: InvalidApiPath - The specified API Path is invalid,⚠️ PERLU SEMAKAN (Ralat API),https://s.lazada.com.my/s.ZdbZkT?c=c&t=p-i4tK1xy-sRcFNFT,https://s.lazada.com.my/s.ZdbZkT?c=c&t=p-i4tK1xy-sRcFNFT
data_promo_list_02.xlsx,71,TESLA MODEL 3 Front Trunk Hook For Bag and Groceries by YUINSWORKS 3D 082,4754275791,TIDAK,API_ERROR,Kod API: InvalidApiPath - The specified API Path is invalid,⚠️ PERLU SEMAKAN (Ralat API),https://s.lazada.com.my/s.ZdbZkS?c=d&t=p-i5BkSJb-sTD3ptA,https://s.lazada.com.my/s.ZdbZkS?c=d&t=p-i5BkSJb-sTD3ptA
data_promo_list_02.xlsx,72,"Peeled Quail Eggs – 50 Eggs, Groceries > Dairy Chilled & Eggs > Eggs, 50 count, pre-shelled, ready to use, suitable for salads and snacks.",14928348068,TIDAK,API_ERROR,Kod API: InvalidApiPath - The specified API Path is invalid,⚠️ PERLU SEMAKAN (Ralat API),https://s.lazada.com.my/s.ZdbZk7?c=c&t=p-iGIHpHY-s2G4sqnu,https://s.lazada.com.my/s.ZdbZk7?c=c&t=p-iGIHpHY-s2G4sqnu
data_promo_list_02.xlsx,73,RakanKu Pulley Storage Box with Wheels Pull Out Kitchen Spice Storage Rack Cabinet Organizer Kotak Barang Dapur 橱柜收纳盒,4690285267,TIDAK,API_ERROR,Kod API: InvalidApiPath - The specified API Path is invalid,⚠️ PERLU SEMAKAN (Ralat API),https://s.lazada.com.my/s.ZdbZki?c=d&t=p-i57PxSN-sShV4L9,https://s.lazada.com.my/s.ZdbZki?c=d&t=p-i57PxSN-sShV4L9
data_promo_list_02.xlsx,74,HOT ITEM ‼️ FELTON Kitchen Stocker KS 2236 1 Layer Stackable Storage Rack/Rak Dapur Boleh Lekat,1551690907,TIDAK,API_ERROR,Kod API: InvalidApiPath - The specified API Path is invalid,⚠️ PERLU SEMAKAN (Ralat API),https://s.lazada.com.my/s.ZdbZkj?c=d&t=p-i1h0jgh-s5gph8a,https://s.lazada.com.my/s.ZdbZkj?c=d&t=p-i1h0jgh-s5gph8a
data_promo_list_02.xlsx,75,5/6pcs/set Kitchen Items Pinkycolor Translucent Kitchen Mini Funnel Bar Wine Flask Funnels,14872726721,TIDAK,API_ERROR,Kod API: InvalidApiPath - The specified API Path is invalid,⚠️ PERLU SEMAKAN (Ralat API),https://s.lazada.com.my/s.ZdbZkQ?c=d&t=p-iGEWRd3-s2FgIXCX,https://s.lazada.com.my/s.ZdbZkQ?c=d&t=p-iGEWRd3-s2FgIXCX
data_promo_list_02.xlsx,76,TESLA MODEL 3 Rear Bonnet Hook For Bag and Groceries by YUINSWORKS 3D 081,4754179884,TIDAK,API_ERROR,Kod API: InvalidApiPath - The specified API Path is invalid,⚠️ PERLU SEMAKAN (Ralat API),https://s.lazada.com.my/s.ZdbZkk?c=d&t=p-i5Bk3Mi-sTD7ttt,https://s.lazada.com.my/s.ZdbZkk?c=d&t=p-i5Bk3Mi-sTD7ttt
data_promo_list_02.xlsx,77,Onetwone 5kg /1g Kitchen Scale with Bowl Digital LED Electronic Scale Baking Measure Tools Balance Jewelry Weight Measure Balance Food Scale Cooking Measure Tools Plastic,4114050168,TIDAK,API_ERROR,Kod API: InvalidApiPath - The specified API Path is invalid,⚠️ PERLU SEMAKAN (Ralat API),https://s.lazada.com.my/s.ZdbZkO?c=c&t=p-i4UQ8Ns-sPQY8Rv,https://s.lazada.com.my/s.ZdbZkO?c=c&t=p-i4UQ8Ns-sPQY8Rv
data_promo_list_02.xlsx,78,Expandable Drawer Storage Box Kitchen Utensils Cabinet Organizer Home Cosmetic Miscellaneous Items Storage Grids New Model,14891929199,TIDAK,API_ERROR,Kod API: InvalidApiPath - The specified API Path is invalid,⚠️ PERLU SEMAKAN (Ralat API),https://s.lazada.com.my/s.ZdbZkm?c=d&t=p-iGFp14R-s2Fv4B3G,https://s.lazada.com.my/s.ZdbZkm?c=d&t=p-iGFp14R-s2Fv4B3G
data_promo_list_02.xlsx,79,"Beg Tote Kanvas Wanita /  Helping Me Grow  – Canvas Bag /Beg Sandangfor School, Gym, Shopping, Beach & Groceries CB111",14939524361,TIDAK,API_ERROR,Kod API: InvalidApiPath - The specified API Path is invalid,⚠️ PERLU SEMAKAN (Ralat API),https://s.lazada.com.my/s.ZdbZkL?c=d&t=p-iGJ2ikL-s2G7srMK,https://s.lazada.com.my/s.ZdbZkL?c=d&t=p-iGJ2ikL-s2G7srMK
data_promo_list_02.xlsx,80,Creative Home Home Kitchen Products Utensils Small Supplies Household Complete Collection of Practical Daily Necessities Small Items Storage,3391954404,TIDAK,API_ERROR,Kod API: InvalidApiPath - The specified API Path is invalid,⚠️ PERLU SEMAKAN (Ralat API),https://s.lazada.com.my/s.ZdbZkK?c=c&t=p-i3hYII0-sJts8Sy,https://s.lazada.com.my/s.ZdbZkK?c=c&t=p-i3hYII0-sJts8Sy
data_promo_list_02.xlsx,81,"Beg Tote Kanvas Wanita / Blue Lock – Canvas Bag /Beg Sandangfor School, Gym, Shopping, Beach & Groceries CB84",14938471938,TIDAK,API_ERROR,Kod API: InvalidApiPath - The specified API Path is invalid,⚠️ PERLU SEMAKAN (Ralat API),https://s.lazada.com.my/s.ZdbZkJ?c=c&t=p-iGIyIxm-s2G8iMi4,https://s.lazada.com.my/s.ZdbZkJ?c=c&t=p-iGIyIxm-s2G8iMi4
data_promo_list_02.xlsx,82,Ergonomic Hand Comfortable Carry Device for Groceries,14965436755,TIDAK,API_ERROR,Kod API: InvalidApiPath - The specified API Path is invalid,⚠️ PERLU SEMAKAN (Ralat API),https://s.lazada.com.my/s.ZdbZkr?c=c&t=p-iGKnRkB-s2GF3i2m,https://s.lazada.com.my/s.ZdbZkr?c=c&t=p-iGKnRkB-s2GF3i2m
data_promo_list_02.xlsx,83,With Pocket Oilproof Women Restaurant Kitchen Accessories Chef Cleaning Tool Burp Cloth Bib Denim Apron kitchen wares and utensils,1792736172,TIDAK,API_ERROR,Kod API: InvalidApiPath - The specified API Path is invalid,⚠️ PERLU SEMAKAN (Ralat API),https://s.lazada.com.my/s.ZdbZks?c=d&t=p-i1xK8ZY-s7iFBa1,https://s.lazada.com.my/s.ZdbZks?c=d&t=p-i1xK8ZY-s7iFBa1
data_promo_list_02.xlsx,84,"Mop Holder Wall Space-Saving, Organizer Kitchen & Bathroom Multi-Functional, Sturdy Jewelry Brooms Hooks Over Door, No Drill Installation",4778616477,TIDAK,API_ERROR,Kod API: InvalidApiPath - The specified API Path is invalid,⚠️ PERLU SEMAKAN (Ralat API),https://s.lazada.com.my/s.ZdbZkG?c=c&t=p-i5DOaRJ-sTPYaj5,https://s.lazada.com.my/s.ZdbZkG?c=c&t=p-i5DOaRJ-sTPYaj5
data_promo_list_02.xlsx,85,Kopibabies Blink 15 in 1 Ready Stock - Lyaz Beauty Care Coffee - 0% Coffee - Putih Gebu Bertenaga - Groceries > Drinks > Coffee > 3-in-1 Coffee,4479844197,TIDAK,API_ERROR,Kod API: InvalidApiPath - The specified API Path is invalid,⚠️ PERLU SEMAKAN (Ralat API),https://s.lazada.com.my/s.ZdbZkv?c=c&t=p-i4tAy7Z-sRalZZN,https://s.lazada.com.my/s.ZdbZkv?c=c&t=p-i4tAy7Z-sRalZZN
data_promo_list_02.xlsx,86,🔥 HARGA BORONG 🔥 Fruits Jelly Sweet And Sour groceries snack snek makanan gula gula jajan coklat candy masam manis Mnzz,2455263995,TIDAK,API_ERROR,Kod API: InvalidApiPath - The specified API Path is invalid,⚠️ PERLU SEMAKAN (Ralat API),https://s.lazada.com.my/s.ZdbZkw?c=c&t=p-i2gA2KB-sBfaAid,https://s.lazada.com.my/s.ZdbZkw?c=c&t=p-i2gA2KB-sBfaAid
data_promo_list_02.xlsx,87,Yieryi Jewelry Mini Stainless Steel Electronic Scale Digital Pocket Scale Gold Gram Balance Weight Scale Portable Pocket Scale,2431534128,TIDAK,API_ERROR,Kod API: InvalidApiPath - The specified API Path is invalid,⚠️ PERLU SEMAKAN (Ralat API),https://s.lazada.com.my/s.ZdbZkx?c=d&t=p-i2eYT6O-sKCn08X,https://s.lazada.com.my/s.ZdbZkx?c=d&t=p-i2eYT6O-sKCn08X
data_promo_list_02.xlsx,88,[L&L] Multipurpose Stackable Plastic Storage Kitchen Wardrobe Box Organizer Rectangle Basket Bathroom Basket - Bekas Plastik Segi Empat Simpan Barang Dapur / Bilik Air,2787655523,TIDAK,API_ERROR,Kod API: InvalidApiPath - The specified API Path is invalid,⚠️ PERLU SEMAKAN (Ralat API),https://s.lazada.com.my/s.ZdbZkC?c=d&t=p-i32eiXr-s2G3jYMJ,https://s.lazada.com.my/s.ZdbZkC?c=d&t=p-i32eiXr-s2G3jYMJ
data_promo_list_02.xlsx,89,IDealHouse Store【Fast Delivery】Poatable Storage Box With Handle Thickened Cosmetics Jewelry Storage Basket Bathroom Kitchen Desktop Organizer,3887582771,TIDAK,API_ERROR,Kod API: InvalidApiPath - The specified API Path is invalid,⚠️ PERLU SEMAKAN (Ralat API),https://s.lazada.com.my/s.ZdbZkB?c=d&t=p-i4F5trv-sOYDyNG,https://s.lazada.com.my/s.ZdbZkB?c=d&t=p-i4F5trv-sOYDyNG
data_promo_list_02.xlsx,90,"CHINGU WEAR Bobdog Canvas Tote Bag with Cute Cartoon Character Design - For Groceries, Tuition",4763299179,TIDAK,API_ERROR,Kod API: InvalidApiPath - The specified API Path is invalid,⚠️ PERLU SEMAKAN (Ralat API),https://s.lazada.com.my/s.ZdbZkz?c=c&t=p-i5CMJi7-sTIE1US,https://s.lazada.com.my/s.ZdbZkz?c=c&t=p-i5CMJi7-sTIE1US
data_promo_list_02.xlsx,91,New 0.01g High Precision Mini Scale 200G/100G Digital Scale Car Key Jewelry Weigher Kitchen Scales,3338265405,TIDAK,API_ERROR,Kod API: InvalidApiPath - The specified API Path is invalid,⚠️ PERLU SEMAKAN (Ralat API),https://s.lazada.com.my/s.ZdbZkA?c=c&t=p-i3dv1KP-sJXvG2W,https://s.lazada.com.my/s.ZdbZkA?c=c&t=p-i3dv1KP-sJXvG2W
data_promo_list_02.xlsx,92,Kitchen Sink Cabinet Tidy Organizer Plastic Drawer Storage Box,14841609947,TIDAK,API_ERROR,Kod API: InvalidApiPath - The specified API Path is invalid,⚠️ PERLU SEMAKAN (Ralat API),https://s.lazada.com.my/s.ZdbZPZ?c=c&t=p-iGCPsjb-s2FB59oE,https://s.lazada.com.my/s.ZdbZPZ?c=c&t=p-iGCPsjb-s2FB59oE
data_promo_list_02.xlsx,93,【New-store】 Creative Pearl Camellia Flower Car Hook Auto Headrest Seat Back Storage Hooks Organizer Hanger For Groceries Handbag For Women,4089319708,TIDAK,API_ERROR,Kod API: InvalidApiPath - The specified API Path is invalid,⚠️ PERLU SEMAKAN (Ralat API),https://s.lazada.com.my/s.ZdbZPb?c=c&t=p-i4SkMrU-sPHqfPF,https://s.lazada.com.my/s.ZdbZPb?c=c&t=p-i4SkMrU-sPHqfPF
data_promo_list_02.xlsx,94,Vegetable Colander Water Drain Basket Press Vegetable Dehydrator Salad Spinner Rotary Dehydrated Machine Barang Dapur,4675031019,TIDAK,API_ERROR,Kod API: InvalidApiPath - The specified API Path is invalid,⚠️ PERLU SEMAKAN (Ralat API),https://s.lazada.com.my/s.ZdbZPY?c=c&t=p-i56Nx87-sSdTLp9,https://s.lazada.com.my/s.ZdbZPY?c=c&t=p-i56Nx87-sSdTLp9
data_promo_list_02.xlsx,95,Digital Kitchen Scale Food scale Mini Pocket Jewelry Scale Cooking Food Scale BackLit LCD Display  2 Trays,4288326160,TIDAK,API_ERROR,Kod API: InvalidApiPath - The specified API Path is invalid,⚠️ PERLU SEMAKAN (Ralat API),https://s.lazada.com.my/s.ZdbZP1?c=d&t=p-i4gDNWy-sQR3Xml,https://s.lazada.com.my/s.ZdbZP1?c=d&t=p-i4gDNWy-sQR3Xml
data_promo_list_02.xlsx,96,Plastic Storage Box Kitchen Clothes Organizer Covered Closet Dormitory Miscellaneous Items Basket Adult Artistic Style Handheld,14853938598,TIDAK,API_ERROR,Kod API: InvalidApiPath - The specified API Path is invalid,⚠️ PERLU SEMAKAN (Ralat API),https://s.lazada.com.my/s.ZdbZPX?c=d&t=p-iGDFbyo-s2FQ6Y0A,https://s.lazada.com.my/s.ZdbZPX?c=d&t=p-iGDFbyo-s2FQ6Y0A
data_promo_list_02.xlsx,97,Round Multipurpose Small Rack / Rak Barang Serbaguna Kecil (2/3/4 Tier) / Kitchen Rack / Rak Bawang / Rak Dapur Kecil,3175549462,TIDAK,API_ERROR,Kod API: InvalidApiPath - The specified API Path is invalid,⚠️ PERLU SEMAKAN (Ralat API),https://s.lazada.com.my/s.ZdbZP2?c=d&t=p-i3SuHTi-sHXu0r4,https://s.lazada.com.my/s.ZdbZP2?c=d&t=p-i3SuHTi-sHXu0r4
data_promo_list_02.xlsx,98,Lcd Digital Kitchen Scale High Accuracy Electronic Kitchen Cooking Food Weight Baking Jewelry Penimbang Timbang,4469158900,TIDAK,API_ERROR,Kod API: InvalidApiPath - The specified API Path is invalid,⚠️ PERLU SEMAKAN (Ralat API),https://s.lazada.com.my/s.ZdbZPd?c=d&t=p-i4sS8O4-sRUaHPa,https://s.lazada.com.my/s.ZdbZPd?c=d&t=p-i4sS8O4-sRUaHPa
data_promo_list_02.xlsx,99,NCNC(okdeals01) rak letak barang dapur Single Layer Iron Kitchen Storage Rack Drying Hollow Seasoning Bottles Shelves Home Accessories Draining Kitchen,4004785038,TIDAK,API_ERROR,Kod API: InvalidApiPath - The specified API Path is invalid,⚠️ PERLU SEMAKAN (Ralat API),https://s.lazada.com.my/s.ZdbZPe?c=c&t=p-i4N1fX4-sOte7Qb,https://s.lazada.com.my/s.ZdbZPe?c=c&t=p-i4N1fX4-sOte7Qb
data_promo_list_02.xlsx,100,"Beg Tote Kanvas Wanita / Alphabet Floral – Canvas Bag /Beg Sandangfor School, Gym, Shopping, Beach & Groceries CB72",14938479837,TIDAK,API_ERROR,Kod API: InvalidApiPath - The specified API Path is invalid,⚠️ PERLU SEMAKAN (Ralat API),https://s.lazada.com.my/s.ZdbZPf?c=c&t=p-iGIyL1B-s2G8iYYY,https://s.lazada.com.my/s.ZdbZPf?c=c&t=p-iGIyL1B-s2G8iYYY
data_promo_list_02.xlsx,101,Halal Kee Chang Plain Red Bean Set of 6 pcs - Instant Ready to Eat - Food Staples & Cooking Essentials - Groceries,4458531598,TIDAK,API_ERROR,Kod API: InvalidApiPath - The specified API Path is invalid,⚠️ PERLU SEMAKAN (Ralat API),https://s.lazada.com.my/s.ZdbZPU?c=c&t=p-i4rjXjy-sSQHZHe,https://s.lazada.com.my/s.ZdbZPU?c=c&t=p-i4rjXjy-sSQHZHe
data_promo_list_02.xlsx,102,Trolley Rack Multifunctional  Storage Trolley Kitchen Rack With Wheel Troli Barang Trolly Trolley Rak-Troli Rak Dapur 置物架/儲物架,4235451334,TIDAK,API_ERROR,Kod API: InvalidApiPath - The specified API Path is invalid,⚠️ PERLU SEMAKAN (Ralat API),https://s.lazada.com.my/s.ZdbZPg?c=c&t=p-i4cdWNC-sQAkIbf,https://s.lazada.com.my/s.ZdbZPg?c=c&t=p-i4cdWNC-sQAkIbf
data_promo_list_02.xlsx,103,HOMS 304 Stainless Steel Small Bowl Triple Layer Noodle Bowl Kids Kitchenware Mangkuk Budak Barang Dapur Bekas Makanan,3481401304,TIDAK,API_ERROR,Kod API: InvalidApiPath - The specified API Path is invalid,⚠️ PERLU SEMAKAN (Ralat API),https://s.lazada.com.my/s.ZdbZPT?c=d&t=p-i3nbbVw-sKmz4f0,https://s.lazada.com.my/s.ZdbZPT?c=d&t=p-i3nbbVw-sKmz4f0
data_promo_list_02.xlsx,104,"KIPRUN Digital Kitchen Scale, 0.01g /1000g Jewelry Scale, Electronic Smart Scale 7 Units LCD Display",4300546199,TIDAK,API_ERROR,Kod API: InvalidApiPath - The specified API Path is invalid,⚠️ PERLU SEMAKAN (Ralat API),https://s.lazada.com.my/s.ZdbZP6?c=d&t=p-i4h2eWN-sQTKV7D,https://s.lazada.com.my/s.ZdbZP6?c=d&t=p-i4h2eWN-sQTKV7D
data_promo_list_02.xlsx,105,"Beg Tote Kanvas Wanita / Best Teacher – Canvas Bag /Beg Sandangfor School, Gym, Shopping, Beach & Groceries CB101 Tote Bags",14932079228,TIDAK,API_ERROR,Kod API: InvalidApiPath - The specified API Path is invalid,⚠️ PERLU SEMAKAN (Ralat API),https://s.lazada.com.my/s.ZdbZPh?c=d&t=p-iGIXTvY-s2G5d1fr,https://s.lazada.com.my/s.ZdbZPh?c=d&t=p-iGIXTvY-s2G5d1fr
data_promo_list_02.xlsx,106,"Kitchen garbage bag storage magic tool, wall-mounted large-capacity storage bag, plastic bag organizer with Velcro mesh pocket",14960332733,TIDAK,API_ERROR,Kod API: InvalidApiPath - The specified API Path is invalid,⚠️ PERLU SEMAKAN (Ralat API),https://s.lazada.com.my/s.ZdbZPS?c=d&t=p-iGKS1xF-s2GDhYyy,https://s.lazada.com.my/s.ZdbZPS?c=d&t=p-iGKS1xF-s2GDhYyy
data_promo_list_02.xlsx,107,Fypo 5kg/1g Kitchen Scales with Tray balance Cuisine Foods Measuring tool baking measure weighing Jewelry Medicine scales LED Measures electronic scales,4162660029,TIDAK,API_ERROR,Kod API: InvalidApiPath - The specified API Path is invalid,⚠️ PERLU SEMAKAN (Ralat API),https://s.lazada.com.my/s.ZdbZP7?c=c&t=p-i4Xi61t-sPkrSWO,https://s.lazada.com.my/s.ZdbZP7?c=c&t=p-i4Xi61t-sPkrSWO
data_promo_list_02.xlsx,108,MLADEN 0.01g Precision Jewelry Scale Mini Portable Electronic Scale Home Kitchen Baking Tea Jewelry Weighing,14877221675,TIDAK,API_ERROR,Kod API: InvalidApiPath - The specified API Path is invalid,⚠️ PERLU SEMAKAN (Ralat API),https://s.lazada.com.my/s.ZdbZPi?c=c&t=p-iGEpIyJ-s2FkLGjd,https://s.lazada.com.my/s.ZdbZPi?c=c&t=p-iGEpIyJ-s2FkLGjd
data_promo_list_02.xlsx,109,"Space-Saving Wall Mop Holder - No Drill Easy Installation, Multi-Functional Bathroom & Kitchen Organizer, Heavy-Duty Over The Door Hooks for Brooms, Brushes, Cleaning Supplies & Jewelry Storage Rack",4764158331,TIDAK,API_ERROR,Kod API: InvalidApiPath - The specified API Path is invalid,⚠️ PERLU SEMAKAN (Ralat API),https://s.lazada.com.my/s.ZdbZPR?c=d&t=p-i5CPvDP-sTIy7FV,https://s.lazada.com.my/s.ZdbZPR?c=d&t=p-i5CPvDP-sTIy7FV
data_promo_list_02.xlsx,110,(HALAL) 100% PURE GINGER POWDER / SERBUK HALIA ASLI / 500g  NATURAL ORGANIC SPICE REMPAH SEASONING HERBS GROCERIES,2196592937,TIDAK,API_ERROR,Kod API: InvalidApiPath - The specified API Path is invalid,⚠️ PERLU SEMAKAN (Ralat API),https://s.lazada.com.my/s.ZdbZP8?c=d&t=p-i2OegAL-sA4dvtH,https://s.lazada.com.my/s.ZdbZP8?c=d&t=p-i2OegAL-sA4dvtH
data_promo_list_02.xlsx,111,[ Buy 5 FREE 1 ] Dried Strawberry Cameron Highland strawberi kering masam manis asam fruits groceries snacks snek makanan,2611107092,TIDAK,API_ERROR,Kod API: InvalidApiPath - The specified API Path is invalid,⚠️ PERLU SEMAKAN (Ralat API),https://s.lazada.com.my/s.ZdbZPj?c=c&t=p-i2qhwEW-sNs9Cwe,https://s.lazada.com.my/s.ZdbZPj?c=c&t=p-i2qhwEW-sNs9Cwe
